paper_id,title,year,venue,official_track,in_active_corpus,abstract_reviewed,abstract_sha256,abstract,official_page,survey_role,survey_topics,survey_core_decision,survey_reason,advisor_role,advisor_topics,advisor_core_decision,advisor_reason,reading_status,needs_pdf_check,evidence_basis,pdf_boundary_check,pdf_boundary_finding
CVPR2024-0453,3D Feature Tracking via Event Camera,2024,CVPR,,yes,yes,7df817b9ad98d8d95191bb99198a89a31c829663daedb791173c71301bf0ee9c,This paper presents the first 3D feature tracking method with the corresponding dataset. Our proposed method takes event streams from stereo event cameras as input to predict 3D trajectories of the target features with high-speed motion. To achieve this our method leverages a joint framework to predict the 2D feature motion offsets and the 3D feature spatial position simultaneously. A motion compensation module is leveraged to overcome the feature deformation. A patch matching module based on bi-polarity hypergraph modeling is proposed to robustly estimate the feature spatial position. Meanwhile we collect the first 3D feature tracking dataset with high-speed moving objects and ground truth 3D feature trajectories at 250 FPS named E-3DTrack which can be used as the first high-speed 3D feature tracking benchmark. Our code and dataset could be found at: https://github.com/lisiqi19971013/E-3DTrack.,https://openaccess.thecvf.com/content/CVPR2024/html/Li_3D_Feature_Tracking_via_Event_Camera_CVPR_2024_paper.html,background,tracking;datasets_benchmarks,reference,"Event-camera 3D feature tracking and E-3DTrack can contextualize tracking tasks and non-SNN baselines, but the method contains no spiking computation.",exclude,,exclude,"The stereo tracking and hypergraph solver do not connect materially to SECNet's Event Cloud, scalable backbone, frequency, or SNN/hybrid method chain.",retained_reference,no,Codex semantic review of complete title + complete official abstract,not_needed,
CVPR2024-1880,A Simple and Effective Point-based Network for Event Camera 6-DOFs Pose Relocalization,2024,CVPR,,yes,yes,53b0dcc202c2baf43884af3af635608b8310d14a37aa410eccc127b9053a6010,Event cameras exhibit remarkable attributes such as high dynamic range asynchronicity and low latency making them highly suitable for vision tasks that involve high-speed motion in challenging lighting conditions. These cameras implicitly capture movement and depth information in events making them appealing sensors for Camera Pose Relocalization (CPR) tasks. Nevertheless existing CPR networks based on events neglect the pivotal fine-grained temporal information in events resulting in unsatisfactory performance. Moreover the energy-efficient features are further compromised by the use of excessively complex models hindering efficient deployment on edge devices. In this paper we introduce PEPNet a simple and effective point-based network designed to regress six degrees of freedom (6-DOFs) event camera poses. We rethink the relationship between the event camera and CPR tasks leveraging the raw Point Cloud directly as network input to harness the high-temporal resolution and inherent sparsity of events. PEPNet is adept at abstracting the spatial and implicit temporal features through hierarchical structure and explicit temporal features by Attentive Bi-directional Long Short-Term Memory (A-Bi-LSTM). By employing a carefully crafted lightweight design PEPNet delivers state-of-the-art (SOTA) performance on both indoor and outdoor datasets with meager computational resources. Specifically PEPNet attains a significant 38% and 33% performance improvement on the random split IJRR and M3ED datasets respectively. Moreover the lightweight design version PEPNet_ tiny accomplishes results comparable to the SOTA while employing a mere 0.5% of the parameters.,https://openaccess.thecvf.com/content/CVPR2024/html/Ren_A_Simple_and_Effective_Point-based_Network_for_Event_Camera_6-DOFs_CVPR_2024_paper.html,background,representation_slicing;pose_depth_segmentation;efficiency_hardware,core,"PEPNet is a non-spiking point/Event Cloud baseline that clarifies direct sparse-event input, temporal modeling, and lightweight comparison for SNN-event methods.",method_chain,event_cloud_point;grouping_sampling;scalability_efficiency;task_generalization,required,This advisor-group PEPNet paper is a direct predecessor in point-based Event Cloud processing and lightweight temporal modeling relevant to SECNet and its TPAMI extension.,survey_core;advisor_required,no,Codex semantic review of complete title + complete official abstract,not_needed,
CVPR2024-2231,An N-Point Linear Solver for Line and Motion Estimation with Event Cameras,2024,CVPR,,no,yes,3d002b7e42b6918891c69986fd5e57cf95d6a3c126d8524669aff0b9008f07b6,Event cameras respond primarily to edges---formed by strong gradients---and are thus particularly well-suited for line-based motion estimation. Recent work has shown that events generated by a single line each satisfy a polynomial constraint which describes a manifold in the space-time volume. Multiple such constraints can be solved simultaneously to recover the partial linear velocity and line parameters. In this work we show that with a suitable line parametrization this system of constraints is actually linear in the unknowns which allows us to design a novel linear solver. Unlike existing solvers our linear solver (i) is fast and numerically stable since it does not rely on expensive root finding (ii) can solve both minimal and overdetermined systems with more than 5 events and (iii) admits the characterization of all degenerate cases and multiple solutions. The found line parameters are singularity-free and have a fixed scale which eliminates the need for auxiliary constraints typically encountered in previous work. To recover the full linear camera velocity we fuse observations from multiple lines with a novel velocity averaging scheme that relies on a geometrically-motivated residual and thus solves the problem more efficiently than previous schemes which minimize an algebraic residual. Extensive experiments in synthetic and real-world settings demonstrate that our method surpasses the previous work in numerical stability and operates over 600 times faster.,https://openaccess.thecvf.com/content/CVPR2024/html/Gao_An_N-Point_Linear_Solver_for_Line_and_Motion_Estimation_with_CVPR_2024_paper.html,exclude,,exclude,The paper is a geometric linear solver for event-camera line and motion estimation and contributes no SNN mechanism or necessary integration background.,exclude,,exclude,Its polynomial constraints and velocity solver are outside the advisor method chain centered on learned Event Cloud representations and scalable neural architectures.,excluded_from_active_corpus,no,Codex semantic review of complete title + complete official abstract,not_needed,
CVPR2024-2342,Are Conventional SNNs Really Efficient? A Perspective from Network Quantization,2024,CVPR,,yes,yes,94e638e8678a398ba3ca48ef039f37ea60f19fd4adf3fda5349f3e5037af6a66,"Spiking Neural Networks (SNNs) have been widely praised for their high energy efficiency and immense potential. However comprehensive research that critically contrasts and correlates SNNs with quantized Artificial Neural Networks (ANNs) remains scant often leading to skewed comparisons lacking fairness towards ANNs. This paper introduces a unified perspective illustrating that the time steps in SNNs and quantized bit-widths of activation values present analogous representations. Building on this we present a more pragmatic and rational approach to estimating the energy consumption of SNNs. Diverging from the conventional Synaptic Operations (SynOps) we champion the ""Bit Budget"" concept. This notion permits an intricate discourse on strategically allocating computational and storage resources between weights activation values and temporal steps under stringent hardware constraints. Guided by the Bit Budget paradigm we discern that pivoting efforts towards spike patterns and weight quantization rather than temporal attributes elicits profound implications for model performance. Utilizing the Bit Budget for holistic design consideration of SNNs elevates model performance across diverse data types encompassing static imagery and neuromorphic datasets. Our revelations bridge the theoretical chasm between SNNs and quantized ANNs and illuminate a pragmatic trajectory for future endeavors in energy-efficient neural computations.",https://openaccess.thecvf.com/content/CVPR2024/html/Shen_Are_Conventional_SNNs_Really_Efficient_A_Perspective_from_Network_Quantization_CVPR_2024_paper.html,background,efficiency_hardware;robustness_open_challenges,core,"The Bit Budget comparison between SNNs and quantized ANNs is useful for evaluating energy claims fairly, but it is generic SNN work rather than an event-camera integration paper.",watch,scalability_efficiency;hardware;snn_hybrid,reference,"Its fairness framework for SNN/ANN efficiency may inform evaluation of a future efficient extension, although it is not part of the SECNet architecture chain.",survey_core,no,Codex semantic review of complete title + complete official abstract,not_needed,
CVPR2024-2506,Bilateral Event Mining and Complementary for Event Stream Super-Resolution,2024,CVPR,,no,yes,fa07f046afc45a5000118c0fce9fa00694a4b13d1c93be96007d0fe657f1f97d,Event Stream Super-Resolution (ESR) aims to address the challenge of insufficient spatial resolution in event streams which holds great significance for the application of event cameras in complex scenarios. Previous works for ESR often process positive and negative events in a mixed paradigm. This paradigm limits their ability to effectively model the unique characteristics of each event and mutually refine each other by considering their correlations. In this paper we propose a bilateral event mining and complementary network (BMCNet) to fully leverage the potential of each event and capture the shared information to complement each other simultaneously. Specifically we resort to a two-stream network to accomplish comprehensive mining of each type of events individually. To facilitate the exchange of information between two streams we propose a bilateral information exchange (BIE) module. This module is layer-wisely embedded between two streams enabling the effective propagation of hierarchical global information while alleviating the impact of invalid information brought by inherent characteristics of events. The experimental results demonstrate that our approach outperforms the previous state-of-the-art methods in ESR achieving performance improvements of over 11% on both real and synthetic datasets. Moreover our method significantly enhances the performance of event-based downstream tasks such as object recognition and video reconstruction. Our code is available at https://github.com/Lqm26/BMCNet-ESR.,https://openaccess.thecvf.com/content/CVPR2024/html/Huang_Bilateral_Event_Mining_and_Complementary_for_Event_Stream_Super-Resolution_CVPR_2024_paper.html,exclude,,exclude,BMCNet is an ANN event-stream super-resolution method; the abstract provides no SNN mechanism and its polarity-stream fusion is not essential background for the planned intersection survey.,exclude,,exclude,"The bilateral ESR architecture is task-specific and does not provide a clear Event Cloud, frequency/SSM, scalability, or advisor-method-chain contribution.",excluded_from_active_corpus,no,Codex semantic review of complete title + complete official abstract,not_needed,
CVPR2024-0704,CodedEvents: Optimal Point-Spread-Function Engineering for 3D-Tracking with Event Cameras,2024,CVPR,,no,yes,408ef8d3b449eb6bb470a9df2cbccf8485c4c5f715f03e7906ab08989da0d5c9,Point-spread-function (PSF) engineering is a well-established computational imaging technique that uses phase masks and other optical elements to embed extra information (e.g. depth) into the images captured by conventional CMOS image sensors. To date however PSF-engineering has not been applied to neuromorphic event cameras; a powerful new image sensing technology that responds to changes in the log-intensity of light. This paper establishes theoretical limits (Cramer Rao bounds) on 3D point localization and tracking with PSF-engineered event cameras. Using these bounds we first demonstrate that existing Fisher phase masks are already near-optimal for localizing static flashing point sources (e.g. blinking fluorescent molecules). We then demonstrate that existing designs are sub-optimal for tracking moving point sources and proceed to use our theory to design optimal phase masks and binary amplitude masks for this task. To overcome the non-convexity of the design problem we leverage novel implicit neural representation based parameterizations of the phase and amplitude masks. We demonstrate the efficacy of our designs through extensive simulations. We also validate our method with a simple prototype.,https://openaccess.thecvf.com/content/CVPR2024/html/Shah_CodedEvents_Optimal_Point-Spread-Function_Engineering_for_3D-Tracking_with_Event_Cameras_CVPR_2024_paper.html,exclude,,exclude,"The work concerns optical PSF and mask design for event-camera 3D tracking, not neural event-to-spike integration or a necessary SNN survey foundation.",exclude,,exclude,Computational optics and Cramer-Rao mask optimization are outside the SECNet/TPAMI neural representation and architecture direction.,excluded_from_active_corpus,no,Codex semantic review of complete title + complete official abstract,not_needed,
CVPR2024-0973,Complementing Event Streams and RGB Frames for Hand Mesh Reconstruction,2024,CVPR,,no,yes,0ef7636c3e83902fdccc73fff84f8237209e80f05e4286834e1674ad9eb33586,Reliable hand mesh reconstruction (HMR) from commonly-used color and depth sensors is challenging especially under scenarios with varied illuminations and fast motions. Event camera is a highly promising alternative for its high dynamic range and dense temporal resolution properties but it lacks key texture appearance for hand mesh reconstruction. In this paper we propose EvRGBHand -- the first approach for 3D hand mesh reconstruction with an event camera and an RGB camera compensating for each other. By fusing two modalities of data across time space and information dimensionsEvRGBHand can tackle overexposure and motion blur issues in RGB-based HMR and foreground scarcity and background overflow issues in event-based HMR. We further propose EvRGBDegrader which allows our model to generalize effectively in challenging scenes even when trained solely on standard scenes thus reducing data acquisition costs. Experiments on real-world data demonstrate that EvRGBHand can effectively solve the challenging issues when using either type of camera alone via retaining the merits of both and shows the potential of generalization to outdoor scenes and another type of event camera. Our code models and dataset will be made public after acceptance.,https://openaccess.thecvf.com/content/CVPR2024/html/Jiang_Complementing_Event_Streams_and_RGB_Frames_for_Hand_Mesh_Reconstruction_CVPR_2024_paper.html,exclude,,exclude,EvRGBHand is a conventional RGB-event multimodal hand reconstruction network without SNN computation and does not fill a required intersection-survey background role.,exclude,,exclude,"Its hand-mesh multimodal fusion is task-specific and not materially related to Event Cloud scalability, frequency modeling, or the advisor's SNN line.",excluded_from_active_corpus,no,Codex semantic review of complete title + complete official abstract,not_needed,
CVPR2024-1533,Efficient Meshflow and Optical Flow Estimation from Event Cameras,2024,CVPR,,yes,yes,7dc4e768ff4a73e10f895f7209b92555aacc837d75530098ba8f953e8b968929,In this paper we explore the problem of event-based meshflow estimation a novel task that involves predicting a spatially smooth sparse motion field from event cameras. To start we generate a large-scale High-Resolution Event Meshflow (HREM) dataset which showcases its superiority by encompassing the merits of high resolution at 1280x720 handling dynamic objects and complex motion patterns and offering both optical flow and meshflow labels. These aspects have not been fully explored in previous works. Besides we propose Efficient Event-based MeshFlow (EEMFlow) network a lightweight model featuring a specially crafted encoder-decoder architecture to facilitate swift and accurate meshflow estimation. Furthermore we upgrade EEMFlow network to support dense event optical flow in which a Confidence-induced Detail Completion (CDC) module is proposed to preserve sharp motion boundaries. We conduct comprehensive experiments to show the exceptional performance and runtime efficiency (39x faster) of our EEMFlow model compared to recent state-of-the-art flow methods. Our code is available at https://github.com/boomluo02/EEMFlow.,https://openaccess.thecvf.com/content/CVPR2024/html/Luo_Efficient_Meshflow_and_Optical_Flow_Estimation_from_Event_Cameras_CVPR_2024_paper.html,background,pose_depth_segmentation;efficiency_hardware;robustness_open_challenges,reference,EEMFlow supplies an efficient non-SNN event optical-flow baseline and helps expose an application gap where SNN-event methods remain limited.,exclude,,exclude,"The encoder-decoder meshflow method is not sufficiently close to SECNet's representation, grouping/sampling, or frequency-based scalable backbone.",retained_reference,no,Codex semantic review of complete title + complete official abstract,not_needed,
CVPR2024-0876,eTraM: Event-based Traffic Monitoring Dataset,2024,CVPR,,yes,yes,02ecfc3df229ef330a3e203e23c13b39b8b6a07574f797ccb0fe6a461b04b5e7,Event cameras with their high temporal and dynamic range and minimal memory usage have found applications in various fields. However their potential in static traffic monitoring remains largely unexplored. To facilitate this exploration we present eTraM - a first-of-its-kind fully event-based traffic monitoring dataset. eTraM offers 10 hr of data from different traffic scenarios in various lighting and weather conditions providing a comprehensive overview of real-world situations. Providing 2M bounding box annotations it covers eight distinct classes of traffic participants ranging from vehicles to pedestrians and micro-mobility. eTraM's utility has been assessed using state-of-the-art methods for traffic participant detection including RVT RED and YOLOv8. We quantitatively evaluate the ability of event-based models to generalize on nighttime and unseen scenes. Our findings substantiate the compelling potential of leveraging event cameras for traffic monitoring opening new avenues for research and application. eTraM is available at https://eventbasedvision.github.io/eTraM.,https://openaccess.thecvf.com/content/CVPR2024/html/Verma_eTraM_Event-based_Traffic_Monitoring_Dataset_CVPR_2024_paper.html,background,detection;datasets_benchmarks;robustness_open_challenges,reference,"eTraM is a substantial event-camera detection benchmark useful for task and dataset context, but it contributes no SNN architecture.",watch,datasets;task_generalization,reference,"The long-duration real-world traffic benchmark may be useful when discussing broader deployment/generalization, though it is not a direct SECNet method-chain paper.",retained_reference,no,Codex semantic review of complete title + complete official abstract,not_needed,
CVPR2024-2604,EvDiG: Event-guided Direct and Global Components Separation,2024,CVPR,,no,yes,9bc0cd460a6afa20862e5e1b4fa1c16ee06a289242666bd3d95526da54dc660d,Separating the direct and global components of a scene aids in shape recovery and basic material understanding. Conventional methods capture multiple frames under high frequency illumination patterns or shadows requiring the scene to keep stationary during the image acquisition process. Single-frame methods simplify the capture procedure but yield lower-quality separation results. In this paper we leverage the event camera to facilitate the separation of direct and global components enabling video-rate separation of high quality. In detail we adopt an event camera to record rapid illumination changes caused by the shadow of a line occluder sweeping over the scene and reconstruct the coarse separation results through event accumulation. We then design a network to resolve the noise in the coarse separation results and restore color information. A real-world dataset is collected using a hybrid camera system for network training and evaluation. Experimental results show superior performance over state-of-the-art methods.,https://openaccess.thecvf.com/content/CVPR2024/html/Zhou_EvDiG_Event-guided_Direct_and_Global_Components_Separation_CVPR_2024_paper.html,exclude,,exclude,EvDiG is a specialized event-guided inverse-imaging application without SNN computation or a necessary foundation for the intersection survey.,exclude,,exclude,Its shadow-based capture and color-restoration pipeline do not connect to the targeted Event Cloud/scalable architecture extension.,excluded_from_active_corpus,no,Codex semantic review of complete title + complete official abstract,not_needed,
CVPR2024-0529,Event Stream-based Visual Object Tracking: A High-Resolution Benchmark Dataset and A Novel Baseline,2024,CVPR,,yes,yes,481a503fdbb2a19afe5f350a590848969353dedd0d835bfdebdac3ebfdf88cb3,Tracking with bio-inspired event cameras has garnered increasing interest in recent years. Existing works either utilize aligned RGB and event data for accurate tracking or directly learn an event-based tracker. The former incurs higher inference costs while the latter may be susceptible to the impact of noisy events or sparse spatial resolution. In this paper we propose a novel hierarchical knowledge distillation framework that can fully utilize multi-modal / multi-view information during training to facilitate knowledge transfer enabling us to achieve high-speed and low-latency visual tracking during testing by using only event signals. Specifically a teacher Transformer-based multi-modal tracking framework is first trained by feeding the RGB frame and event stream simultaneously. Then we design a new hierarchical knowledge distillation strategy which includes pairwise similarity feature representation and response maps-based knowledge distillation to guide the learning of the student Transformer network. In particular since existing event-based tracking datasets are all low-resolution (346 * 260) we propose the first large-scale high-resolution (1280 * 720) dataset named EventVOT. It contains 1141 videos and covers a wide range of categories such as pedestrians vehicles UAVs ping pong etc. Extensive experiments on both low-resolution (FE240hz VisEvent COESOT) and our newly proposed high-resolution EventVOT dataset fully validated the effectiveness of our proposed method. The dataset evaluation toolkit and source code will be released.,https://openaccess.thecvf.com/content/CVPR2024/html/Wang_Event_Stream-based_Visual_Object_Tracking_A_High-Resolution_Benchmark_Dataset_and_CVPR_2024_paper.html,background,tracking;datasets_benchmarks;learning,reference,EventVOT and its event-only distilled tracker provide an important high-resolution non-SNN tracking benchmark and comparison point for spiking event trackers.,watch,datasets;task_generalization;scalability_efficiency,reference,"High-resolution event-only tracking and multimodal-to-event distillation may inform scalability and downstream validation, but are not direct SECNet components.",retained_reference,no,Codex semantic review of complete title + complete official abstract,not_needed,
CVPR2024-1062,Event-assisted Low-Light Video Object Segmentation,2024,CVPR,,no,yes,b44495423fd960d80926eaec226578b9220c0b210798c18175a3f8c2703d0287,In the realm of video object segmentation (VOS) the challenge of operating under low-light conditions persists resulting in notably degraded image quality and compromised accuracy when comparing query and memory frames for similarity computation. Event cameras characterized by their high dynamic range and ability to capture motion information of objects offer promise in enhancing object visibility and aiding VOS methods under such low-light conditions. This paper introduces a pioneering framework tailored for low-light VOS leveraging event camera data to elevate segmentation accuracy. Our approach hinges on two pivotal components: the Adaptive Cross-Modal Fusion (ACMF) module aimed at extracting pertinent features while fusing image and event modalities to mitigate noise interference and the Event-Guided Memory Matching (EGMM) module designed to rectify the issue of inaccurate matching prevalent in low-light settings. Additionally we present the creation of a synthetic LLE-DAVIS dataset and the curation of a real-world LLE-VOS dataset encompassing frames and events. Experimental evaluations corroborate the efficacy of our method across both datasets affirming its effectiveness in low-light scenarios. The datasets are available at https://github.com/HebeiFast/EventLowLightVOS.,https://openaccess.thecvf.com/content/CVPR2024/html/Li_Event-assisted_Low-Light_Video_Object_Segmentation_CVPR_2024_paper.html,exclude,,exclude,The low-light RGB-event video segmentation framework is a conventional multimodal ANN without a distinctive role in the SNN-event integration taxonomy.,exclude,,exclude,Its cross-modal VOS fusion and memory matching are task-specific and not closely related to the advisor's Event Cloud or scalable frequency architecture.,excluded_from_active_corpus,no,Codex semantic review of complete title + complete official abstract,not_needed,
CVPR2024-0027,Event-based Structure-from-Orbit,2024,CVPR,,no,yes,4fe2b34c226ab7a2b35d62a4d2432d31a1ff6ed42862d6d46d850f694a0e4efe,Event sensors offer high temporal resolution visual sensing which makes them ideal for perceiving fast visual phenomena without suffering from motion blur. Certain applications in robotics and vision-based navigation require 3D perception of an object undergoing circular or spinning motion in front of a static camera such as recovering the angular velocity and shape of the object. The setting is equivalent to observing a static object with an orbiting camera. In this paper we propose event-based structure-from-orbit (eSfO) where the aim is to simultaneously reconstruct the 3D structure of a fast spinning object observed from a static event camera and recover the equivalent orbital motion of the camera. Our contributions are threefold: since state-of-the-art event feature trackers cannot handle periodic self-occlusion due to the spinning motion we develop a novel event feature tracker based on spatio-temporal clustering and data association that can better track the helical trajectories of valid features in the event data. The feature tracks are then fed to our novel factor graph-based structure-from-orbit back-end that calculates the orbital motion parameters (e.g. spin rate relative rotational axis) that minimize the reprojection error. For evaluation we produce a new event dataset of objects under spinning motion. Comparisons against ground truth indicate the efficacy of eSfO.,https://openaccess.thecvf.com/content/CVPR2024/html/Elms_Event-based_Structure-from-Orbit_CVPR_2024_paper.html,exclude,,exclude,The factor-graph structure-from-orbit pipeline is event-camera geometry without SNN computation or necessary neural integration background.,exclude,,exclude,Spatio-temporal feature clustering and geometric optimization do not materially support SECNet's learned representation or architecture extension.,excluded_from_active_corpus,no,Codex semantic review of complete title + complete official abstract,not_needed,
CVPR2024-0504,Event-based Visible and Infrared Fusion via Multi-task Collaboration,2024,CVPR,,no,yes,2b1fd46665c59670610235089cc42515bd17c0775efb67d49e611ecac1b0e35f,Visible and Infrared image Fusion (VIF) offers a comprehensive scene description by combining thermal infrared images with the rich textures from visible cameras. However conventional VIF systems may capture over/under exposure or blurry images in extreme lighting and high dynamic motion scenarios leading to degraded fusion results. To address these problems we propose a novel Event-based Visible and Infrared Fusion (EVIF) system that employs a visible event camera as an alternative to traditional frame-based cameras for the VIF task. With extremely low latency and high dynamic range event cameras can effectively address blurriness and are robust against diverse luminous ranges. To produce high-quality fused images we develop a multi-task collaborative framework that simultaneously performs event-based visible texture reconstruction event-guided infrared image deblurring and visible-infrared fusion. Rather than independently learning these tasks our framework capitalizes on their synergy leveraging cross-task event enhancement for efficient deblurring and bi-level min-max mutual information optimization to achieve higher fusion quality. Experiments on both synthetic and real data show that EVIF achieves remarkable performance in dealing with extreme lighting conditions and high-dynamic scenes ensuring high-quality fused images across a broad range of practical scenarios.,https://openaccess.thecvf.com/content/CVPR2024/html/Geng_Event-based_Visible_and_Infrared_Fusion_via_Multi-task_Collaboration_CVPR_2024_paper.html,exclude,,exclude,EVIF is a conventional multi-task event/visible/infrared fusion system and does not contribute to SNN-event integration.,exclude,,exclude,"Its cross-task reconstruction, deblurring, and fusion objectives are outside the direct Event Cloud, frequency-backbone, and SNN/hybrid method chain.",excluded_from_active_corpus,no,Codex semantic review of complete title + complete official abstract,not_needed,
CVPR2024-0094,EventDance: Unsupervised Source-free Cross-modal Adaptation for Event-based Object Recognition,2024,CVPR,,yes,yes,2a9edcb9fdc8cf9a7cb10346d3de13581c7f752593fd0785903188142af23d02,In this paper we make the first attempt at achieving the cross-modal (i.e. image-to-events) adaptation for event-based object recognition without accessing any labeled source image data owning to privacy and commercial issues. Tackling this novel problem is non-trivial due to the novelty of event cameras and the distinct modality gap between images and events. In particular as only the source model is available a hurdle is how to extract the knowledge from the source model by only using the unlabeled target event data while achieving knowledge transfer. To this end we propose a novel framework dubbed EventDance for this unsupervised source-free cross-modal adaptation problem. Importantly inspired by event-to-video reconstruction methods we propose a reconstruction-based modality bridging (RMB) module which reconstructs intensity frames from events in a self-supervised manner. This makes it possible to build up the surrogate images to extract the knowledge (i.e. labels) from the source model. We then propose a multi-representation knowledge adaptation (MKA) module that transfers the knowledge to target models learning events with multiple representation types for fully exploring the spatiotemporal information of events. The two modules connecting the source and target models are mutually updated so as to achieve the best performance. Experiments on three benchmark datasets with two adaption settings show that EventDance is on par with prior methods utilizing the source data.,https://openaccess.thecvf.com/content/CVPR2024/html/Zheng_EventDance_Unsupervised_Source-free_Cross-modal_Adaptation_for_Event-based_Object_Recognition_CVPR_2024_paper.html,background,representation_slicing;learning;classification_recognition,reference,"EventDance supplies event-specific cross-modal adaptation and multi-representation learning context, useful when contrasting how SNN-event models are trained, but it is non-spiking.",watch,task_generalization;snn_hybrid,reference,"Its source-free image-to-event adaptation is a possible generalization idea, although it is not a direct SECNet predecessor or architectural match.",retained_reference,no,Codex semantic review of complete title + complete official abstract,not_needed,
CVPR2024-0588,EventEgo3D: 3D Human Motion Capture from Egocentric Event Streams,2024,CVPR,,yes,yes,163b41ef069338d279471c4f72e6968fbac4269472d9f638327be1c05849e28b,Monocular egocentric 3D human motion capture is a challenging and actively researched problem. Existing methods use synchronously operating visual sensors (e.g. RGB cameras) and often fail under low lighting and fast motions which can be restricting in many applications involving head-mounted devices. In response to the existing limitations this paper 1) introduces a new problem i.e. 3D human motion capture from an egocentric monocular event camera with a fisheye lens and 2) proposes the first approach to it called EventEgo3D (EE3D). Event streams have high temporal resolution and provide reliable cues for 3D human motion capture under high-speed human motions and rapidly changing illumination. The proposed EE3D framework is specifically tailored for learning with event streams in the LNES representation enabling high 3D reconstruction accuracy. We also design a prototype of a mobile head-mounted device with an event camera and record a real dataset with event observations and the ground-truth 3D human poses (in addition to the synthetic dataset). Our EE3D demonstrates robustness and superior 3D accuracy compared to existing solutions across various challenging experiments while supporting real-time 3D pose update rates of 140Hz.,https://openaccess.thecvf.com/content/CVPR2024/html/Millerdurai_EventEgo3D_3D_Human_Motion_Capture_from_Egocentric_Event_Streams_CVPR_2024_paper.html,background,pose_depth_segmentation;representation_slicing;robustness_open_challenges,reference,"EventEgo3D demonstrates an event-only pose task, LNES representation, and real-time deployment gap that can contextualize absent or emerging SNN solutions.",watch,task_generalization;datasets,reference,"The new egocentric event task and dataset may be useful for discussing extension breadth, but its LNES pose architecture is not method-chain central.",retained_reference,no,Codex semantic review of complete title + complete official abstract,not_needed,
CVPR2024-1146,EventPS: Real-Time Photometric Stereo Using an Event Camera,2024,CVPR,,no,yes,a94b8b00bb5acd55571e4afb550e2de4a946e63c5045ac734d3a4521a91cadef,Photometric stereo is a well-established technique to estimate the surface normal of an object. However the requirement of capturing multiple high dynamic range images under different illumination conditions limits the speed and real-time applications. This paper introduces EventPS a novel approach to real-time photometric stereo using an event camera. Capitalizing on the exceptional temporal resolution dynamic range and low bandwidth characteristics of event cameras EventPS estimates surface normal only from the radiance changes significantly enhancing data efficiency. EventPS seamlessly integrates with both optimization-based and deep-learning-based photometric stereo techniques to offer a robust solution for non-Lambertian surfaces. Extensive experiments validate the effectiveness and efficiency of EventPS compared to frame-based counterparts. Our algorithm runs at over 30 fps in real-world scenarios unleashing the potential of EventPS in time-sensitive and high-speed downstream applications.,https://openaccess.thecvf.com/content/CVPR2024/html/Yu_EventPS_Real-Time_Photometric_Stereo_Using_an_Event_Camera_CVPR_2024_paper.html,exclude,,exclude,EventPS is a specialized event-camera photometric-stereo method without SNN computation and is not needed to explain the planned integration taxonomy.,exclude,,exclude,Radiance-change photometric stereo is outside the SECNet classification/representation/scalability direction.,excluded_from_active_corpus,no,Codex semantic review of complete title + complete official abstract,not_needed,
CVPR2024-0112,ExACT: Language-guided Conceptual Reasoning and Uncertainty Estimation for Event-based Action Recognition and More,2024,CVPR,,yes,yes,920c0997ed1579cdb685b4cd7c9e5a8620e258daca68cd1b5dfbefaa5c07e6cb,Event cameras have recently been shown beneficial for practical vision tasks such as action recognition thanks to their high temporal resolution power efficiency and reduced privacy concerns. However current research is hindered by 1) the difficulty in processing events because of their prolonged duration and dynamic actions with complex and ambiguous semantics and 2) the redundant action depiction of the event frame representation with fixed stacks. We find language naturally conveys abundant semantic information rendering it stunningly superior in reducing semantic uncertainty. In light of this we propose ExACT a novel approach that for the first time tackles event-based action recognition from a cross-modal conceptualizing perspective. Our ExACT brings two technical contributions. Firstly we propose an adaptive fine-grained event (AFE) representation to adaptively filter out the repeated events for the stationary objects while preserving dynamic ones. This subtly enhances the performance of ExACT without extra computational cost. Then we propose a conceptual reasoning-based uncertainty estimation module which simulates the recognition process to enrich the semantic representation. In particular conceptual reasoning builds the temporal relation based on the action semantics and uncertainty estimation tackles the semantic uncertainty of actions based on the distributional representation. Experiments show that our ExACT achieves superior recognition accuracy of 94.83%(+2.23%) 90.10%(+37.47%) and 67.24% on PAF HARDVS and our SeAct datasets respectively.,https://openaccess.thecvf.com/content/CVPR2024/html/Zhou_ExACT_Language-guided_Conceptual_Reasoning_and_Uncertainty_Estimation_for_Event-based_Action_CVPR_2024_paper.html,background,representation_slicing;classification_recognition;learning,reference,ExACT's adaptive event representation and temporal-semantic reasoning provide a strong non-SNN recognition baseline for comparison with spiking event recognition.,discussion,event_cloud_point;task_generalization;scalability_efficiency,reference,Adaptive filtering of redundant events and action-recognition evidence offer concrete representation and efficiency questions for an expanded SECNet.,retained_reference,no,Codex semantic review of complete title + complete official abstract,not_needed,
CVPR2024-2446,Frequency-aware Event-based Video Deblurring for Real-World Motion Blur,2024,CVPR,,yes,yes,ff9980274aa68054f443cee5bc6176ac71755c457260195b877df358ce24a5a1,Video deblurring aims to restore sharp frames from blurred video clips. Despite notable progress in video deblurring works it is still a challenging problem because of the loss of motion information during the duration of the exposure time. Since event cameras can capture clear motion information asynchronously with high temporal resolution several works exploit the event camera for deblurring as they can provide abundant motion information. However despite these approaches there were few cases of actively exploiting the long-range temporal dependency of videos. To tackle these deficiencies we present an event-based video deblurring framework by actively utilizing temporal information from videos. To be specific we first introduce a frequency-based cross-modal feature enhancement module. Second we propose event-guided video alignment modules by considering the valuable characteristics of the event and videos. In addition we designed a hybrid camera system to collect the first real-world event-based video deblurring dataset. For the first time we build a dataset containing synchronized high-resolution real-world blurred videos and corresponding sharp videos and event streams. Experimental results validate that our frameworks significantly outperform the state-of-the-art frame-based and event-based deblurring works in the various datasets. In addition we designed a hybrid camera system to collect the first real-world event-based video deblurring dataset. For the first time we build a dataset containing synchronized high-resolution real-world blurred videos and corresponding sharp videos and event streams. Experimental results validate that our frameworks significantly outperform the state-of-the-art frame-based and event-based deblurring works in the various datasets. The project pages are available at https://sites.google.com/view/fevd-cvpr2024.,https://openaccess.thecvf.com/content/CVPR2024/html/Kim_Frequency-aware_Event-based_Video_Deblurring_for_Real-World_Motion_Blur_CVPR_2024_paper.html,background,reconstruction_restoration;temporal_modeling;datasets_benchmarks,reference,The frequency-aware event deblurring method supplies non-SNN temporal/frequency and real-data context for hybrid or spiking restoration papers.,method_chain,fourier_fft;frequency;task_generalization,required,"The PDF uses 2D FFT for spatial feature filtering and 1D FFT over the flattened time-channel dimension for event/RGB fusion, providing a direct event-side FFT architecture.",advisor_required,no,Codex semantic review of complete title + complete official abstract,checked_conference_pdf,FCFE applies spatial 2D FFT and a separate 1D FFT over the flattened time-channel dimension.
CVPR2024-2039,Generalized Event Cameras,2024,CVPR,,yes,yes,0bb044afb33198f130cbe7faf19a8c82b4de2ff21f2fe2e82912db1c15673de4,Event cameras capture the world at high time resolution and with minimal bandwidth requirements. However event streams which only encode changes in brightness do not contain sufficient scene information to support a wide variety of downstream tasks. In this work we design generalized event cameras that inherently preserve scene intensity in a bandwidth-efficient manner. We generalize event cameras in terms of when an event is generated and what information is transmitted. To implement our designs we turn to single-photon sensors that provide digital access to individual photon detections; this modality gives us the flexibility to realize a rich space of generalized event cameras. Our single-photon event cameras are capable of high-speed high-fidelity imaging at low readout rates. Consequently these event cameras can support plug-and-play downstream inference without capturing new event datasets or designing specialized event-vision models. As a practical implication our designs which involve lightweight and near-sensor-compatible computations provide a way to use single-photon sensors without exorbitant bandwidth costs.,https://openaccess.thecvf.com/content/CVPR2024/html/Sundar_Generalized_Event_Cameras_CVPR_2024_paper.html,background,event_to_spike;robustness_open_challenges;efficiency_hardware,reference,Generalized event generation at the sensor level is useful for discussing what information event-driven SNN pipelines receive and the limits of conventional brightness-change events.,watch,hardware;event_cloud_point;scalability_efficiency,reference,"Near-sensor event design could affect future input representation and deployment, but it is an adjacent sensor contribution rather than a direct model extension.",retained_reference,no,Codex semantic review of complete title + complete official abstract,not_needed,
CVPR2024-1586,HPL-ESS: Hybrid Pseudo-Labeling for Unsupervised Event-based Semantic Segmentation,2024,CVPR,,yes,yes,0f1c9c1fa9d4daaa1208169ef5a4508b2d2afc18954b40ae7b613e5346ccbe9e,Event-based semantic segmentation has gained popularity due to its capability to deal with scenarios under high-speed motion and extreme lighting conditions which cannot be addressed by conventional RGB cameras. Since it is hard to annotate event data previous approaches rely on event-to-image reconstruction to obtain pseudo labels for training. However this will inevitably introduce noise and learning from noisy pseudo labels especially when generated from a single source may reinforce the errors. This drawback is also called confirmation bias in pseudo-labeling. In this paper we propose a novel hybrid pseudo-labeling framework for unsupervised event-based semantic segmentation HPL-ESS to alleviate the influence of noisy pseudo labels. In particular we first employ a plain unsupervised domain adaptation framework as our baseline which can generate a set of pseudo labels through self-training. Then we incorporate offline event-to-image reconstruction into the framework and obtain another set of pseudo labels by predicting segmentation maps on the reconstructed images. A noisy label learning strategy is designed to mix the two sets of pseudo labels and enhance the quality. Moreover we propose a soft prototypical alignment module to further improve the consistency of target domain features. Extensive experiments show that our proposed method outperforms existing state-of-the-art methods by a large margin on the DSEC-Semantic dataset (+5.88% accuracy +10.32% mIoU) which even surpasses several supervised methods.,https://openaccess.thecvf.com/content/CVPR2024/html/Jing_HPL-ESS_Hybrid_Pseudo-Labeling_for_Unsupervised_Event-based_Semantic_Segmentation_CVPR_2024_paper.html,background,learning;pose_depth_segmentation;robustness_open_challenges,reference,"HPL-ESS is a useful non-SNN example of event-label scarcity, reconstruction-derived pseudo labels, and domain adaptation for dense prediction.",watch,task_generalization;datasets,reference,"Its hybrid pseudo-labeling may inspire annotation-efficient extension experiments, but it is not a direct SECNet representation or backbone method.",retained_reference,no,Codex semantic review of complete title + complete official abstract,not_needed,
CVPR2024-0535,Implicit Event-RGBD Neural SLAM,2024,CVPR,,no,yes,939d35b54943817b0ca2db7fcbe518a8be86edd7966079cccf2f6aff3f527c0c,Implicit neural SLAM has achieved remarkable progress recently. Nevertheless existing methods face significant challenges in non-ideal scenarios such as motion blur or lighting variation which often leads to issues like convergence failures localization drifts and distorted mapping. To address these challenges we propose EN-SLAM the first event-RGBD implicit neural SLAM framework which effectively leverages the high rate and high dynamic range advantages of event data for tracking and mapping. Specifically EN-SLAM proposes a differentiable CRF (Camera Response Function) rendering technique to generate distinct RGB and event camera data via a shared radiance field which is optimized by learning a unified implicit representation with the captured event and RGBD supervision. Moreover based on the temporal difference property of events we propose a temporal aggregating optimization strategy for the event joint tracking and global bundle adjustment capitalizing on the consecutive difference constraints of events significantly enhancing tracking accuracy and robustness. Finally we construct the simulated dataset DEV-Indoors and real captured dataset DEV-Reals containing 6 scenes 17 sequences with practical motion blur and lighting changes for evaluations. Experimental results show that our method outperforms the SOTA methods in both tracking ATE and mapping ACC with a real-time 17 FPS in various challenging environments. Project page: https://delinqu.github.io/EN-SLAM.,https://openaccess.thecvf.com/content/CVPR2024/html/Qu_Implicit_Event-RGBD_Neural_SLAM_CVPR_2024_paper.html,exclude,,exclude,EN-SLAM is a specialized event-RGBD implicit neural SLAM system without SNN computation and is outside the intended intersection taxonomy.,exclude,,exclude,Radiance-field SLAM and bundle adjustment are not materially connected to the SECNet classification and scalable Event Cloud method chain.,excluded_from_active_corpus,no,Codex semantic review of complete title + complete official abstract,not_needed,
CVPR2024-2319,Latency Correction for Event-guided Deblurring and Frame Interpolation,2024,CVPR,,yes,yes,b7ce941c7544a97bbb0cfd4cd85eeef7d22d4420f2c62aa7543c1a08ed6e963e,Event cameras with their high temporal resolution dynamic range and low power consumption are particularly good at time-sensitive applications like deblurring and frame interpolation. However their performance is hindered by latency variability especially under low-light conditions and with fast-moving objects. This paper addresses the challenge of latency in event cameras -- the temporal discrepancy between the actual occurrence of changes in the corresponding timestamp assigned by the sensor. Focusing on event-guided deblurring and frame interpolation tasks we propose a latency correction method based on a parameterized latency model. To enable data-driven learning we develop an event-based temporal fidelity to describe the sharpness of latent images reconstructed from events and the corresponding blurry images and reformulate the event-based double integral model differentiable to latency. The proposed method is validated using synthetic and real-world datasets demonstrating the benefits of latency correction for deblurring and interpolation across different lighting conditions.,https://openaccess.thecvf.com/content/CVPR2024/html/Yang_Latency_Correction_for_Event-guided_Deblurring_and_Frame_Interpolation_CVPR_2024_paper.html,background,event_to_spike;reconstruction_restoration;robustness_open_challenges,reference,"Sensor latency variability and correction are relevant limitations for any temporally precise SNN-event pipeline, although the proposed restoration method is non-spiking.",watch,task_generalization;event_cloud_point,reference,"Timestamp fidelity may matter to Event Cloud processing and long-sequence modeling, but this calibration method is adjacent rather than method-chain central.",retained_reference,no,Codex semantic review of complete title + complete official abstract,not_needed,
CVPR2024-0028,LED: A Large-scale Real-world Paired Dataset for Event Camera Denoising,2024,CVPR,,yes,yes,cb0224241fd9d0a35ea345dc701da592c41f96fc66119c5542215de115482ef8,Event camera has significant advantages in capturingdynamic scene information while being prone to noise interferenceparticularly in challenging conditions like lowthreshold and low illumination. However most existing researchfocuses on gentle situations hindering event cameraapplications in realistic complex scenarios. To tackle thislimitation and advance the field we construct a new pairedreal-world event denoising dataset (LED) including 3K sequenceswith 18K seconds of high-resolution (1200*680)event streams and showing three notable distinctions comparedto others: diverse noise levels and scenes largerscalewith high-resolution and high-quality GT. Specificallyit contains stepped parameters and varying illuminationwith diverse scenarios. Moreover based on theproperty of noise events inconsistency and signal eventsconsistency we propose a novel effective denoising framework(DED) using homogeneous dual events to generate theGT with better separating noise from the raw. Furthermorewe design a bio-inspired baseline leveraging Leaky-Integrate-and-Fire (LIF) neurons with dynamic thresholdsto realize accurate denoising. The experimental resultsdemonstrate that the remarkable performance of the proposedapproach on different datasets.The dataset and codeare at https://github.com/Yee-Sing/led.,https://openaccess.thecvf.com/content/CVPR2024/html/Duan_LED_A_Large-scale_Real-world_Paired_Dataset_for_Event_Camera_Denoising_CVPR_2024_paper.html,background,datasets_benchmarks;event_to_spike;robustness_open_challenges,reference,"LED provides a major real event-denoising dataset and a LIF-based baseline, useful for noise and preprocessing discussion, but SNN is auxiliary rather than the paper's main contribution.",watch,datasets;polarity;snn_hybrid,reference,"Real event noise and the LIF baseline may inform robust input processing, while remaining outside the direct SECNet backbone chain.",retained_reference,no,Codex semantic review of complete title + complete official abstract,not_needed,
CVPR2024-1568,LEOD: Label-Efficient Object Detection for Event Cameras,2024,CVPR,,yes,yes,0a3131d1ef7e7add4be7b3c7f0496a8f31f52ba2054fb95d1f70f13f73130a1e,Object detection with event cameras benefits from the sensor's low latency and high dynamic range. However it is costly to fully label event streams for supervised training due to their high temporal resolution. To reduce this cost we present LEOD the first method for label-efficient event-based detection. Our approach unifies weakly- and semi-supervised object detection with a self-training mechanism. We first utilize a detector pre-trained on limited labels to produce pseudo ground truth on unlabeled events. Then the detector is re-trained with both real and generated labels. Leveraging the temporal consistency of events we run bi-directional inference and apply tracking-based post-processing to enhance the quality of pseudo labels. To stabilize training against label noise we further design a soft anchor assignment strategy. We introduce new experimental protocols to evaluate the task of label-efficient event-based detection on Gen1 and 1Mpx datasets. LEOD consistently outperforms supervised baselines across various labeling ratios. For example on Gen1 it improves mAP by 8.6% and 7.8% for RVT-S trained with 1% and 2% labels. On 1Mpx RVT-S with 10% labels even surpasses its fully-supervised counterpart using 100% labels. LEOD maintains its effectiveness even when all labeled data are available reaching new state-of-the-art results. Finally we show that our method readily scales to improve larger detectors as well. Code is released at https://github.com/Wuziyi616/LEOD.,https://openaccess.thecvf.com/content/CVPR2024/html/Wu_LEOD_Label-Efficient_Object_Detection_for_Event_Cameras_CVPR_2024_paper.html,background,detection;learning;datasets_benchmarks,reference,LEOD supplies strong event-specific label-efficient detection and temporal-consistency context for comparing how spiking detectors are trained.,watch,task_generalization;scalability_efficiency,reference,"Label-efficient scaling to larger event detectors is potentially useful for downstream extension experiments, but not a direct representation contribution.",retained_reference,no,Codex semantic review of complete title + complete official abstract,not_needed,
CVPR2024-1093,Low-power Continuous Remote Behavioral Localization with Event Cameras,2024,CVPR,,no,yes,b1b0a181c1d9575aecc19a52c5ff6994e163a00cb97b5e61334c843f0bb6e54f,Researchers in natural science need reliable methods for quantifying animal behavior. Recently numerous computer vision methods emerged to automate the process. However observing wild species at remote locations remains a challenging task due to difficult lighting conditions and constraints on power supply and data storage. Event cameras offer unique advantages for battery-dependent remote monitoring due to their low power consumption and high dynamic range capabilities. We use this novel sensor to quantify a behavior in Chinstrap penguins called ecstatic display. We formulate the problem as a temporal action detection task determining the start and end times of the behavior. For this purpose we recorded a colony of breeding penguins in Antarctica for several weeks and labeled event data on 16 nests. The developed method consists of a generator of candidate time intervals (proposals) and a classifier of the actions within them. The experiments show that the event cameras' natural response to motion is effective for continuous behavior monitoring and detection reaching a mean average precision (mAP) of 58% (which increases to 63% in good weather conditions). The results also demonstrate the robustness against various lighting conditions contained in the challenging dataset. The low-power capabilities of the event camera allow it to record significantly longer than with a conventional camera. This work pioneers the use of event cameras for remote wildlife observation opening new interdisciplinary opportunities. https:// tub-rip.github.io/ eventpenguins/,https://openaccess.thecvf.com/content/CVPR2024/html/Hamann_Low-power_Continuous_Remote_Behavioral_Localization_with_Event_Cameras_CVPR_2024_paper.html,exclude,,exclude,The wildlife monitoring system uses event cameras for a specialized application but contributes neither SNN-event integration nor necessary methodological background.,exclude,,exclude,Its proposal/classifier pipeline and field deployment are too task-specific to support the SECNet extension direction.,excluded_from_active_corpus,no,Codex semantic review of complete title + complete official abstract,not_needed,
CVPR2024-1232,OpenESS: Event-based Semantic Scene Understanding with Open Vocabularies,2024,CVPR,,yes,yes,8acf6868bc2206deddb288716c6b04a2a1bc34ac34b443908b60259175ea78f6,Event-based semantic segmentation (ESS) is a fundamental yet challenging task for event camera sensing. The difficulties in interpreting and annotating event data limit its scalability. While domain adaptation from images to event data can help to mitigate this issue there exist data representational differences that require additional effort to resolve. In this work for the first time we synergize information from image text and event-data domains and introduce OpenESS to enable scalable ESS in an open-world annotation-efficient manner. We achieve this goal by transferring the semantically rich CLIP knowledge from image-text pairs to event streams. To pursue better cross-modality adaptation we propose a frame-to-event contrastive distillation and a text-to-event semantic consistency regularization. Experimental results on popular ESS benchmarks showed our approach outperforms existing methods. Notably we achieve 53.93% and 43.31% mIoU on DDD17 and DSEC-Semantic without using either event or frame labels.,https://openaccess.thecvf.com/content/CVPR2024/html/Kong_OpenESS_Event-based_Semantic_Scene_Understanding_with_Open_Vocabularies_CVPR_2024_paper.html,background,learning;pose_depth_segmentation;classification_recognition,reference,OpenESS provides non-SNN foundation-model distillation and annotation-efficient event learning context relevant to future SNN-event training comparisons.,watch,task_generalization;snn_hybrid,reference,"Cross-modal CLIP transfer is a possible extension idea, though it does not directly advance Event Cloud grouping or frequency modeling.",retained_reference,no,Codex semantic review of complete title + complete official abstract,not_needed,
CVPR2024-1902,Scene Adaptive Sparse Transformer for Event-based Object Detection,2024,CVPR,,yes,yes,faffeaa052974e1d2131c10c34ce346212d6e93207276e4bc6e7d9a8258afeb8,While recent Transformer-based approaches have shown impressive performances on event-based object detection tasks their high computational costs still diminish the low power consumption advantage of event cameras. Image-based works attempt to reduce these costs by introducing sparse Transformers. However they display inadequate sparsity and adaptability when applied to event-based object detection since these approaches cannot balance the fine granularity of token-level sparsification and the efficiency of window-based Transformers leading to reduced performance and efficiency. Furthermore they lack scene-specific sparsity optimization resulting in information loss and a lower recall rate. To overcome these limitations we propose the Scene Adaptive Sparse Transformer (SAST). SAST enables window-token co-sparsification significantly enhancing fault tolerance and reducing computational overhead. Leveraging the innovative scoring and selection modules along with the Masked Sparse Window Self-Attention SAST showcases remarkable scene-aware adaptability: It focuses only on important objects and dynamically optimizes sparsity level according to scene complexity maintaining a remarkable balance between performance and computational cost. The evaluation results show that SAST outperforms all other dense and sparse networks in both performance and efficiency on two large-scale event-based object detection datasets (1Mpx and Gen1). Code: https://github.com/Peterande/SAST,https://openaccess.thecvf.com/content/CVPR2024/html/Peng_Scene_Adaptive_Sparse_Transformer_for_Event-based_Object_Detection_CVPR_2024_paper.html,background,detection;efficiency_hardware;representation_slicing,reference,SAST is a strong non-SNN sparse event-detector baseline for evaluating whether spiking detection gains persist against adaptive sparse Transformers.,discussion,scalability_efficiency;grouping_sampling;task_generalization,reference,Scene-adaptive token/window sparsification provides a concrete scalability comparator and possible adaptive-computation direction for SECNet.,retained_reference,no,Codex semantic review of complete title + complete official abstract,not_needed,
CVPR2024-0460,SD2Event:Self-supervised Learning of Dynamic Detectors and Contextual Descriptors for Event Cameras,2024,CVPR,,no,yes,0f0fe5624f5da6525075b4b67f6948671d927aab1d208a69450d4444476d0428,Event cameras offer many advantages over traditional frame-based cameras such as high dynamic range and low latency. Therefore event cameras are widely applied in diverse computer vision applications where event-based keypoint detection is a fundamental task. However achieving robust event-based keypoint detection remains challenging because the ground truth of event keypoints is difficult to obtain descriptors extracted by CNN usually lack discriminative ability in the presence of intense noise and fixed keypoint detectors are limited in detecting varied keypoint patterns. To address these challenges a novel event-based keypoint detection method is proposed by learning dynamic detectors and contextual descriptors in a self-supervised manner (SD2Event) including a contextual feature descriptor learning (CFDL) module and a dynamic keypoint detector learning (DKDL) module. The proposed SD2Event enjoys several merits. First the proposed CFDL module can model long-range contexts efficiently and effectively. Second the DKDL module generates dynamic keypoint detectors which can detect keypoints with diverse patterns across various event streams. Third the proposed self-supervised signals can guide the model's adaptation to event data. Extensive experimental results on three challenging benchmarks show that our proposed method significantly outperforms stateof-the-art event-based keypoint detection methods.,https://openaccess.thecvf.com/content/CVPR2024/html/Gao_SD2EventSelf-supervised_Learning_of_Dynamic_Detectors_and_Contextual_Descriptors_for_Event_CVPR_2024_paper.html,exclude,,exclude,SD2Event is an event-keypoint ANN with self-supervised descriptors but does not supply a necessary SNN-event integration foundation.,exclude,,exclude,Dynamic keypoint detection and contextual descriptors are not sufficiently aligned with the advisor's Event Cloud backbone and classification direction.,excluded_from_active_corpus,no,Codex semantic review of complete title + complete official abstract,not_needed,
CVPR2024-0940,Seeing Motion at Nighttime with an Event Camera,2024,CVPR,,yes,yes,6ff6cb559aa1eb82046f9f0336dd93ee6c69fbc7fb21c571290b2b3d68a01b78,We focus on a very challenging task: imaging at nighttime dynamic scenes. Most previous methods rely on the low-light enhancement of a conventional RGB camera. However they would inevitably face a dilemma between the long exposure time of nighttime and the motion blur of dynamic scenes. Event cameras react to dynamic changes with higher temporal resolution (microsecond) and higher dynamic range (120dB) offering an alternative solution. In this work we present a novel nighttime dynamic imaging method with an event camera. Specifically we discover that the event at nighttime exhibits temporal trailing characteristics and spatial non-stationary distribution. Consequently we propose a nighttime event reconstruction network (NER-Net) which mainly includes a learnable event timestamps calibration module (LETC) to align the temporal trailing events and a non-uniform illumination aware module (NIAM) to stabilize the spatiotemporal distribution of events. Moreover we construct a paired real low-light event dataset (RLED) through a co-axial imaging system including 64200 spatially and temporally aligned image GTs and low-light events. Extensive experiments demonstrate that the proposed method outperforms state-of-the-art methods in terms of visual quality and generalization ability on real-world nighttime datasets. The project are available at: https://github.com/Liu-haoyue/NER-Net.,https://openaccess.thecvf.com/content/CVPR2024/html/Liu_Seeing_Motion_at_Nighttime_with_an_Event_Camera_CVPR_2024_paper.html,background,reconstruction_restoration;event_to_spike;robustness_open_challenges,reference,"Nighttime event timestamp distortion and reconstruction provide useful input-quality and robustness context for SNN-event systems, though the network is non-spiking.",watch,datasets;task_generalization;event_cloud_point,reference,"RLED and timestamp calibration may support robustness/generalization discussion, but the restoration network is not a direct SECNet method contribution.",retained_reference,no,Codex semantic review of complete title + complete official abstract,not_needed,
CVPR2024-2406,Segment Any Event Streams via Weighted Adaptation of Pivotal Tokens,2024,CVPR,,yes,yes,e23dd5056eace31ae3b1b523b094f034416c957dbd29c7d037445bd6703cd14a,In this paper we delve into the nuanced challenge of tailoring the Segment Anything Models (SAMs) for integration with event data with the overarching objective of attaining robust and universal object segmentation within the event-centric domain. One pivotal issue at the heart of this endeavor is the precise alignment and calibration of embeddings derived from event-centric data such that they harmoniously coincide with those originating from RGB imagery. Capitalizing on the vast repositories of datasets with paired events and RGB images our proposition is to harness and extrapolate the profound knowledge encapsulated within the pre-trained SAM framework. As a cornerstone to achieving this we introduce a multi-scale feature distillation methodology. This methodology rigorously optimizes the alignment of token embeddings originating from event data with their RGB image counterparts thereby preserving and enhancing the robustness of the overall architecture. Considering the distinct significance that token embeddings from intermediate layers hold for higher-level embeddings our strategy is centered on accurately calibrating the pivotal token embeddings. This targeted calibration is aimed at effectively managing the discrepancies in high-level embeddings originating from both the event and image domains. Extensive experiments on different datasets demonstrate the effectiveness of the proposed distillation method. Code in https://github.com/happychenpipi/EventSAM.,https://openaccess.thecvf.com/content/CVPR2024/html/Chen_Segment_Any_Event_Streams_via_Weighted_Adaptation_of_Pivotal_Tokens_CVPR_2024_paper.html,background,learning;pose_depth_segmentation;classification_recognition,reference,"EventSAM provides a non-SNN foundation-model adaptation baseline for event segmentation and representation alignment, relevant to training comparisons rather than the intersection core.",watch,task_generalization;snn_hybrid,reference,"Pivotal-token distillation may inspire cross-modal extension, but the method does not directly address Event Cloud grouping or scalable frequency processing.",retained_reference,no,Codex semantic review of complete title + complete official abstract,not_needed,
CVPR2024-2179,SFOD: Spiking Fusion Object Detector,2024,CVPR,,yes,yes,94d96f8599fa71ac936850690af04279c72a410a494fb6c4cd98f972370b146b,Event cameras characterized by high temporal resolution high dynamic range low power consumption and high pixel bandwidth offer unique capabilities for object detection in specialized contexts. Despite these advantages the inherent sparsity and asynchrony of event data pose challenges to existing object detection algorithms. Spiking Neural Networks (SNNs) inspired by the way the human brain codes and processes information offer a potential solution to these difficulties. However their performance in object detection using event cameras is limited in current implementations. In this paper we propose the Spiking Fusion Object Detector (SFOD) a simple and efficient approach to SNN-based object detection. Specifically we design a Spiking Fusion Module achieving the first-time fusion of feature maps from different scales in SNNs applied to event cameras. Additionally through integrating our analysis and experiments conducted during the pretraining of the backbone network on the NCAR dataset we delve deeply into the impact of spiking decoding strategies and loss functions on model performance. Thereby we establish state-of-the-art classification results based on SNNs achieving 93.7% accuracy on the NCAR dataset. Experimental results on the GEN1 detection dataset demonstrate that the SFOD achieves a state-of-the-art mAP of 32.1% outperforming existing SNN-based approaches. Our research not only underscores the potential of SNNs in object detection with event cameras but also propels the advancement of SNNs. Code is available at https://github.com/yimeng-fan/SFOD.,https://openaccess.thecvf.com/content/CVPR2024/html/Fan_SFOD_Spiking_Fusion_Object_Detector_CVPR_2024_paper.html,anchor,architecture;detection;learning;efficiency_hardware;event_to_spike,core,"SFOD is a direct SNN-event detector with multiscale spiking fusion, event-specific decoding/loss analysis, and concrete detection and efficiency evidence central to the survey.",discussion,snn_hybrid;scalability_efficiency;task_generalization,reference,Its spiking multiscale fusion and event-detector evaluation provide a concrete SNN extension and comparison direction for the advisor's lightweight event backbone.,survey_core,no,Codex semantic review of complete title + complete official abstract,not_needed,
CVPR2024-1901,SpikingResformer: Bridging ResNet and Vision Transformer in Spiking Neural Networks,2024,CVPR,,yes,yes,abf53b6e87e025e5db3152c224cfd258ecbdb07acc125d22f0dfd6abbacef735,The remarkable success of Vision Transformers in Artificial Neural Networks (ANNs) has led to a growing interest in incorporating the self-attention mechanism and transformer-based architecture into Spiking Neural Networks (SNNs). While existing methods propose spiking self-attention mechanisms that are compatible with SNNs they lack reasonable scaling methods and the overall architectures proposed by these methods suffer from a bottleneck in effectively extracting local features. To address these challenges we propose a novel spiking self-attention mechanism named Dual Spike Self-Attention (DSSA) with a reasonable scaling method. Based on DSSA we propose a novel spiking Vision Transformer architecture called SpikingResformer which combines the ResNet-based multi-stage architecture with our proposed DSSA to improve both performance and energy efficiency while reducing parameters. Experimental results show that SpikingResformer achieves higher accuracy with fewer parameters and lower energy consumption than other spiking Vision Transformer counterparts. Notably our SpikingResformer-L achieves 79.40% top-1 accuracy on ImageNet with 4 time-steps which is the state-of-the-art result in the SNN field.,https://openaccess.thecvf.com/content/CVPR2024/html/Shi_SpikingResformer_Bridging_ResNet_and_Vision_Transformer_in_Spiking_Neural_Networks_CVPR_2024_paper.html,background,architecture;efficiency_hardware,reference,"SpikingResformer is a strong generic SNN architecture and energy baseline, but it does not primarily process event-camera data.",watch,snn_hybrid;scalability_efficiency,reference,"Its local/global spiking architecture and scaling design may inform an SNN branch, though it is not a direct Event Cloud predecessor.",retained_reference,no,Codex semantic review of complete title + complete official abstract,not_needed,
CVPR2024-1053,State Space Models for Event Cameras,2024,CVPR,,yes,yes,44ccb4c548ebb2ab9bde645ee3f919bf44849ad03d1be3b0103bf30ca50235bb,Today state-of-the-art deep neural networks that process event-camera data first convert a temporal window of events into dense grid-like input representations. As such they exhibit poor generalizability when deployed at higher inference frequencies (i.e. smaller temporal windows) than the ones they were trained on. We address this challenge by introducing state-space models (SSMs) with learnable timescale parameters to event-based vision. This design adapts to varying frequencies without the need to retrain the network at different frequencies. Additionally we investigate two strategies to counteract aliasing effects when deploying the model at higher frequencies. We comprehensively evaluate our approach against existing methods based on RNN and Transformer architectures across various benchmarks including Gen1 and 1 Mpx event camera datasets. Our results demonstrate that SSM-based models train 33% faster and also exhibit minimal performance degradation when tested at higher frequencies than the training input. Traditional RNN and Transformer models exhibit performance drops of more than 20 mAP with SSMs having a drop of 3.31 mAP highlighting the effectiveness of SSMs in event-based vision tasks.,https://openaccess.thecvf.com/content/CVPR2024/html/Zubic_State_Space_Models_for_Event_Cameras_CVPR_2024_paper.html,background,temporal_modeling;detection;robustness_open_challenges,reference,The event-camera SSM establishes frequency-robust temporal memory as a non-spiking comparator for SNN state dynamics and deployment at varying event windows.,exclude,,exclude,Its SSM-based operational-frequency generalization is outside the confirmed advisor extension; it remains selected Survey background.,retained_reference,no,Codex semantic review of complete title + complete official abstract,not_needed,
CVPR2024-0162,Towards Robust Event-guided Low-Light Image Enhancement: A Large-Scale Real-World Event-Image Dataset and Novel Approach,2024,CVPR,,no,yes,8e5c4ca96f465953351d887ea0f85ad744d51db9f5d2049930b32b8b0091a625,Event camera has recently received much attention for low-light image enhancement (LIE) thanks to their distinct advantages such as high dynamic range. However current research is prohibitively restricted by the lack of large-scale real-world and spatial-temporally aligned event-image datasets. To this end we propose a real-world (indoor and outdoor) dataset comprising over 30K pairs of images and events under both low and normal illumination conditions. To achieve this we utilize a robotic arm that traces a consistent non-linear trajectory to curate the dataset with spatial alignment precision under 0.03mm. We then introduce a matching alignment strategy rendering 90% of our dataset with errors less than 0.01s. Based on the dataset we propose a novel event-guided LIE approach called EvLight towards robust performance in real-world low-light scenes. Specifically we first design the multi-scale holistic fusion branch to extract holistic structural and textural information from both events and images. To ensure robustness against variations in the regional illumination and noise we then introduce a Signal-to-Noise-Ratio (SNR)-guided regional feature selection to selectively fuse features of images from regions with high SNR and enhance those with low SNR by extracting regional structural information from events. our EvLight significantly surpasses the frame-based methods e.g. Retinexformer by 1.14 dB and 2.62 dB respectively. Code and datasets are available at https://vlislab22.github.io/eg-lowlight/.,https://openaccess.thecvf.com/content/CVPR2024/html/Liang_Towards_Robust_Event-guided_Low-Light_Image_Enhancement_A_Large-Scale_Real-World_Event-Image_CVPR_2024_paper.html,exclude,,exclude,EvLight is an event-guided low-light enhancement ANN and dataset contribution without SNN computation or a necessary integration role.,exclude,,exclude,Its illumination-aware image enhancement is task-specific and not materially connected to the SECNet extension axes.,excluded_from_active_corpus,no,Codex semantic review of complete title + complete official abstract,not_needed,
CVPR2024-1718,TTA-EVF: Test-Time Adaptation for Event-based Video Frame Interpolation via Reliable Pixel and Sample Estimation,2024,CVPR,,yes,yes,29d173682e481f637ba1c4c8f15fa1ffeec02fe196f83f747dc84b2d01cc6922,Video Frame Interpolation (VFI) which aims at generating high-frame-rate videos from low-frame-rate inputs is a highly challenging task. The emergence of bio-inspired sensors known as event cameras which boast microsecond-level temporal resolution has ushered in a transformative era for VFI. Nonetheless the application of event-based VFI techniques in domains with distinct environments from the training data can be problematic. This is mainly because event camera data distribution can undergo substantial variations based on camera settings and scene conditions presenting challenges for effective adaptation. In this paper we propose a test-time adaptation method for event-based VFI to address the gap between the source and target domains. Our approach enables sequential learning in an online manner on the target domain which only provides low-frame-rate videos. We present an approach that leverages confident pixels as pseudo ground-truths enabling stable and accurate online learning from low-frame-rate videos. Furthermore to prevent overfitting during the continuous online process where the same scene is encountered repeatedly we propose a method of blending historical samples with current scenes. Extensive experiments validate the effectiveness of our method both in cross-domain and continuous domain shifting setups. The code is available at https://github.com/Chohoonhee/TTA-EVF.,https://openaccess.thecvf.com/content/CVPR2024/html/Cho_TTA-EVF_Test-Time_Adaptation_for_Event-based_Video_Frame_Interpolation_via_Reliable_CVPR_2024_paper.html,background,learning;reconstruction_restoration;robustness_open_challenges,reference,"Test-time adaptation under event-camera domain shift is relevant training and deployment background, but TTA-EVF itself is non-spiking.",watch,task_generalization,reference,"Continuous domain adaptation is a possible generalization direction for future experiments, not a direct method-chain component.",retained_reference,no,Codex semantic review of complete title + complete official abstract,not_needed,
CVPR2024-2250,Video Frame Interpolation via Direct Synthesis with the Event-based Reference,2024,CVPR,,no,yes,e586d49a974795048425c4fd924fb6ec84c9e7cfe49958ddae6f535a279dbd1b,Video Frame Interpolation (VFI) has witnessed a surge in popularity due to its abundant downstream applications. Event-based VFI (E-VFI) has recently propelled the advancement of VFI. Thanks to the high temporal resolution benefits event cameras can bridge the informational void present between successive video frames. Most state-of-the-art E-VFI methodologies follow the conventional VFI paradigm which pivots on motion estimation between consecutive frames to generate intermediate frames through a process of warping and refinement. However this reliance engenders a heavy dependency on the quality and consistency of keyframes rendering these methods susceptible to challenges in extreme real-world scenarios such as missing moving objects and severe occlusion dilemmas. This study proposes a novel E-VFI framework that directly synthesize intermediate frames leveraging event-based reference obviating the necessity for explicit motion estimation and substantially enhancing the capacity to handle motion occlusion. Given the sparse and inherently noisy nature of event data we prioritize the reliability of the event-based reference leading to the development of an innovative event-aware reconstruction strategy for accurate reference generation. Besides we implement a bi-directional event-guided alignment from keyframes to the reference using the introduced E-PCD module. Finally a transformer-based decoder is adopted for prediction refinement. Comprehensive experimental evaluations on both synthetic and real-world datasets underscore the superiority of our approach and its potential to execute high-quality VFI tasks.,https://openaccess.thecvf.com/content/CVPR2024/html/Liu_Video_Frame_Interpolation_via_Direct_Synthesis_with_the_Event-based_Reference_CVPR_2024_paper.html,exclude,,exclude,The event-reference VFI architecture is a conventional restoration model and does not add necessary SNN-event integration evidence.,exclude,,exclude,Its event-aware reconstruction and alignment are specific to frame interpolation and not close to SECNet's representation or scalable backbone.,excluded_from_active_corpus,no,Codex semantic review of complete title + complete official abstract,not_needed,
ECCV2024-0096,Asynchronous Bioplausible Neuron for Spiking Neural Networks for Event-Based Vision,2024,ECCV,,yes,yes,22f55e4c10f2433a24a0f4e900b5928c51d93c1c23de9c6a715433e9dd2d0f85,"Spiking Neural Networks (SNNs) offer a biologically inspired approach to computer vision that can lead to more efficient processing of visual data with reduced energy consumption. However, maintaining homeostasis within SNNs is challenging, as it requires continuous adjustment of neural responses to preserve equilibrium and optimal processing efficiency amidst diverse and often unpredictable input signals. In response to these challenges, we propose the Asynchronous Bioplausible Neuron (ABN), a dynamic spike firing mechanism that offers a simple yet potent auto-adjustment to variations in input signals. Its parameters, Membrane Gradient (MG), Threshold Retrospective Gradient (TRG), and Spike Efficiency (SE), make it stand out for its easy implementation, significant effectiveness, and proven reduction in power consumption, a key innovation demonstrated in our experiments. Comprehensive evaluation across various datasets demonstrates ABN's enhanced performance in image classification and segmentation, maintenance of neural equilibrium, and energy efficiency. The code will be publicly available on the GitHub Project Page.",https://eccv.ecva.net/virtual/2024/poster/1172,background,architecture;learning;efficiency_hardware,reference,ABN contributes a general adaptive spiking-neuron mechanism and neuromorphic benchmark evidence; it informs neuron design but is not an event-camera-specific pipeline.,discussion,snn_hybrid;scalability_efficiency,reference,Dynamic homeostatic firing and claimed power reduction offer a concrete neuron-level extension question for an SNN version of the advisor backbone.,retained_reference,no,Codex semantic review of complete title + complete official abstract,not_needed,
ECCV2024-0527,BeNeRF:Neural Radiance Fields from a Single Blurry Image and Event Stream,2024,ECCV,,no,yes,097011762af042319853e049a6fd71545ee4f266e22a1d857ac6b378cc939306,"Neural implicit representation of visual scenes has attracted a lot of attention in recent research of computer vision and graphics. Most prior methods focus on how to reconstruct 3D scene representation from a set of images. In this work, we demonstrate the possibility to recover the neural radiance fields (NeRF) from a single blurry image and its corresponding event stream. We model the camera motion with a cubic B-Spline in SE(3) space. Both the blurry image and the brightness change within a time interval, can then be synthesized from the 3D scene representation given the 6-DoF poses interpolated from the cubic B-Spline. Our method can jointly learn both the implicit neural scene representation and recover the camera motion by minimizing the differences between the synthesized data and the real measurements without pre-computed camera poses from COLMAP. We evaluate the proposed method with both synthetic and real datasets. The experimental results demonstrate that we are able to render view-consistent latent sharp images from the learned NeRF and bring a blurry image alive in high quality.",https://eccv.ecva.net/virtual/2024/poster/553,exclude,,exclude,BeNeRF is an event-guided radiance-field reconstruction method without SNN computation and does not support a required integration category.,exclude,,exclude,NeRF reconstruction and camera-motion optimization are outside the SECNet classification and scalable Event Cloud direction.,excluded_from_active_corpus,no,Codex semantic review of complete title + complete official abstract,not_needed,
ECCV2024-0858,BKDSNN: Enhancing the Performance of Learning-based Spiking Neural Networks Training with Blurred Knowledge Distillation,2024,ECCV,,yes,yes,513a323ae73be1c758d66d2431a1d3d4c65cfaf5a971c255e7d81102a10fc1ec,"Spiking neural networks (SNNs), which mimic biological neural system to convey information via discrete spikes, are well known as brain-inspired models with excellent computing efficiency. By utilizing the surrogate gradient estimation for discrete spikes, learning-based SNN training methods that can achieve ultra-low inference latency (number of time-step) emerge recently. Nevertheless, due to the difficulty in deriving precise gradient estimation for discrete spikes using learning-based method, a distinct accuracy gap persists between SNN and its artificial neural networks (ANNs) counterpart. To address the aforementioned issue, we propose a blurred knowledge distillation (BKD) technique, which leverages random blurred SNN feature to restore and imitate the ANN feature. Note that, our BKD is applied upon the feature map right before the last layer of SNN, which can also mix with prior logits-based knowledge distillation for maximized accuracy boost. To our best knowledge, in the category of learning-based methods, our work achieves state-of-the-art performance for training SNNs on both static and neuromorphic datasets. On ImageNet dataset, BKDSNN outperforms prior best results by 4.51% and 0.93% with the network topology of CNN and Transformer respectively.",https://eccv.ecva.net/virtual/2024/poster/2655,background,learning;architecture,reference,"BKDSNN supplies generic SNN knowledge-distillation context for closing ANN-SNN accuracy gaps, but event-camera data are not the core method concern.",watch,snn_hybrid,reference,"ANN-to-SNN feature distillation may inform a hybrid extension, though it has no direct Event Cloud or frequency relation.",retained_reference,no,Codex semantic review of complete title + complete official abstract,not_needed,
ECCV2024-0606,CMTA: Cross-Modal Temporal Alignment for Event-guided Video Deblurring,2024,ECCV,,yes,yes,ead55bec4fc09838b34bbaa528f89d15e6f3439bf9f641cfa48f0c55234329a8,"Video deblurring aims to enhance the quality of restored results in motion-blurred videos by effectively gathering information from adjacent video frames to compensate for the insufficient data in a single blurred frame. However, when faced with consecutively severe motion blur situations, frame-based video deblurring methods often fail to find accurate temporal correspondence among neighboring video frames, leading to diminished performance. To address this limitation, we aim to solve the video deblurring task by leveraging an event camera with micro-second temporal resolution. To fully exploit the dense temporal resolution of the event camera, we propose two modules: 1) Intra-frame feature enhancement operates within the exposure time of a single blurred frame, iteratively enhancing cross-modality features in a recurrent manner to better utilize the rich temporal information of events, 2) Inter-frame temporal feature alignment gather valuable long-range temporal information to target frames, aggregating sharp features leveraging the advantages of the events. In addition, we present a novel dataset composed of real-world blurred RGB videos, corresponding sharp videos, and event data. This dataset serves as a valuable resource for evaluating event-guided deblurring methods. We demonstrate that our proposed methods outperform state-of-the-art frame-based and event-based motion deblurring methods through extensive experiments conducted on both synthetic and real-world deblurring datasets. The code and dataset will be made publicly available upon acceptance.",https://eccv.ecva.net/virtual/2024/poster/259,background,reconstruction_restoration;temporal_modeling;datasets_benchmarks,reference,"CMTA supplies a non-SNN event deblurring baseline for cross-modal temporal alignment and long-range aggregation, useful when comparing hybrid/spiking restoration methods.",watch,task_generalization,reference,Its intra/inter-frame temporal design is adjacent long-context evidence but not a direct Event Cloud or frequency method-chain paper.,retained_reference,no,Codex semantic review of complete title + complete official abstract,not_needed,
ECCV2024-1631,DailyDVS-200: A Comprehensive Benchmark Dataset for Event-Based Action Recognition,2024,ECCV,,yes,yes,05c60189d81ddd945324d4cf30493691a4eea448949606ca4b0b22531cea292f,"Neuromorphic sensors, specifically event cameras, revolutionize visual data acquisition by capturing pixel intensity changes with exceptional dynamic range, minimal latency, and energy efficiency, setting them apart from conventional frame-based cameras. The distinctive capabilities of event cameras have ignited significant interest in the domain of event-based action recognition, recognizing their vast potential for advancement. However, the development in this field is currently slowed by the lack of comprehensive, large-scale datasets, which are critical for developing robust recognition frameworks. To bridge this gap, we introduces DailyDVS-200, a meticulously curated benchmark dataset tailored for the event-based action recognition community. DailyDVS-200 is extensive, covering 200 action categories across real-world scenarios, recorded by 47 participants, and comprises more than 22,000 event sequences. This dataset is designed to reflect a broad spectrum of action types, scene complexities, and data acquisition diversity. Each sequence in the dataset is annotated with 14 attributes, ensuring a detailed characterization of the recorded actions. Moreover, DailyDVS-200 is structured to facilitate a wide range of research paths, offering a solid foundation for both validating existing approaches and inspiring novel methodologies. By setting a new benchmark in the field, we challenge the current limitations of neuromorphic data processing and invite a surge of new approaches in event-based action recognition techniques, which paves the way for future explorations in neuromorphic computing and beyond.",https://eccv.ecva.net/virtual/2024/poster/330,background,classification_recognition;datasets_benchmarks;robustness_open_challenges,reference,DailyDVS-200 is a major action-recognition benchmark needed to evaluate spiking event-recognition claims and dataset coverage.,watch,datasets;task_generalization,reference,"DailyDVS-200 remains a possible recognition benchmark reference, not a method-chain or frequency/SNN mechanism paper.",retained_reference,no,Codex semantic review of complete title + complete official abstract,not_needed,
ECCV2024-1168,EAS-SNN: End-to-End Adaptive Sampling and Representation for Event-based Detection with Recurrent Spiking Neural Networks,2024,ECCV,,yes,yes,aa8b35c62e653265ff82cce4783d3556fe4d3db83b919a491ba5150173a49fb2,"Event cameras, with their high dynamic range and temporal resolution, are ideally suited for object detection, especially under scenarios with motion blur and challenging lighting conditions. However, while most existing approaches prioritize optimizing spatiotemporal representations with advanced detection backbones and early aggregation functions, the crucial issue of adaptive event sampling remains largely unaddressed. Spiking Neural Networks (SNNs), which operate on an event-driven paradigm through sparse spike communication, emerge as a natural fit for addressing this challenge. In this study, we discover that the neural dynamics of spiking neurons align closely with the behavior of an ideal temporal event sampler. Motivated by this insight, we propose a novel adaptive sampling module that leverages recurrent convolutional SNNs enhanced with temporal memory, facilitating a fully end-to-end learnable framework for event-based detection. Additionally, we introduce Residual Potential Dropout (RPD) and Spike-Aware Training (SAT) to regulate potential distribution and address performance degradation encountered in spike-based sampling modules. Through rigorous testing on neuromorphic datasets for event-based detection, our approach demonstrably surpasses existing state-of-the-art spike-based methods, achieving superior performance with significantly fewer parameters and time steps. For instance, our method achieves a 4.4\% mAP improvement on the Gen1 dataset, while requiring 38\% fewer parameters and three time steps. Moreover, the applicability and effectiveness of our adaptive sampling methodology extend beyond SNNs, as demonstrated through further validation on conventional non-spiking detection models.",https://eccv.ecva.net/virtual/2024/poster/711,anchor,event_to_spike;representation_slicing;architecture;temporal_modeling;learning;detection;efficiency_hardware,core,"EAS-SNN directly couples recurrent spiking dynamics to adaptive event sampling and detection, with dedicated spike-aware training and efficiency evidence spanning several core survey questions.",discussion,grouping_sampling;snn_hybrid;scalability_efficiency;task_generalization,reference,Its learnable SNN sampler and potential regularization offer concrete adaptive-sampling and SNN integration ideas for a scalable Event Cloud extension.,survey_core,no,Codex semantic review of complete title + complete official abstract,not_needed,
ECCV2024-1843,EDformer: Transformer-Based Event Denoising Across Varied Noise Levels,2024,ECCV,,yes,yes,f3274c021cbc45e4dcb417af204825d19101e55a8faec739b43b19d5402e4573,"Currently, there is relatively limited research on the non-informative background activity noise of event cameras in different brightness conditions, and the relevant real-world datasets is extremely scarce. This limitation contributes to the lack of robustness in existing event denoising algorithms when applied in practical scenarios. This paper addresses this gap by collecting and analyzing background activity noise from the DAVIS346 event camera under different illumination conditions. We introduce the first real-world event denoising dataset, ED24, encompassing 21 noise levels and noise annotations. Furthermore, we propose EDformer, an innovative event-by-event denoising model based on transformer. This model excels in event denoising by learning the spatiotemporal correlations among events across varied noise levels. In comparison to existing denoising algorithms, the proposed EDformer achieves state-of-the-art performance in denoising accuracy, including open-source datasets and datasets captured in practical scenarios with low-light intensity requirements such as zebrafish blood vessels imaging.",https://eccv.ecva.net/virtual/2024/poster/1120,background,event_to_spike;robustness_open_challenges;datasets_benchmarks,reference,"ED24 and event-by-event denoising provide input-noise and robustness context for downstream SNN-event pipelines, but EDformer itself is non-spiking.",watch,datasets;event_cloud_point;task_generalization,reference,"Noise-level robustness may matter to raw Event Cloud deployment, while the Transformer denoiser is not method-chain central.",retained_reference,no,Codex semantic review of complete title + complete official abstract,not_needed,
ECCV2024-2251,Edge-Guided Fusion and Motion Augmentation for Event-Image Stereo,2024,ECCV,,no,yes,b5b9729ec16356c20fa93ec97e870e280894c03c5d778266211d654e3f1aafd9,"Traditional frame-based cameras have achieved impressive performance in stereo matching, yet challenges remain due to sensor constraints, such as low dynamic range and motion blur. In contrast, event cameras capture per-pixel intensity changes asynchronously with high temporal resolution, making them less prone to motion blur and offering a high dynamic range. However, the event stream provides less spatial information compared to intensity images. Although existing state-of-the-art event-based stereo methods fuse features from both modalities, they still struggle to effectively capture and represent edge details in the scene. In this paper, we propose a novel edge-guided event-image stereo network, which utilizes extra edge cues to supplement edge information during disparity estimation. Firstly, we introduce an edge-guided event-image feature fusion approach to effectively supplement edge information in the fused features. Secondly, we incorporate edge cues into the disparity update process by introducing an edge-guided motion augmentation module, further augmenting the edge information during disparity estimation. Finally, we demonstrate the superiority of our method in stereo matching by conducting experiments on the real-world dataset using joint image and event data.",https://eccv.ecva.net/virtual/2024/poster/2116,exclude,,exclude,The event-image stereo network is a conventional multimodal disparity model without a necessary SNN-event integration role.,exclude,,exclude,Edge-guided stereo fusion is task-specific and does not materially support SECNet's representation or scalable frequency architecture.,excluded_from_active_corpus,no,Codex semantic review of complete title + complete official abstract,not_needed,
ECCV2024-1591,Efficient Learning of Event-based Dense Representation using Hierarchical Memories with Adaptive Update,2024,ECCV,,yes,yes,7473380dba819afd3be110b766d6647f9e40775371d7bb11a7a5b7632547aa10,"Leveraging the high temporal resolution of an event-based camera requires highly efficient event-by-event processing. However, dense prediction tasks require explicit pixel-level association, which is challenging for event-based processing frameworks. Existing works aggregate the events into a static frame-like representation at the cost of a much slower processing rate and high compute cost. To address this challenge, this work introduces an event-based spatiotemporal representation learning framework for efficiently solving dense prediction tasks. We uniquely handle the sparse, asynchronous events using an unstructured, set-based approach and project them into a hierarchically organized multi-level latent memory space that preserves the pixel-level structure. Low-level event streams are dynamically encoded into these latent structures through an explicit attention-based spatial association. Unlike existing works that update these memory stacks at a fixed rate, we introduce a data-adaptive update rate that recurrently keeps track of the past memory states and learns to update the corresponding memory stacks only when it has substantial new information, thereby improving the overall compute latency. Our method consistently achieves competitive performance across different event-based dense prediction tasks while ensuring much lower latency compared to the existing methods.",https://eccv.ecva.net/virtual/2024/poster/650,background,representation_slicing;temporal_modeling;pose_depth_segmentation;efficiency_hardware,core,Hierarchical adaptive memories provide a strong non-SNN event-by-event dense-representation comparator for SNN state/memory and latency claims.,discussion,scalability_efficiency;event_cloud_point;task_generalization,reference,"Its unstructured set input, hierarchical latent memories, and data-adaptive updates are directly relevant alternatives for SECNet scalability and long-context extension.",survey_core,no,Codex semantic review of complete title + complete official abstract,not_needed,
ECCV2024-0564,Efficient Training of Spiking Neural Networks with Multi-Parallel Implicit Stream Architecture,2024,ECCV,,yes,yes,f64e8aa52a55d4d15e58a16916e05e189aa9ddcb6ed3153ab674fee80cd36e5a,"Spiking neural networks (SNNs) are a novel type of bio-plausible neural network with energy efficiency. However, SNNs are non-differentiable and the training memory costs increase with the number of simulation steps. To address these challenges, this work introduces an implicit training method for SNNs inspired by equilibrium models. Our method relies on the multi-parallel implicit stream architecture (MPIS-SNNs). In the forward process, MPIS-SNNs drive multiple fused parallel implicit streams (ISs) to reach equilibrium state simultaneously. In the backward process, MPIS-SNNs solely rely on a single-time-step simulation of SNNs, avoiding the storage of a large number of activations. Extensive experiments on N-MNIST, Fashion-MNIST, CIFAR-10, and CIFAR-100 demonstrate that MPIS-SNNs exhibit excellent characteristics such as low latency, low memory cost, low firing rates, and fast convergence speed, and are competitive among latest efficient training methods for SNNs. Our code is available at an anonymized GitHub repository: https://anonymous.4open.science/r/MPIS-SNNs-3D32.",https://eccv.ecva.net/virtual/2024/poster/1548,background,learning;temporal_modeling;efficiency_hardware,reference,"MPIS-SNN supplies generic memory-efficient implicit SNN training context, but its event-camera involvement is limited to benchmark data rather than method design.",watch,snn_hybrid;scalability_efficiency,reference,"Implicit equilibrium training could matter if adding a trainable SNN branch, though it is not tied to Event Cloud processing.",retained_reference,no,Codex semantic review of complete title + complete official abstract,not_needed,
ECCV2024-0732,Event Camera Data Dense Pre-training,2024,ECCV,,yes,yes,74b625c58369640d071a8950e2ca44c8f8a51ee322897bc2e2d751c8e3aaf2d9,"This paper introduces a self-supervised learning framework designed for pre-training neural networks tailored to dense prediction tasks using event camera data. Our approach utilizes solely event data for training. Transferring achievements from dense RGB pre-training directly to event camera data yields subpar performance. This is attributed to the spatial sparsity inherent in an event image (converted from event data), where many pixels do not contain information. To mitigate this sparsity issue, we encode an event image into event patch features, automatically mine contextual similarity relationships among patches, group the patch features into distinctive contexts, and enforce context-to-context similarities to learn discriminative event features. For training our framework, we curate a synthetic event camera dataset featuring diverse scene and motion patterns. Transfer learning performance on downstream dense prediction tasks illustrates the superiority of our method over state-of-the-art approaches.",https://eccv.ecva.net/virtual/2024/poster/1466,background,learning;representation_slicing;pose_depth_segmentation,reference,Event-specific self-supervised dense pre-training is useful for the survey's learning section and as a non-SNN baseline for sparse event features.,discussion,task_generalization;event_cloud_point;datasets,reference,Event-only pre-training and contextual patch grouping offer concrete representation-learning and transfer questions for a broader SECNet backbone.,retained_reference,no,Codex semantic review of complete title + complete official abstract,not_needed,
ECCV2024-0903,Event Trojan: Asynchronous Event-based Backdoor Attacks,2024,ECCV,,yes,yes,401228decc392c1bbf7f42ef786cd2e48cd4a590d9f674f0efe9f959bb0b8268,"This paper has uncovered the possibility of directly poisoning event data streams by proposing Event Trojan framework, including two kinds of triggers, i.e., immutable and mutable triggers. Specifically, our two types of event triggers are based on a sequence of simulated event spikes, which can be easily incorporated into any event stream to initiate backdoor attacks. Additionally, for the mutable trigger, we design an adaptive learning mechanism to maximize its aggressiveness. To improve the stealthiness, we introduce a novel loss function that constrains the generated contents of mutable triggers, minimizing the difference between triggers and original events while maintaining effectiveness. Extensive experiments on public event datasets show the effectiveness of the proposed backdoor triggers. We hope that this paper can draw greater attention to the potential threats posed by backdoor attacks on event-based tasks.",https://eccv.ecva.net/virtual/2024/poster/2700,background,robustness_open_challenges;event_to_spike,reference,"Event Trojan establishes event-stream-specific backdoor threats that can support the limitations section, but it does not center on attacking SNN dynamics.",exclude,,exclude,Backdoor trigger construction is outside the intended SECNet representation and efficiency extension discussion.,retained_reference,no,Codex semantic review of complete title + complete official abstract,not_needed,
ECCV2024-1002,Event-Adapted Video Super-Resolution,2024,ECCV,,no,yes,31112711e9ae3e59f4dae684543273f927216bff323e7ba4a3499474e24a1bbb,"Introducing event cameras into video super-resolution (VSR) shows great promise. In practice, however, integrating event data as a new modality necessitates a laborious model architecture design. This not only consumes substantial time and effort but also disregards valuable insights from successful existing VSR models. Furthermore, the resource-intensive process of retraining these newly designed structures exacerbates the challenge. In this paper, inspired by recent success of parameter-efficient tuning in reducing the number of trainable parameters of a pre-trained model for downstream tasks, we introduce the Event AdapTER (EATER) for VSR. EATER efficiently utilizes pre-trained VSR model knowledge at the feature level through two lightweight and trainable components: the event-adapted alignment (EAA) unit and the event-adapted fusion (EAF) unit. The EAA unit aligns multiple frames based on the event stream in a coarse-to-fine manner, while the EAF unit efficiently fuses frames with the event stream through a multi-scaled design. Thanks to both units, EATER outperforms the full fine-tuning paradigm. Comprehensive experiments demonstrate the effectiveness of EATER, achieving superior results with parameter efficiency.",https://eccv.ecva.net/virtual/2024/poster/1743,exclude,,exclude,EATER is a conventional event-adapted video super-resolution method and does not add essential SNN-event integration evidence.,exclude,,exclude,Parameter-efficient VSR adaptation is too task-specific for the current SECNet/TPAMI method chain.,excluded_from_active_corpus,no,Codex semantic review of complete title + complete official abstract,not_needed,
ECCV2024-0947,Event-Aided Time-To-Collision Estimation for Autonomous Driving,2024,ECCV,,no,yes,fa15bf618910ebbd92dfb6ad86795f59a7e23006a789efc38799f965be7d354c,"Predicting a potential collision with leading vehicles is a fundamentally essential functionality of any autonomous/assisted driving system. One bottleneck of existing vision-based solutions is that their updating rate is limited to the frame rate of standard cameras used. In this paper, we present a novel method that estimates the time to collision using a neuromorphic event-based camera, a biologically inspired visual sensor that can sense at exactly the same rate as scene dynamics. The core of the proposed algorithm consists of a two-step approach for efficient and accurate geometric model fitting on event data in a coarse-to-fine manner. The first step is a robust linear solver based on a novel geometric measurement that overcomes the partial observability of event-based normal flow. The second step further refines the resulting model via a spatio-temporal registration process which is formulated as a nonlinear optimization problem. Experiments demonstrate the effectiveness of the proposed method, outperforming other counterparts in terms of efficiency and accuracy.",https://eccv.ecva.net/virtual/2024/poster/1387,exclude,,exclude,The time-to-collision method is a geometric event-camera solver without SNN computation or a required integration foundation.,exclude,,exclude,Coarse-to-fine geometric model fitting is outside the SECNet neural representation and architecture chain.,excluded_from_active_corpus,no,Codex semantic review of complete title + complete official abstract,not_needed,
ECCV2024-1102,Event-based Head Pose Estimation: Benchmark and Method,2024,ECCV,,yes,yes,2abc8d821ddd292cb2824b7ec3aab3f729e53a11ed90798f33c5b88141920982,"Head pose estimation (HPE) is crucial for various applications, including human-computer interaction, augmented reality, and driver monitoring. However, traditional RGB-based methods struggle in challenging conditions like sudden movement and extreme lighting. Event cameras, as a neuromorphic sensor, have the advantages of high temporal resolution and high dynamic range, offering a promising solution for HPE. However, the lack of paired event and head pose data hinders the full potential of event-based HPE. To address this, we introduce two large-scale, diverse event-based head pose datasets encompassing 282 sequences across different resolutions and scenarios. Furthermore, we propose the event-based HPE network, featuring two novel modules: the Event Spatial-Temporal Fusion (ESTF) module and the Event Motion Perceptual Attention (EMPA) module. The ESTF module effectively combines spatial and temporal information from the event streams, while the EMPA module captures crucial motion details across the scene using a large receptive field. We also propose a unified loss function to optimize the network using both angle and rotation matrix information. Extensive experiments demonstrate the superior performance of our network on both datasets, showcasing its effectiveness in handling HPE across various challenging scenarios. The datasets and code are available at https://github.com/Jiahui-Yuan-1/EVHPE",https://eccv.ecva.net/virtual/2024/poster/227,background,pose_depth_segmentation;datasets_benchmarks;temporal_modeling,reference,The HPE datasets and non-SNN spatiotemporal network provide task coverage and comparison evidence for future spiking event-pose methods.,watch,datasets;task_generalization,reference,"Head-pose benchmarks could broaden downstream evaluation, but the ESTF/EMPA method is not a direct SECNet predecessor.",retained_reference,no,Codex semantic review of complete title + complete official abstract,not_needed,
ECCV2024-2092,Event-based Mosaicing Bundle Adjustment,2024,ECCV,,no,yes,08cd63eef0ffd3538e7083f8f252702041e2a693f374cf483c4ff52739704500,"We tackle the problem of mosaicing bundle adjustment (i.e., simultaneous refinement of camera orientations and scene map) for a purely rotating event camera. We formulate the problem as a regularized non-linear least squares optimization. The objective function is defined using the linearized event generation model in the camera orientations and the panoramic gradient maps of the scene. We show that this BA optimization has an exploitable block-diagonal sparsity structure, so that the problem can be solved efficiently. To the best of our knowledge, this is the first work to leverage such sparsity to speed up the optimization in the context of event-based cameras, without the need to convert events into image-like representations. We evaluate EMBA on both synthetic and real-world datasets to show its effectiveness (50% photometric error decrease), yielding results of unprecedented quality. In addition, we demonstrate EMBA using high spatial resolution event cameras, yielding delicate panoramas in the wild, even without an initial map. We make the source code publicly available.",https://eccv.ecva.net/virtual/2024/poster/1388,exclude,,exclude,Event mosaicing bundle adjustment is geometric optimization without SNN computation and does not support the planned integration taxonomy.,exclude,,exclude,Its block-sparse nonlinear least-squares formulation is outside the learned Event Cloud backbone direction.,excluded_from_active_corpus,no,Codex semantic review of complete title + complete official abstract,not_needed,
ECCV2024-1094,Event-Based Motion Magnification,2024,ECCV,,yes,yes,eec5378128ab6148ed2ee99277d5a453db23cd3e627e9534be5aec87277ec2d0,"Detecting and magnifying imperceptible high-frequency motions in real-world scenarios has substantial implications for industrial and medical applications. These motions are characterized by small amplitudes and high frequencies. Traditional motion magnification methods rely on costly high-speed cameras or active light sources, which limit the scope of their applications. In this work, we propose a dual-camera system consisting of an event camera and a conventional RGB camera for video motion magnification, providing temporally-dense information from the event stream and spatially-dense data from the RGB images. This innovative combination enables a broad and cost-effective amplification of high-frequency motions. By revisiting the physical camera model, we observe that estimating motion direction and magnitude necessitates the integration of event streams with additional image features. On this basis, we propose a novel deep network tailored for event-based motion magnification. Our approach utilizes the Second-order Recurrent Propagation module to proficiently interpolate multiple frames while addressing artifacts and distortions induced by magnified motions. Additionally, we employ a temporal filter to distinguish between noise and useful signals, thus minimizing the impact of noise. We also introduced the first event-based motion magnification dataset, which includes a synthetic subset and a real-captured subset for training and benchmarking. Through extensive experiments in magnifying small-amplitude, high-frequency motions, we demonstrate the effectiveness and accuracy of our dual-camera system and network, offering a cost-effective and flexible solution for motion detection and magnification. Both the code and dataset will be released upon publication.",https://eccv.ecva.net/virtual/2024/poster/1002,exclude,,exclude,The dual-camera motion-magnification task is too specialized for the strict survey reference pool and contains no SNN computation.,discussion,fourier_fft;frequency;task_generalization,reference,"The PDF applies a pixel-wise Fourier transform along time, selects a desired motion band with a fixed 1D band-pass filter, and applies inverse Fourier transform. It is a useful temporal-filter reference, but narrower than the Core learned-frequency modules.",retained_reference,no,Codex semantic review of complete title + complete official abstract,checked_conference_pdf,"The inference manipulator applies a pixel-wise Fourier transform along time, a fixed 1D temporal band-pass filter, and inverse Fourier transform to motion representations."
ECCV2024-1740,Exploring Vulnerabilities in Spiking Neural Networks: Direct Adversarial Attacks on Raw Event Data,2024,ECCV,,yes,yes,9a6a301abef8c4ba272f904e4010d9c931c427d83b6184b0513f9fa13db584e8,"In the field of computer vision, event-based Dynamic Vision Sensors (DVSs) have emerged as a significant complement to traditional pixel-based imaging due to their low power consumption and high temporal resolution. These sensors, particularly when combined with spiking neural networks (SNNs), offer a promising direction for energy-efficient and fast-reacting vision systems. Typically, DVS data are converted into grid-based formats for processing with SNNs, with this transformation process often being an opaque step in the pipeline. As a result, the grid representation becomes an intermediate yet inaccessible stage during the implementation of attacks, highlighting the importance of attacking raw event data. Existing attack methodologies predominantly target grid-based representations, hindered by the complexity of three-valued optimization and the broad optimization space associated with raw event data. Our study addresses this gap by introducing a novel adversarial attack approach that directly targets raw event data. We tackle the inherent challenges of three-valued optimization and the need to preserve data sparsity through a strategic amalgamation of methods: 1) Treating Discrete Event Values as Probabilistic Samples: This allows for continuous optimization by considering discrete event values as probabilistic space samples. 2) Focusing on Specific Event Positions: We prioritize specific event positions that merge original data with additional target label data, enhancing attack precision. 3) Employing a Sparsity Norm: To retain the original data's sparsity, a sparsity norm is utilized, ensuring the adversarial data's comparability. Our empirical findings demonstrate the effectiveness of our combined approach, achieving noteworthy success in targeted attacks and highlighting vulnerabilities in models based on raw event data.",https://eccv.ecva.net/virtual/2024/poster/1447,included,robustness_open_challenges;event_to_spike;representation_slicing,core,"This paper directly attacks SNNs through raw event data while preserving event sparsity, making it important coverage for integration-specific security even though it is not a main architecture anchor.",exclude,,exclude,Adversarial event optimization does not currently offer a direct SECNet/TPAMI method-chain extension.,survey_core,no,Codex semantic review of complete title + complete official abstract,not_needed,
ECCV2024-0945,"FARSE-CNN: Fully Asynchronous, Recurrent and Sparse Event-Based CNN",2024,ECCV,,yes,yes,129f2de419c75c53336123787a4f24880b9681a1a887d24bbee92ec671654803,"Event cameras are neuromorphic image sensors that respond to per-pixel brightness changes, producing a stream of asynchronous and spatially sparse events. Currently, the most successful algorithms for event cameras convert batches of events into dense image-like representations that are synchronously processed by deep learning models of frame-based computer vision. These methods discard the inherent properties of events, leading to high latency and computational costs. Following a recent line of works, we propose a model for efficient asynchronous event processing that exploits sparsity. We design the Fully Asynchronous, Recurrent and Sparse Event-Based CNN (FARSE-CNN), a novel multi-layered architecture which combines the mechanisms of recurrent and convolutional neural networks. To build efficient deep networks, we propose compression modules that allow to learn hierarchical features both in space and time. We theoretically derive the complexity of all components in our architecture, and experimentally validate our method on tasks for object recognition, object detection and gesture recognition. FARSE-CNN achieves similar or better performance than the state-of-the-art among asynchronous methods, with low computational complexity and without relying on a fixed-length history of events. Our code will be released on GitHub.",https://eccv.ecva.net/virtual/2024/poster/1742,background,architecture;temporal_modeling;efficiency_hardware;representation_slicing,reference,FARSE-CNN is a strong fully asynchronous sparse non-SNN comparator that tests whether SNN event processing offers benefits beyond specialized recurrent sparse ANNs.,discussion,scalability_efficiency;event_cloud_point,reference,Its event-by-event sparse recurrence and compression modules provide concrete architectural and complexity comparisons for a scalable SECNet extension.,retained_reference,no,Codex semantic review of complete title + complete official abstract,not_needed,
ECCV2024-1083,Finding Meaning in Points: Weakly Supervised Semantic Segmentation for Event Cameras,2024,ECCV,,yes,yes,3ade196955336dccd34b3c8cc84edcccd02faaa8cd5cbbd3654b82db4175e32a,"Event cameras excel in capturing high-contrast scenes and dynamic objects, offering a significant advantage over traditional frame-based cameras. Despite active research into leveraging event cameras for semantic segmentation, generating pixel-wise dense semantic maps for such challenging scenarios remains labor-intensive. As a remedy, we present EV-WSSS: a novel weakly supervised approach for event-based semantic segmentation that utilizes sparse point annotations. To fully leverage the temporal characteristics of event data, the proposed framework performs asymmetric dual-student learning between 1) the original forward event data and 2) the longer reversed event data, which contain complementary information from the past and the future, respectively. Besides, to mitigate the challenges posed by sparse supervision, we propose feature-level contrastive learning based on class-wise prototypes, carefully aggregated at both spatial region and sample levels. Additionally, we further excavate the potential of our dual-student learning model by exchanging prototypes between the two learning paths, thereby harnessing their complementary strengths. With extensive experiments on various datasets, including DSEC Night-Point with sparse point annotations newly provided by this paper, the proposed method achieves substantial segmentation results even without relying on pixel-level dense ground truths. The code and dataset will be published soon.",https://eccv.ecva.net/virtual/2024/poster/391,background,learning;pose_depth_segmentation;robustness_open_challenges,reference,"EV-WSSS supplies event-specific weak supervision and temporal dual-path learning context for dense tasks, but the model is non-spiking.",watch,task_generalization;datasets,reference,"Sparse annotation and temporal reversal may inspire transfer experiments, though they are not central to the advisor method chain.",retained_reference,no,Codex semantic review of complete title + complete official abstract,not_needed,
ECCV2024-1361,FTBC: Forward Temporal Bias Correction for Optimizing ANN-SNN Conversion,2024,ECCV,,yes,yes,b989b570887bfc3c0d206bdce2be699553548a27ea25af3be0e8821ae1e91fee,"Spiking Neural Networks (SNNs) offer a promising avenue for energy-efficient computing compared with Artificial Neural Networks (ANNs), closely mirroring biological neural processes. However, this potential comes with inherent challenges in directly training SNNs through spatio-temporal backpropagation --- stemming from the temporal dynamics of spiking neurons and their discrete signal processing --- which necessitates alternative ways of training, most notably through ANN-SNN conversion. In this work, we introduce a lightweight Forward Temporal Bias Correction (FTBC) technique, aimed at enhancing conversion accuracy without the computational overhead. We ground our method on provided theoretical findings that through proper temporal bias calibration the expected error of ANN-SNN conversion can be reduced to be zero after each time step. We further propose a heuristic algorithm for finding the temporal bias only in the forward pass, thus eliminating the computational burden of backpropagation and we evaluate our method on CIFAR-10/100 and ImageNet datasets, achieving a notable increase in accuracy on all datasets. Codes are released at a GitHub repository.",https://eccv.ecva.net/virtual/2024/poster/437,background,learning;architecture;efficiency_hardware,reference,"FTBC is useful generic ANN-SNN conversion background for temporal bias and low-overhead conversion, but it has no event-camera-specific method design.",watch,snn_hybrid;scalability_efficiency,reference,"Forward-only conversion correction may be useful if exploring an SNN deployment branch, but it is not tied to Event Cloud processing.",retained_reference,no,Codex semantic review of complete title + complete official abstract,not_needed,
ECCV2024-0537,Integer-Valued Training and Spike-driven Inference Spiking Neural Network for High-performance and Energy-efficient Object Detection,2024,ECCV,,yes,yes,06fb7c321d0072cc57a352799d316b7e0d427880719637377ecbef7a4ebc7729,"Brain-inspired Spiking Neural Networks (SNNs) have bio-plausibility and low-power advantages over Artificial Neural Networks (ANNs). Applications of SNNs are currently limited to simple classification tasks because of their poor performance. In this work, we focus on bridging the performance gap between ANNs and SNNs on object detection. Our design revolves around network architecture and spiking neuron. First, the overly complex module design causes spike degradation when the YOLO series is converted to the corresponding spiking version. We design a SpikeYOLO architecture to solve this problem by simplifying the vanilla YOLO and incorporating meta SNN blocks. Second, object detection is more sensitive to quantization errors in the conversion of membrane potentials into binary spikes by spiking neurons. To address this challenge, we design a new spiking neuron that activates Integer values during training while maintaining spike-driven by extending virtual timestep during inference. The proposed method is validated on both static and neuromorphic object detection datasets. On the static COCO dataset, we obtain 66.2% mAP@50 and 48.9% mAP@50:95, which is +15.0% and +18.7% higher than the prior state-of-the-art SNN, respectively. On the neuromorphic Gen1 dataset, we achieve 67.2% mAP@50, which is +8.2% and +2.5% greater than the existing best SNN model and ANN with equivalent architecture, respectively, and the energy efficiency is improved by 5.7 times.",https://eccv.ecva.net/virtual/2024/poster/150,background,architecture;learning;detection;efficiency_hardware,reference,SpikeYOLO is a broadly applicable SNN detector whose integer-valued training and spike-driven inference are not designed around event streams; Gen1 is an evaluation dataset.,watch,snn_hybrid;scalability_efficiency,reference,It is a generic SNN deployment comparator rather than a SECNet predecessor or frequency/Fourier mechanism.,retained_reference,no,Codex semantic review of complete title + complete official abstract,not_needed,
ECCV2024-0069,LiDAR-Event Stereo Fusion with Hallucinations,2024,ECCV,,no,yes,dadab44366f89610f4d1a3855638b2086ce9d09290ad4f2a8278495b410f0d84,"Event stereo matching is an emerging technique to estimate depth with event cameras. However, events themselves are unlikely to trigger in the absence of motion or the presence of large, untextured regions, making the correspondence problem much more challenging. Purposely, we propose integrating a stereo event camera with a fixed-frequency active sensor -- e.g., a LiDAR -- collecting sparse depth measurements, overcoming previous limitations while still enjoying the microsecond resolution of event cameras. Such depth hints are used to hallucinate events in the stacks or along the raw streams, compensating for the lack of information in the absence of brightness changes. Our techniques are general, can be adapted to any structured representation to stack events proposed in the literature, and outperform state-of-the-art fusion methods applied to event-based stereo.",https://eccv.ecva.net/virtual/2024/poster/999,exclude,,exclude,LiDAR-event stereo fusion is a specialized sensor-fusion depth method without SNN computation or necessary intersection background.,exclude,,exclude,LiDAR hallucination for stereo is outside SECNet's Event Cloud classification and scalable backbone direction.,excluded_from_active_corpus,no,Codex semantic review of complete title + complete official abstract,not_needed,
ECCV2024-0029,Motion and Structure from Event-based Normal Flow,2024,ECCV,,no,yes,01090dfabedf44c572cf2deea348da9a2c83025355ee9ad4a073feda096a4d01,"Recovering the camera motion and scene geometry from visual data is a fundamental problem in the field of computer vision. Its success in standard vision is attributed to the maturity of feature extraction, data association and multi-view geometry. The recent emergence of neuromorphic event-based cameras places great demands on approaches that use raw event data as input to solve this fundamental problem. Existing state-of-the-art solutions typically infer implicitly data association by iteratively reversing the event data generation process. However, the nonlinear nature of these methods limits their applicability in real-time tasks, and the constant-motion assumption leads to unstable results under agile motion. To this end, we rethink the problem formulation in a way that aligns better with the differential working principle of event cameras. We show that the event-based normal flow can be used, via the proposed geometric error term, as an alternative to the full flow in solving a family of geometric problems that involve instantaneous first-order kinematics and scene geometry. Furthermore, we develop a fast linear solver and a continuous-time nonlinear solver on top of the proposed geometric error term. Experiments on both synthetic and real data demonstrate the superiority of our linear solver in terms of accuracy and efficiency, and indicate its complementary feature as an initialization method for existing nonlinear solvers. Besides, our continuous-time non-linear solver exhibits exceptional capability in accommodating sudden variations in motion since it does not rely on the constant-motion assumption.",https://eccv.ecva.net/virtual/2024/poster/2480,exclude,,exclude,Normal-flow motion and structure estimation is geometric event-camera optimization without SNN computation or necessary integration background.,exclude,,exclude,Its instantaneous kinematics solvers are outside the advisor's learned Event Cloud and scalable backbone direction.,excluded_from_active_corpus,no,Codex semantic review of complete title + complete official abstract,not_needed,
ECCV2024-0794,Motion Aware Event Representation-driven Image Deblurring,2024,ECCV,,yes,yes,031e4eed60abeb0a4e6a8681dd97a2b46a3950422859d2869182f846035dc1e9,"Traditional image deblurring struggles with high-quality reconstruction due to limited motion data from single blurred images. Excitingly, the high-temporal resolution of event cameras records motion more precisely in a different modality, transforming image deblurring. However, many event camera-based methods, which only care about the final value of the polarity accumulation, ignore the influence of the absolute intensity change where events generate so fall short in perceiving motion patterns and effectively aiding image reconstruction. To overcome this, in this work, we propose a new event preprocessing technique that accumulates the deviation from the initial moment each time the event is updated. This process can distinguish the order of events to improve the perception of object motion patterns. To complement our proposed event representation, we create a recurrent module designed to meticulously extract motion features across local and global time scales. To further facilitate the event feature and image feature integration, which assists in image reconstruction, we develop a bi-directional feature alignment and fusion module. This module works to lessen inter-modal inconsistencies. Our approach has been thoroughly tested through rigorous experiments carried out on several datasets with different distributions. These trials have delivered promising results, with our method achieving top-tier performance in both quantitative and qualitative assessments.",https://eccv.ecva.net/virtual/2024/poster/1001,background,representation_slicing;temporal_modeling;reconstruction_restoration,reference,Its order-sensitive event accumulation and multi-timescale recurrence provide non-SNN representation and temporal baselines for spiking restoration methods.,discussion,event_cloud_point;task_generalization,reference,Motion-aware event representation and local/global recurrence offer concrete alternatives for temporal encoding in an expanded SECNet.,retained_reference,no,Codex semantic review of complete title + complete official abstract,not_needed,
ECCV2024-1884,Physical-Based Event Camera Simulator,2024,ECCV,,yes,yes,bd62937c0d8c608ab3193280797b1d83f9c26312975a3b6b03985fff9feb5928,"Existing event camera simulators primarily focus on the process of generating video events and often overlook the entire optical path in real-world camera systems. To address this limitation, we propose a novel Physical-based Event Camera Simulator (PECS), which is able to generate a high-fidelity realistic event stream by directly interfacing with the 3D scene. Our PECS features a lens simulation block for accurate light-to-sensor chip replication and a multispectral rendering module for precise photocurrent generation. We present two spatiotemporal event metrics to assess the similarity between simulated and actual camera events. Experimental results demonstrate that our PECS outperforms four state-of-the-art simulators by a large margin in terms of event-based signal fidelity. We integrate our PECS into the UE platform to generate extensive multi-task synthetic datasets and evaluate its effectiveness in downstream vision tasks (e.g., video reconstruction). Our open-source code can be available in the supplementary material.",https://eccv.ecva.net/virtual/2024/poster/2117,background,event_to_spike;datasets_benchmarks;robustness_open_challenges,reference,"PECS is useful for discussing simulation fidelity and synthetic event data used to train or evaluate SNN-event systems, but it is not a spiking model.",watch,datasets;task_generalization,reference,"A high-fidelity simulator could support extension experiments, while remaining outside the SECNet method chain.",retained_reference,no,Codex semantic review of complete title + complete official abstract,not_needed,
ECCV2024-1737,REDIR: Refocus-free Event-based De-occlusion Image Reconstruction,2024,ECCV,,yes,yes,16b8f700f9f1295a254d3233bc2e6499eccd1b702472d7bc53a8194f4fa72972,"The employment of the event-based synthetic aperture imaging (E-SAI) technique, which has the capability to capture high-frequency light intensity variations, has facilitated its extensive application on scene de-occlusion reconstruction tasks. However, existing methods usually require prior information and have strict restriction of camera motion on SAI acquisition methods. This paper proposes a novel end-to-end refocus-free variable E-SAI de-occlusion image reconstruction approach REDIR, which can align the global and local features of the variable event data and effectively achieve high-resolution imaging of pure event streams. To further improve the reconstruction of the occluded target, we propose a perceptual mask-gated connection module to interlink information between modules, and incorporate a spatial-temporal attention mechanism into the SNN block to enhance target extraction ability of the model. Through extensive experiments, our model achieves state-of-the-art reconstruction quality on the traditional E-SAI dataset without prior information, while verifying the effectiveness of the variable event data feature registration method on our newly introduced V-ESAI dataset, which obviates the reliance on prior knowledge and extends the applicability of SAI acquisition methods by incorporating focus changes, lens rotations, and non-uniform motion.",https://eccv.ecva.net/virtual/2024/poster/2118,included,architecture;temporal_modeling;reconstruction_restoration;learning,reference,"REDIR integrates an SNN block with spatiotemporal attention for pure-event de-occlusion reconstruction, providing hybrid reconstruction coverage beyond classification and detection.",watch,snn_hybrid;task_generalization,reference,"Its SNN attention block and unusual reconstruction task may inspire hybrid extensions, but it is not a direct representation predecessor.",retained_reference,no,Codex semantic review of complete title + complete official abstract,not_needed,
ECCV2024-0932,Revisit Event Generation Model: Self-Supervised Learning of Event-to-Video Reconstruction with Implicit Neural Representations,2024,ECCV,,yes,yes,93d4ff0f5cdd91a35bbf9ac60bfa668fd6304503d17f4309c28c0bb97e2a9cc9,"Reconstructing intensity frames from event data while maintaining high temporal resolution and dynamic range is crucial for bridging the gap between event-based and the frame-based computer vision. Previous approaches have depended on supervised learning on synthetic data, which lacks interpretability and risk over-fit the setting of the event simulator. Recently, self-supervised learning (SSL) based methods, which primarily utilize per-frame optical flow to estimate intensity via photometric constancy, has been actively investigated. However, they are vulnerable to errors in case of inaccurate optical flow. This paper proposes a novel SSL event-to-video reconstruction approach, dubbed EvINR, which eliminates the need for labeled data or optical flow estimation. Our core idea is to reconstruct intensity frames by directly addressing the event generation model, essentially a partial differential equation (PDE) that describes how events are generated based on the time-varying brightness signals. Specifically, we utilize an implicit neural representation (INR), which takes in spatiotemporal coordinate $(x, y, t)$ and predicts intensity values, to represent the solution of the event generation equation. The INR, parameterized as a fully-connected Multi-layer Perceptron (MLP), can be optimized with its temporal derivatives supervised by events. To make EvINR feasible for online requisites, we propose several acceleration techniques that substantially expedite the training process. Comprehensive experiments demonstrate that our EvINR surpasses previous SSL methods by 38% Mean Squared Error (MSE) and is comparable or superior to SoTA supervised methods.",https://eccv.ecva.net/virtual/2024/poster/1389,background,event_to_spike;learning;reconstruction_restoration,reference,"EvINR supplies a physically grounded non-SNN reconstruction baseline based directly on the event-generation equation, useful for contrasting learned spike representations.",watch,event_cloud_point;task_generalization,reference,Direct modeling of the event-generation process may inform representation analysis but is not a close SECNet architecture match.,retained_reference,no,Codex semantic review of complete title + complete official abstract,not_needed,
ECCV2024-1778,Spike-Temporal Latent Representation for Energy-Efficient Event-to-Video Reconstruction,2024,ECCV,,yes,yes,190bac2969decccb8c4709ecbf8a75be91b6fd9bb6524fc5918cba97813484db,"Event-to-Video (E2V) reconstruction is to recover grayscale video from the neuromorphic event streams, and Spiking Neural Networks (SNNs) are the potential energy-efficient models to solve the reconstruction problem. Event voxels are an efficient representation for compressing event streams for E2V reconstruction, but their temporal latent representation is rarely considered in SNN-based reconstruction. In this paper, we propose a spike-temporal latent representation (STLR) model for SNN-based E2V reconstruction. The STLR solves the temporal latent coding of event voxels for video frame reconstruction. It is composed of two cascaded SNNs: a) Spike-based Voxel Temporal Encoder (SVT) and b) U-shape SNN Decoder. The SVT is a spike-driven spatial unfolding network with a specially designed coding dynamic. It encodes the event voxel into the layer-wise spiking features for latent coding, approximating the fixed point of the Iterative Shrinkage-Thresholding Algorithm. Then, the U-shape SNN decoder reconstructs the video based on the encoded spikes. Experimental results show that the STLR achieves comparable performance to the popular SNNs on IJRR, HQF, and MVSEC, and significantly improves energy efficiency. For example, the STLR achieves comparable performance under 13.20% parameters and 3.33%~ 5.03% energy cost of the PA-EVSNN.",https://eccv.ecva.net/virtual/2024/poster/1446,anchor,event_to_spike;representation_slicing;architecture;temporal_modeling;reconstruction_restoration;efficiency_hardware,core,"STLR is a direct cascaded-SNN event-to-video method whose voxel temporal coding, optimization-inspired spike encoder, decoder, and energy comparison make it a central reconstruction anchor.",discussion,snn_hybrid;frequency;scalability_efficiency;task_generalization,reference,Its temporal latent coding and lightweight spike-driven reconstruction provide concrete SNN integration and efficiency ideas for extending the advisor backbone.,survey_core,no,Codex semantic review of complete title + complete official abstract,not_needed,
ECCV2024-1484,Spiking Wavelet Transformer,2024,ECCV,,yes,yes,1b5f204694e4b83a14c0e5da00af5abb90b7e83d19e7835be62d2369d5e0e4ba,"Spiking neural networks (SNNs) offer an energy-efficient alternative to conventional deep learning by mimicking the event-driven processing of the brain. Incorporating the Transformers with SNNs has shown promise for accuracy, yet it is incompetent to capture high-frequency patterns like moving edge and pixel-level brightness changes due to their reliance on global self-attention operations. Porting frequency representations in SNN is challenging yet crucial for event-driven vision. To address this issue, we propose the Spiking Wavelet Transformer (SWformer), an attention-free architecture that effectively learns comprehensive spatial-frequency features in a spike-driven manner by leveraging the sparse wavelet transform. The critical component is a Frequency-aware Spiking Token Mixer (FSTM) with three branches: 1) spiking wavelet learner for spatial-frequency domain learning, 2) convolution-based learner for spatial feature extraction, and 3) spiking pointwise convolution for cross-channel information aggregation. We also adopt negative spike dynamics to strengthen the frequency representation further. This enables the SWformer to outperform vanilla spiking Transformers in capturing high-frequency visual components, as evidenced by our empirical results. Experiments on both static and neuromorphic datasets demonstrate SWformer's effectiveness in capturing spatial-frequency patterns in a multiplication-free, event-driven fashion, outperforming state-of-the-art SNNs. SWformer achieves an over 50 reduction in energy consumption, a 21.1 reduction in parameter count, and a 2.40 performance improvement on the ImageNet dataset compared to vanilla Spiking Transformers.",https://eccv.ecva.net/virtual/2024/poster/2545,background,architecture;temporal_modeling;efficiency_hardware,reference,"SWformer supplies generic frequency-aware spiking architecture and neuromorphic benchmark context, but it is not designed around event-camera input processing.",discussion,wavelet_time_frequency;frequency;snn_hybrid;scalability_efficiency,helpful,"The PDF places a sparse wavelet transform inside a spike-driven token mixer; it is a direct SNN time-frequency alternative, but wavelet is not FFT.",advisor_helpful,no,Codex semantic review of complete title + complete official abstract,checked_conference_pdf,SWformer uses a sparse wavelet transform inside a spike-driven token mixer; wavelet is not FFT.
ECCV2024-0580,Temporal Event Stereo via Joint Learning with Stereoscopic Flow,2024,ECCV,,no,yes,290a52c59fb9bb2376f5a382f326d226618aa06be3a58b07848a97593756edac,"Event cameras are dynamic vision sensors inspired by the biological retina, characterized by their high dynamic range, high temporal resolution, and low power consumption. These features make them capable of perceiving 3D environments even in extreme conditions. Event data is continuous across the time dimension, which allows a detailed description of each pixel's movements. To fully utilize the temporally dense and continuous nature of event cameras, we propose a novel temporal event stereo, a framework that continuously uses information from previous time steps. This is accomplished through the simultaneous training of an event stereo matching network alongside stereoscopic flow, a new concept that captures all pixel movements from stereo cameras. Since obtaining ground truth for optical flow during training is challenging, we propose a method that uses only disparity maps to train the stereoscopic flow. Ultimately, we enhance the performance of event-based stereo matching by temporally aggregating information using the flows. We have achieved state-of-the-art performance on the MVSEC and the DSEC dataset. Our method is computationally efficient as it stacks previous information in a cascading manner.",https://eccv.ecva.net/virtual/2024/poster/1741,exclude,,exclude,Temporal event stereo is a conventional dense matching framework without SNN computation and does not fill a necessary survey foundation.,exclude,,exclude,Stereoscopic flow and disparity aggregation are too task-specific for the SECNet method chain.,excluded_from_active_corpus,no,Codex semantic review of complete title + complete official abstract,not_needed,
ECCV2024-0927,Temporal Residual Guided Diffusion Framework for Event-Driven Video Reconstruction,2024,ECCV,,yes,yes,44ec6c355506149a991f734101b9b162e1dda668631d2e69136c4b3e3d0c358e,"Event-based video reconstruction has garnered increasing attention due to its advantages, such as high dynamic range and rapid motion capture capabilities. However, current methods often prioritize the extraction of temporal information from continuous event flow, leading to an overemphasis on low-frequency texture features in the scene, resulting in over-smoothing and blurry artifacts. Addressing this challenge necessitates the integration of conditional information, encompassing temporal features, low-frequency texture, and high-frequency events, to guide the Denoising Diffusion Probabilistic Model (DDPM) in producing accurate and natural outputs. To tackle this issue, we introduce a novel approach, the Temporal Residual Guided Diffusion Framework, which effectively leverages both temporal and frequency-based event priors. Our framework incorporates three key conditioning modules: a pre-trained low-frequency intensity estimation module, a temporal recurrent encoder module, and an attention-based high-frequency prior enhancement module. In order to capture temporal scene variations from the events at the current moment, we employ a temporal-domain residual image as the target for the diffusion model. Through the combination of these three conditioning paths and the temporal residual framework, our framework excels in reconstructing high-quality videos from event flow, mitigating issues such as artifacts and over-smoothing commonly observed in previous approaches. Extensive experiments conducted on multiple benchmark datasets validate the superior performance of our framework compared to prior event-based reconstruction methods. Our code will be released upon acceptance.",https://eccv.ecva.net/virtual/2024/poster/1241,exclude,,exclude,The diffusion event-video reconstruction framework is non-spiking and redundant with more directly useful restoration background and SNN reconstruction anchors.,watch,frequency;task_generalization,reference,Its low/high-frequency event priors are retained only as a non-Fourier contrast; the diffusion pipeline has no FFT or SNN coupling and is not Advisor Core.,retained_reference,no,Codex semantic review of complete title + complete official abstract,not_needed,
ECCV2024-2228,Temporal-Mapping Photography for Event Cameras,2024,ECCV,,yes,yes,aa76a38130de8288a1fd3596e4184749d54024cc003f08a3d77d3e0b9039a906,"Event cameras, or Dynamic Vision Sensors (DVS) are novel neuromorphic sensors that capture brightness changes as a continuous stream of “events” rather than traditional intensity frames. Converting sparse events to dense intensity frames faithfully has long been an ill-posed problem. Previous methods have primarily focused on converting events to video in dynamic scenes or with a moving camera. In this paper, for the first time, we realize events to dense intensity image conversion using a stationary event camera in static scenes with a transmittance adjustment device for brightness modulation. Different from traditional methods that mainly rely on event integration, the proposed Event-Based Temporal Mapping Photography (EvTemMap) measures the time of event emitting for each pixel. Then, the resulting Temporal Matrix is converted to an intensity frame with a temporal mapping neural network. At the hardware level, the proposed EvTemMapis implemented by combining a transmittance adjustment device with a DVS, named Adjustable Transmittance Dynamic Vision Sensor. Additionally, we collected TemMat dataset under various conditions including low-light and high dynamic range scenes. The experimental results showcase the high dynamic range, fine-grained details, and high-grayscale-resolution of the proposed EvTemMap. The code and dataset are available in https://github.com/YuHanBaozju/EvTemMap.",https://eccv.ecva.net/virtual/2024/poster/1000,background,event_to_spike;efficiency_hardware;robustness_open_challenges,reference,"EvTemMap changes event generation and readout through hardware, useful for discussing sensor-to-SNN information interfaces and assumptions.",watch,hardware;event_cloud_point;datasets,reference,"Alternative event sensing and temporal mapping could affect future input representations, though it is not a direct SECNet model contribution.",retained_reference,no,Codex semantic review of complete title + complete official abstract,not_needed,
ECCV2024-1636,TimeLens-XL: Real-time Event-based Video Frame Interpolation with Large Motion,2024,ECCV,,no,yes,c4cb43532108650ac8a6681a5330f983cf121c84b32194b4bce36de717208ece,"Video Frame Interpolation (VFI) aims to predict intermediate frames between consecutive low frame rate inputs. To handle the real-world complex motion between frames, event cameras, which capture high-frequency brightness changes at micro-second temporal resolution, are used to aid interpolation, denoted as Event-VFI. One critical step of Event-VFI is optical flow estimation. Prior methods that adopt either a two-segment formulation or a parametric trajectory model cannot correctly recover large and complex motions between frames, which suffer from accumulated error in flow estimation. To solve this problem, we propose TimeLens-XL, a physically grounded lightweight network that decomposes large motion between two frames into a sequence of small motions for better accuracy. It estimates the entire motion trajectory recursively and samples the bi-directional flow for VFI. Benefiting from the accurate and robust flow prediction, intermediate frames can be efficiently synthesized with simple warping and blending. As a result, the network is extremely lightweight, with only 1/5~1/10 computational cost and model size of prior works, while also achieving state-of-the-art performance on several challenging benchmarks. To our knowledge, TimeLens-XL is the first real-time (27fps) Event-VFI algorithm at a resolution of 1280x720 using a single RTX 3090 GPU. Furthermore, we have collected a new RGB+Event dataset (HQ-EVFI) consisting of more than 100 challenging scenes with large complex motions and accurately synchronized high-quality RGB-EVS streams. HQ-EVFI addresses several limitations presented in prior datasets and can serve as a new benchmark. Both the code and dataset will be released upon publication.",https://eccv.ecva.net/virtual/2024/poster/1003,exclude,,exclude,TimeLens-XL is a non-spiking event-assisted interpolation network and is redundant with more relevant temporal and restoration background.,exclude,,exclude,Its recursive optical-flow decomposition is task-specific and not a close SECNet method-chain contribution.,excluded_from_active_corpus,no,Codex semantic review of complete title + complete official abstract,not_needed,
ECCV2024-0183,Towards Real-world Event-guided Low-light Video Enhancement and Deblurring,2024,ECCV,,no,yes,e7ae2059575701d7e1e80656d406a1aee85058a5c8911ab827ddcf93264e8031,"In low-light conditions, capturing videos with frame-based cameras often requires long exposure times, resulting in motion blur and reduced visibility. While frame-based motion deblurring and low-light enhancement have been studied, they still pose significant challenges. Event cameras have emerged as a promising solution for improving image quality in low-light environments and addressing motion blur. They provide two key advantages: capturing scene details well even in low light due to their high dynamic range, and effectively capturing motion information during long exposures due to their high temporal resolution. Despite efforts to tackle low-light enhancement and motion deblurring using event cameras separately, previous work has not addressed both simultaneously. To explore the joint task, we first establish real-world datasets for event-guided low-light enhancement and deblurring using a hybrid camera system based on beam splitters. Subsequently, we introduce an end-to-end framework to effectively handle these tasks. Our framework incorporates a module to efficiently leverage temporal information from events and frames. Furthermore, we propose a module to utilize cross-modal feature information to employ a low-pass filter for noise suppression while enhancing the main structural information. Our proposed method significantly outperforms existing approaches in addressing the joint task. Our project pages are available at https://github.com/intelpro/ELEDNet.",https://eccv.ecva.net/virtual/2024/poster/651,exclude,,exclude,The joint low-light enhancement/deblurring ANN does not add SNN-event integration evidence beyond retained restoration background.,exclude,,exclude,Cross-modal low-pass enhancement is task-specific and not sufficiently connected to the advisor extension axes.,excluded_from_active_corpus,no,Codex semantic review of complete title + complete official abstract,not_needed,
ECCV2024-1328,Towards Robust Event-based Networks for Nighttime via Unpaired Day-to-Night Event Translation,2024,ECCV,,yes,yes,72f615a9269a632c7080099294b8187bb47cccd4fc0f99b7e803180ee41f533f,"Event cameras with high dynamic range ensure scene capture even in low-light conditions. However, night events exhibit patterns different from those captured during the day. This difference causes performance degradation when applying night events to a model trained solely on day events. This limitation persists due to a lack of annotated night events. To overcome the limitation, we aim to alleviate data imbalance by translating annotated day data into night events. However, generating events from different modalities challenges reproducing their unique properties. Accordingly, we propose an unpaired event-to-event day-to-night translation model that effectively learns to map from one domain to another using Diffusion GAN. The proposed translation model analyzes events in spatio-temporal dimension with wavelet decomposition and disentangled convolution layers. We also propose a new temporal contrastive learning with a novel shuffling and sampling strategy to regularize temporal continuity. To validate the efficacy of the proposed methodology, we redesign metrics for evaluating events translated in an unpaired setting, aligning them with the event modality for the first time. Our framework shows the successful day-to-night event translation while preserving the characteristics of events. In addition, through our translation method, we facilitate event-based modes to learn about night events by translating annotated day events into night events. Our approach effectively mitigates the performance degradation of applying real night events to downstream tasks.",https://eccv.ecva.net/virtual/2024/poster/2482,background,learning;robustness_open_challenges;event_to_spike,reference,"Day-to-night event translation provides event-specific domain-shift and data-generation context for robustness of SNN-event systems, while remaining non-spiking.",exclude,,exclude,"Wavelet-based day-to-night event translation addresses domain adaptation, not the SECNet Event Cloud, FFT, or SNN coupling required by the confirmed extension.",retained_reference,no,Codex semantic review of complete title + complete official abstract,not_needed,
ECCV2024-2318,Un-EVIMO: Unsupervised Event-based Independent Motion Segmentation,2024,ECCV,,no,yes,796db0d443e2bfd6f3896349f925a5b8ff83d7a542ffed9cc2b29ad194abf5b1,"Event cameras are a novel type of biologically inspired vision sensor known for their high temporal resolution, high dynamic range, and low power consumption. Because of these properties, they are well-suited for processing fast motions that require rapid reactions. Although event cameras have recently shown competitive performance in unsupervised optical flow estimation, performance in detecting independently moving objects (IMOs) is lacking behind, although event-based methods would be suited for this task based on their low latency and HDR properties. Previous approaches to event-based IMO segmentation have been heavily dependent on labeled data. However, biological vision systems have developed the ability to avoid moving objects through daily tasks without being given explicit labels. In this work, we propose the first event framework that generates IMO pseudo-labels using geometric constraints. Due to its unsupervised nature, our method can handle an arbitrary number of not predetermined objects and is easily scalable to datasets where expensive IMO labels are not readily available. We evaluate our approach on the EVIMO dataset and show that it performs competitively with supervised methods, both quantitatively and qualitatively.",https://eccv.ecva.net/virtual/2024/poster/2115,exclude,,exclude,Unsupervised independent-motion segmentation is an event-only geometric pseudo-label framework without a necessary SNN integration role.,exclude,,exclude,"Its IMO geometry is not materially related to Event Cloud representation, frequency modeling, or scalable classification.",excluded_from_active_corpus,no,Codex semantic review of complete title + complete official abstract,not_needed,
ECCV2024-1991,"UniINR: Event-guided Unified Rolling Shutter Correction, Deblurring, and Interpolation",2024,ECCV,,no,yes,b88b0e00a8f85184eab0904f1d3918e574b94784fa2905eff43941d473757cc8,"Video frames captured by rolling shutter (RS) cameras during fast camera movement frequently exhibit RS distortion and blur simultaneously. These RS frames can be modeled as a row-wise combination of global shutter (GS) frames within the exposure period. Naturally, recovering high-frame-rate GS sharp frames from an RS blur image must simultaneously consider RS correction, deblur, and frame interpolation. A naive way is to decompose the whole process into separate tasks and cascade existing methods; however, this results in cumulative errors and noticeable artifacts. Event cameras enjoy many advantages, \eg, high temporal resolution, making them potential for our problem. To this end, we propose the \textbf{first} and novel approach, named \textbf{UniINR}, to recover arbitrary frame-rate sharp GS frames from an RS blur image and paired event data. Our key idea is unifying spatial-temporal implicit neural representation (INR) to directly map the position and time coordinates to RGB values to address the interlocking degradations in the image restoration process. Specifically, we introduce spatial-temporal implicit encoding (STE) to convert an RS blur image and events into a spatial-temporal representation (STR). To query a specific sharp frame (GS or RS), we embed the exposure time into STR and decode the embedded features pixel-by-pixel to recover a sharp frame. Our method features a lightweight model with only \textbf{$0.379 M$} parameters, and it also enjoys high inference efficiency, achieving $2.83 ms/frame$ in $31 \times$ frame interpolation of an RS blur frame. Extensive experiments show that our method significantly outperforms prior methods.",https://eccv.ecva.net/virtual/2024/poster/2483,exclude,,exclude,UniINR is a specialized event-guided rolling-shutter restoration model without SNN computation and is redundant for the survey's integration focus.,exclude,,exclude,Spatial-temporal implicit RGB decoding is outside the SECNet/TPAMI method chain.,excluded_from_active_corpus,no,Codex semantic review of complete title + complete official abstract,not_needed,
ICLR2024-1543,A Graph is Worth 1-bit Spikes: When Graph Contrastive Learning Meets Spiking Neural Networks,2024,ICLR,,no,yes,4c9ecb9e64bac91bdcd1153a1507d326ec1f8faf78be8d90e677d48b0c2a9a3f,"While contrastive self-supervised learning has become the de-facto learning paradigm for graph neural networks, the pursuit of higher task accuracy requires a larger hidden dimensionality to learn informative and discriminative full-precision representations, raising concerns about computation, memory footprint, and energy consumption burden (largely overlooked) for real-world applications. This work explores a promising direction for graph contrastive learning (GCL) with spiking neural networks (SNNs), which leverage sparse and binary characteristics to learn more biologically plausible and compact representations. We propose SpikeGCL, a novel GCL framework to learn binarized 1-bit representations for graphs, making balanced trade-offs between efficiency and performance. We provide theoretical guarantees to demonstrate that SpikeGCL has comparable expressiveness with its full-precision counterparts. Experimental results demonstrate that, with nearly 32x representation storage compression, SpikeGCL is either comparable to or outperforms many fancy state-of-the-art supervised and self-supervised methods across several graph benchmarks.",https://proceedings.iclr.cc/paper_files/paper/2024/hash/abb4847bbd60f38b1b7649d26c7a0067-Abstract-Conference.html,exclude,,exclude,SpikeGCL concerns graph contrastive learning with SNNs and has no event-camera modality or useful vision-integration role.,exclude,,exclude,Graph representation learning is unrelated to the advisor's Event Cloud vision backbone.,excluded_from_active_corpus,no,Codex semantic review of complete title + complete official abstract,not_needed,
ICLR2024-0193,A Progressive Training Framework for Spiking Neural Networks with Learnable Multi-hierarchical Model,2024,ICLR,,yes,yes,caa7a32f202fe9351c1568a0271ac10f4a153799c0080daeb330e12aeb643c31,"Spiking Neural Networks (SNNs) have garnered considerable attention due to their energy efficiency and unique biological characteristics. However, the widely adopted Leaky Integrate-and-Fire (LIF) model, as the mainstream neuron model in current SNN research, has been revealed to exhibit significant deficiencies in deep-layer gradient calculation and capturing global information on the time dimension. In this paper, we propose the Learnable Multi-hierarchical (LM-H) model to address these issues by dynamically regulating its membrane-related factors. We point out that the LM-H model fully encompasses the information representation range of the LIF model while offering the flexibility to adjust the extraction ratio between historical and current information. Additionally, we theoretically demonstrate the effectiveness of the LM-H model and the functionality of its internal parameters, and propose a progressive training algorithm tailored specifically for the LM-H model. Furthermore, we devise an efficient training framework for our novel advanced model, encompassing hybrid training and time-slicing online training. Through extensive experiments on various datasets, we validate the remarkable superiority of our model and training algorithm compared to previous state-of-the-art approaches. Code is available at https://github.com/hzc1208/STBP_LMH .",https://proceedings.iclr.cc/paper_files/paper/2024/hash/148865706acbd18627d3fc15cc3f3b93-Abstract-Conference.html,background,architecture;temporal_modeling;learning,reference,"LM-H and progressive training provide generic neuron-memory and gradient context that may explain SNN temporal learning, but are not event-camera-specific.",discussion,snn_hybrid;scalability_efficiency,reference,Learnable historical/current information control and online training offer concrete temporal-neuron ideas for an SNN extension.,retained_reference,no,Codex semantic review of complete title + complete official abstract,not_needed,
ICLR2024-0730,Adaptive deep spiking neural network with global-local learning via balanced excitatory and inhibitory mechanism,2024,ICLR,,yes,yes,c6b9c7411b8508b108137dc24c92d303640b06b5602fcee71365d68e3bdff190,"The training method of Spiking Neural Networks (SNNs) is an essential problem, and how to integrate local and global learning is a worthy research interest. However, the current integration methods do not consider the network conditions suitable for local and global learning, and thus fail to balance their advantages. In this paper, we propose an Excitation-Inhibition Mechanism-assisted Hybrid Learning(EIHL) algorithm that adjusts the network connectivity by using the excitation-inhibition mechanism and then switches between local and global learning according to the network connectivity. The experimental results on CIFAR10/100 and DVS-CIFAR10 demonstrate that the EIHL not only has better accuracy performance than other methods but also has excellent sparsity advantage. Especially, the Spiking VGG11 is trained by EIHL, STBP, and STDP on DVS_CIFAR10, respectively. The accuracy of the Spiking VGG11 model on EIHL is 62.45%, which is 4.35% higher than STBP and 11.40% higher than STDP, and the sparsity is 18.74%, which is 18.74% higher than the other two methods. Moreover, the excitation-inhibition mechanism used in our method also offers a new perspective on the field of SNN learning.",https://proceedings.iclr.cc/paper_files/paper/2024/hash/4ec43957eda1126ad4887995d05fae3b-Abstract-Conference.html,background,learning;efficiency_hardware,reference,EIHL is generic SNN training evaluated on DVS-CIFAR10; it supports learning/sparsity background but does not address event-stream processing.,watch,snn_hybrid;scalability_efficiency,reference,"Hybrid local/global learning may be relevant to an SNN branch, while lacking direct Event Cloud connection.",retained_reference,no,Codex semantic review of complete title + complete official abstract,not_needed,
ICLR2024-2253,Can we get the best of both Binary Neural Networks and Spiking Neural Networks for Efficient Computer Vision?,2024,ICLR,,yes,yes,6d8b2540c605e2131fd87f4c20c495b6451fe5a1cde511ec26f9ecd59e9da810,"Binary Neural networks (BNN) have emerged as an attractive computing paradigm for a wide range of low-power vision tasks. However, state-of-the-art (SOTA) BNNs do not yield any sparsity, and induce a significant number of non-binary operations. On the other hand, activation sparsity can be provided by spiking neural networks (SNN), that too have gained significant traction in recent times. Thanks to this sparsity, SNNs when implemented on neuromorphic hardware, have the potential to be significantly more power-efficient compared to traditional artifical neural networks (ANN). However, SNNs incur multiple time steps to achieve close to SOTA accuracy. Ironically, this increases latency and energy---costs that SNNs were proposed to reduce---and presents itself as a major hurdle in realizing SNNs’ theoretical gains in practice. This raises an intriguing question: Can we obtain SNN-like sparsity and BNN-like accuracy and enjoy the energy-efficiency benefits of both? To answer this question, in this paper, we present a training framework for sparse binary activation neural networks (BANN) using a novel variant of the Hoyer regularizer. We estimate the threshold of each BANN layer as the Hoyer extremum of a clipped version of its activation map, where the clipping value is trained using gradient descent with our Hoyer regularizer. This approach shifts the activation values away from the threshold, thereby mitigating the effect of noise that can otherwise degrade the BANN accuracy. Our approach outperforms existing BNNs, SNNs, and adder neural networks (that also avoid energy-expensive multiplication operations similar to BNNs and SNNs) in terms of the accuracy-FLOPs trade-off for complex image recognition tasks. Downstream experiments on object detection further demonstrate the efficacy of our approach. Lastly, we demonstrate the portability of our approach to SNNs with multiple time steps. Codes are publicly available here .",https://proceedings.iclr.cc/paper_files/paper/2024/hash/ff521f7570d6ed23217ba5780753a1f7-Abstract-Conference.html,background,architecture;efficiency_hardware;robustness_open_challenges,reference,"The BANN/SNN comparison is useful for questioning whether spike sparsity and multiple timesteps truly improve efficient vision, but it is not event-camera-specific.",watch,hardware;scalability_efficiency;snn_hybrid,reference,"Its accuracy-compute comparison may inform efficient architecture evaluation, not the core SECNet method design.",retained_reference,no,Codex semantic review of complete title + complete official abstract,not_needed,
ICLR2024-1807,Certified Adversarial Robustness for Rate Encoded Spiking Neural Networks,2024,ICLR,,yes,yes,de3ae8c32243bc4400cd8d453dad43b12ef867a7efd943eed687f3513929285c,"The spiking neural networks are inspired by the biological neurons that employ binary spikes to propagate information in the neural network. It has garnered considerable attention as the next-generation neural network, as the spiking activity simplifies the computation burden of the network to a large extent and is known for its low energy deployment enabled by specialized neuromorphic hardware. One popular technique to feed a static image to such a network is rate encoding, where each pixel is encoded into random binary spikes, following a Bernoulli distribution that uses the pixel intensity as bias. By establishing a novel connection between rate-encoding and randomized smoothing, we give the first provable robustness guarantee for spiking neural networks against adversarial perturbation of inputs bounded under $l_1$-norm. We introduce novel adversarial training algorithms for rate-encoded models that significantly improve the state-of-the-art empirical robust accuracy result. Experimental validation of the method is performed across various static image datasets, including CIFAR-10, CIFAR-100 and ImageNet-100. The code is available at \url{https://github.com/BhaskarMukhoty/CertifiedSNN}.",https://proceedings.iclr.cc/paper_files/paper/2024/hash/ca24eb48806df3af49e5ac59d8a46f67-Abstract-Conference.html,background,robustness_open_challenges;event_to_spike,reference,"Certified robustness for rate-coded SNNs supplies robustness and encoding theory, but only for static images rather than event-camera streams.",exclude,,exclude,Rate-encoded static-image certification is outside the current SECNet/TPAMI direction.,retained_reference,no,Codex semantic review of complete title + complete official abstract,not_needed,
ICLR2024-0249,EventRPG: Event Data Augmentation with Relevance Propagation Guidance,2024,ICLR,,yes,yes,44de93d6f4d424455cc2dcb5d9216b5be3e7132c01af45884f3bb213120803ed,"Event camera, a novel bio-inspired vision sensor, has drawn a lot of attention for its low latency, low power consumption, and high dynamic range. Currently, overfitting remains a critical problem in event-based classification tasks for Spiking Neural Network (SNN) due to its relatively weak spatial representation capability. Data augmentation is a simple but efficient method to alleviate overfitting and improve the generalization ability of neural networks, and saliency-based augmentation methods are proven to be effective in the image processing field. However, there is no approach available for extracting saliency maps from SNNs. Therefore, for the first time, we present Spiking Layer-Time-wise Relevance Propagation rule (SLTRP) and Spiking Layer-wise Relevance Propagation rule (SLRP) in order for SNN to generate stable and accurate CAMs and saliency maps. Based on this, we propose EventRPG, which leverages relevance propagation on the spiking neural network for more efficient augmentation. Our proposed method has been evaluated on several SNN structures, achieving state-of-the-art performance in object recognition tasks including N-Caltech101, CIFAR10-DVS, with accuracies of 85.62% and 85.55%, as well as action recognition task SL-Animals with an accuracy of 91.59%. Our code is available at https://github.com/myuansun/EventRPG.",https://proceedings.iclr.cc/paper_files/paper/2024/hash/19dbb86f771ddbf9986cf0c9b1c61c17-Abstract-Conference.html,anchor,event_to_spike;learning;classification_recognition,core,"EventRPG directly develops SNN-specific relevance propagation and augmentation for event-camera recognition, making it evidence for training event-stream SNNs rather than benchmark-only SNN work.",discussion,snn_hybrid;task_generalization,reference,"Its event-specific augmentation and saliency machinery can inform generalization studies around SECNet, though it is not in the Event Cloud architecture chain.",survey_core,no,Codex semantic review of complete title + complete official abstract,not_needed,
ICLR2024-0651,Hebbian Learning based Orthogonal Projection for Continual Learning of Spiking Neural Networks,2024,ICLR,,yes,yes,7360788255e4aa92fba7cf75353b9af04dbfa438021733e11f88ae5764848cd1,"Neuromorphic computing with spiking neural networks is promising for energy-efficient artificial intelligence (AI) applications. However, different from humans who continually learn different tasks in a lifetime, neural network models suffer from catastrophic forgetting. How could neuronal operations solve this problem is an important question for AI and neuroscience. Many previous studies draw inspiration from observed neuroscience phenomena and propose episodic replay or synaptic metaplasticity, but they are not guaranteed to explicitly preserve knowledge for neuron populations. Other works focus on machine learning methods with more mathematical grounding, e.g., orthogonal projection on high dimensional spaces, but there is no neural correspondence for neuromorphic computing. In this work, we develop a new method with neuronal operations based on lateral connections and Hebbian learning, which can protect knowledge by projecting activity traces of neurons into an orthogonal subspace so that synaptic weight update will not interfere with old tasks. We show that Hebbian and anti-Hebbian learning on recurrent lateral connections can effectively extract the principal subspace of neural activities and enable orthogonal projection. This provides new insights into how neural circuits and Hebbian learning can help continual learning, and also how the concept of orthogonal projection can be realized in neuronal systems. Our method is also flexible to utilize arbitrary training methods based on presynaptic activities/traces. Experiments show that our method consistently solves forgetting for spiking neural networks with nearly zero forgetting under various supervised training methods with different error propagation approaches, and outperforms previous approaches under various settings. Our method can pave a solid path for building continual neuromorphic computing systems. The code is available at https://github.com/pkuxmq/HLOP-SNN.",https://proceedings.iclr.cc/paper_files/paper/2024/hash/46b1be2b90c6addc84efdf5d7e90eebc-Abstract-Conference.html,background,learning,reference,The paper supplies a generic SNN continual-learning mechanism but has no event-camera component; it is optional training background for future continual event-stream settings.,exclude,,exclude,"Continual learning is not connected in the abstract to SECNet's representation, scaling, or target tasks.",retained_reference,no,Codex semantic review of complete title + complete official abstract,not_needed,
ICLR2024-0718,Learning Delays in Spiking Neural Networks using Dilated Convolutions with Learnable Spacings,2024,ICLR,,yes,yes,0e0c239ffa61d4439b45a6c4ed946b99568d74555ce2bd54feb367e7f2da621f,"Spiking Neural Networks (SNNs) are a promising research direction for building power-efficient information processing systems, especially for temporal tasks such as speech recognition. In SNNs, delays refer to the time needed for one spike to travel from one neuron to another. These delays matter because they influence the spike arrival times, and it is well-known that spiking neurons respond more strongly to coincident input spikes. More formally, it has been shown theoretically that plastic delays greatly increase the expressivity in SNNs. Yet, efficient algorithms to learn these delays have been lacking. Here, we propose a new discrete-time algorithm that addresses this issue in deep feedforward SNNs using backpropagation, in an offline manner. To simulate delays between consecutive layers, we use 1D convolutions across time. The kernels contain only a few non-zero weights – one per synapse – whose positions correspond to the delays. These positions are learned together with the weights using the recently proposed Dilated Convolution with Learnable Spacings (DCLS). We evaluated our method on three datasets: the Spiking Heidelberg Dataset (SHD), the Spiking Speech Commands (SSC) and its non spiking version Google Speech Commands v0.02 (GSC) benchmarks, which require detecting temporal patterns. We used feedforward SNNs with two or three hidden fully connected layers, and vanilla leaky integrate-and-fire neurons. We showed that fixed random delays help and that learning them helps even more. Furthermore, our method outperformed the state-of-the-art in the three datasets without using recurrent connections and with substantially fewer parameters. Our work demonstrates the potential of delay learning in developing accurate and precise models for temporal data processing. Our code is based on PyTorch / SpikingJelly and available at: https://github.com/Thvnvtos/SNN-delays",https://proceedings.iclr.cc/paper_files/paper/2024/hash/4df1cc5a7528b7197ad8ae76ff30107a-Abstract-Conference.html,background,temporal_modeling;learning,reference,"Learnable synaptic delays provide useful SNN temporal-modeling background, although the experiments concern speech rather than event-camera streams.",watch,snn_hybrid,reference,Learned delay mechanisms are a possible temporal extension but have no direct Event Cloud or SECNet evidence.,retained_reference,no,Codex semantic review of complete title + complete official abstract,not_needed,
ICLR2024-0476,LMUFormer: Low Complexity Yet Powerful Spiking Model With Legendre Memory Units,2024,ICLR,,yes,yes,9f8cacf22960d59acdc11da647a0f7a946af24ac38a9fb8885ba0b1206a1434c,"Transformer models have demonstrated high accuracy in numerous applications but have high complexity and lack sequential processing capability making them ill-suited for many streaming applications at the edge where devices are heavily resource-constrained. Thus motivated, many researchers have proposed reformulating the transformer models as RNN modules which modify the self-attention computation with explicit states. However, these approaches often incur significant performance degradation.The ultimate goal is to develop a model that has the following properties: parallel training, streaming and low-cost inference, and state-of-the-art (SOTA) performance. In this paper, we propose a new direction to achieve this goal. We show how architectural modifications to a fully-sequential recurrent model can help push its performance toward Transformer models while retaining its sequential processing capability. Specifically, inspired by the recent success of Legendre Memory Units (LMU) in sequence learning tasks, we propose LMUFormer, which augments the LMU with convolutional patch embedding and convolutional channel mixer. Moreover, we present a spiking version of this architecture, which introduces the benefit of states within the patch embedding and channel mixer modules while simultaneously reducing the computing complexity. We evaluated our architectures on multiple sequence datasets. Of particular note is our performance on the Speech Commands V2 dataset (35 classes). In comparison to SOTA transformer-based models within the ANN domain, our LMUFormer demonstrates comparable performance while necessitating a remarkable $70\times$ reduction in parameters and a substantial $140\times$ decrement in FLOPs. Furthermore, when benchmarked against extant low-complexity SNN variants, our model establishes a new SOTA with an accuracy of 96.12\%. Additionally, owing to our model's proficiency in real-time data processing, we are able to achieve a 32.03\% reduction in sequence length, all while incurring an inconsequential decline in performance.",https://proceedings.iclr.cc/paper_files/paper/2024/hash/3353b22e6b85a76d45d6b01aa4328be5-Abstract-Conference.html,background,temporal_modeling;architecture;efficiency_hardware,reference,"LMUFormer is useful background on long-memory, streaming spiking sequence models, but it does not process event-camera data.",discussion,scalability_efficiency;snn_hybrid,reference,Its compact recurrent memory offers a concrete comparator for EventMamba/SECNet temporal scaling discussions.,retained_reference,no,Codex semantic review of complete title + complete official abstract,not_needed,
ICLR2024-2088,Online Stabilization of Spiking Neural Networks,2024,ICLR,,yes,yes,d719243b2e84a5ec4586498ede616f4017683011d0df55423865d7389a23c3b3,"Spiking neural networks (SNNs), attributed to the binary, event-driven nature of spikes, possess heightened biological plausibility and enhanced energy efficiency on neuromorphic hardware compared to analog neural networks (ANNs). Mainstream SNN training schemes apply backpropagation-through-time (BPTT) with surrogate gradients to replace the non-differentiable spike emitting process during backpropagation. While achieving competitive performance, the requirement for storing intermediate information at all time-steps incurs higher memory consumption and fails to fulfill the online property crucial to biological brains. Our work focuses on online training techniques, aiming for memory efficiency while preserving biological plausibility. The limitation of not having access to future information in early time steps in online training has constrained previous efforts to incorporate advantageous modules such as batch normalization. To address this problem, we propose Online Spiking Renormalization (OSR) to ensure consistent parameters between testing and training, and Online Threshold Stabilizer (OTS) to stabilize neuron firing rates across time steps. Furthermore, we design a novel online approach to compute the sample mean and variance over time for OSR. Experiments conducted on various datasets demonstrate the proposed method's superior performance among SNN online training algorithms.Our code is available at https://github.com/zhuyaoyu/SNN-online-normalization.",https://proceedings.iclr.cc/paper_files/paper/2024/hash/eb261df4322a8bd0a73093c4d8a0d02d-Abstract-Conference.html,background,learning;temporal_modeling,reference,"Online SNN normalization and firing-rate stabilization support the survey's training discussion, without constituting event-stream integration.",watch,snn_hybrid;scalability_efficiency,reference,Online training may matter for streaming extensions but is not part of SECNet's current method chain.,retained_reference,no,Codex semantic review of complete title + complete official abstract,not_needed,
ICLR2024-0723,Sparse Spiking Neural Network: Exploiting Heterogeneity in Timescales for Pruning Recurrent SNN,2024,ICLR,,yes,yes,05a5024a67b4c2b4a9ac09005648db1d514d76b688aedc09c7be266587904f20,"Recurrent Spiking Neural Networks (RSNNs) have emerged as a computationally efficient and brain-inspired machine learning model. The design of sparse RSNNs with fewer neurons and synapses helps reduce the computational complexity of RSNNs. Traditionally, sparse SNNs are obtained by first training a dense and complex SNN for a target task and, next, eliminating neurons with low activity (activity-based pruning) while maintaining task performance. In contrast, this paper presents a task-agnostic methodology for designing sparse RSNNs by pruning an untrained (arbitrarily initialized) large model. We introduce a novel Lyapunov Noise Pruning (LNP) algorithm that uses graph sparsification methods and utilizes Lyapunov exponents to design a stable sparse RSNN from an untrained RSNN. We show that the LNP can leverage diversity in neuronal timescales to design a sparse Heterogeneous RSNN (HRSNN). Further, we show that the same sparse HRSNN model can be trained for different tasks, such as image classification and time-series prediction. The experimental results show that, in spite of being task-agnostic, LNP increases computational efficiency (fewer neurons and synapses) and prediction performance of RSNNs compared to traditional activity-based pruning of trained dense models.",https://proceedings.iclr.cc/paper_files/paper/2024/hash/4e5f5e4504759e3957e3eef2a44a535e-Abstract-Conference.html,background,architecture;efficiency_hardware;temporal_modeling,reference,"Task-agnostic recurrent-SNN pruning supplies sparsity and temporal-dynamics background, but no event-camera evidence.",watch,scalability_efficiency;snn_hybrid,reference,Sparse recurrent design is adjacent efficiency inspiration rather than a direct SECNet extension.,retained_reference,no,Codex semantic review of complete title + complete official abstract,not_needed,
ICLR2024-1522,Spatio-Temporal Approximation: A Training-Free SNN Conversion for Transformers,2024,ICLR,,yes,yes,00ba496362a3778292403c2caad508550bd0638b9379aa10d6cc3cc2c95ac3fb,"Spiking neural networks (SNNs) are energy-efficient and hold great potential for large-scale inference. Since training SNNs from scratch is costly and has limited performance, converting pretrained artificial neural networks (ANNs) to SNNs is an attractive approach that retains robust performance without additional training data and resources. However, while existing conversion methods work well on convolution networks, emerging Transformer models introduce unique mechanisms like self-attention and test-time normalization, leading to non-causal non-linear interactions unachievable by current SNNs. To address this, we approximate these operations in both temporal and spatial dimensions, thereby providing the first SNN conversion pipeline for Transformers. We propose \textit{Universal Group Operators} to approximate non-linear operations spatially and a \textit{Temporal-Corrective Self-Attention Layer} that approximates spike multiplications at inference through an estimation-correction approach. Our algorithm is implemented on a pretrained ViT-B/32 from CLIP, inheriting its zero-shot classification capabilities, while improving control over conversion losses. To our knowledge, this is the first direct training-free conversion of a pretrained Transformer to a purely event-driven SNN, promising for neuromorphic hardware deployment.",https://proceedings.iclr.cc/paper_files/paper/2024/hash/a875c5600e933e56aad7d63439b11b35-Abstract-Conference.html,background,architecture;learning;efficiency_hardware,reference,"Training-free Transformer-to-SNN conversion is relevant to the conversion branch of an SNN survey, but it uses pretrained static-vision Transformers rather than event streams.",watch,snn_hybrid;hardware,reference,It can frame a possible converted-SNN baseline but has no direct Event Cloud relation.,retained_reference,no,Codex semantic review of complete title + complete official abstract,not_needed,
ICLR2024-2070,Spike-driven Transformer V2: Meta Spiking Neural Network Architecture Inspiring the Design of Next-generation Neuromorphic Chips,2024,ICLR,,yes,yes,1d06c6012147b3a83cfe70a43b2f59b8303e9ffdcf17acdb66bf0731782f2104,"Neuromorphic computing, which exploits Spiking Neural Networks (SNNs) on neuromorphic chips, is a promising energy-efficient alternative to traditional AI. CNN-based SNNs are the current mainstream of neuromorphic computing. By contrast, no neuromorphic chips are designed especially for Transformer-based SNNs, which have just emerged, and their performance is only on par with CNN-based SNNs, offering no distinct advantage. In this work, we propose a general Transformer-based SNN architecture, termed as ``Meta-SpikeFormer"", whose goals are: (1) Lower-power , supports the spike-driven paradigm that there is only sparse addition in the network; (2) Versatility , handles various vision tasks; (3) High-performance , shows overwhelming performance advantages over CNN-based SNNs; (4) Meta-architecture , provides inspiration for future next-generation Transformer-based neuromorphic chip designs. Specifically, we extend the Spike-driven Transformer in \citet{yao2023spike} into a meta architecture, and explore the impact of structure, spike-driven self-attention, and skip connection on its performance. On ImageNet-1K, Meta-SpikeFormer achieves 80.0\% top-1 accuracy (55M), surpassing the current state-of-the-art (SOTA) SNN baselines (66M) by 3.7\%. This is the first direct training SNN backbone that can simultaneously supports classification, detection, and segmentation, obtaining SOTA results in SNNs. Finally, we discuss the inspiration of the meta SNN architecture for neuromorphic chip design.",https://proceedings.iclr.cc/paper_files/paper/2024/hash/e9882f7f7c44a10acc01132302bac9d8-Abstract-Conference.html,background,architecture;efficiency_hardware;detection;pose_depth_segmentation,reference,"Meta-SpikeFormer is a major general-purpose directly trained SNN backbone and hardware-design reference, but the abstract provides no event-camera integration.",discussion,snn_hybrid;hardware;task_generalization;scalability_efficiency,reference,Its multi-task spiking backbone is a concrete efficiency and task-generalization comparator for a future SECNet extension.,retained_reference,no,Codex semantic review of complete title + complete official abstract,not_needed,
ICLR2024-1097,SpikePoint: An Efficient Point-based Spiking Neural Network for Event Cameras Action Recognition,2024,ICLR,,yes,yes,9bdbae0ae110d6ee53adf590b35e1c07bf321b08d6a4f24a8a790b3f6c25bf4d,"Event cameras are bio-inspired sensors that respond to local changes in light intensity and feature low latency, high energy efficiency, and high dynamic range. Meanwhile, Spiking Neural Networks (SNNs) have gained significant attention due to their remarkable efficiency and fault tolerance. By synergistically harnessing the energy efficiency inherent in event cameras and the spike-based processing capabilities of SNNs, their integration could enable ultra-low-power application scenarios, such as action recognition tasks. However, existing approaches often entail converting asynchronous events into conventional frames, leading to additional data mapping efforts and a loss of sparsity, contradicting the design concept of SNNs and event cameras. To address this challenge, we propose SpikePoint, a novel end-to-end point-based SNN architecture. SpikePoint excels at processing sparse event cloud data, effectively extracting both global and local features through a singular-stage structure. Leveraging the surrogate training method, SpikePoint achieves high accuracy with few parameters and maintains low power consumption, specifically employing the identity mapping feature extractor on diverse datasets. SpikePoint achieves state-of-the-art (SOTA) performance on four event-based action recognition datasets using only 16 timesteps, surpassing other SNN methods. Moreover, it also achieves SOTA performance across all methods on three datasets, utilizing approximately 0.3 % of the parameters and 0.5 % of power consumption employed by artificial neural networks (ANNs). These results emphasize the significance of Point Cloud and pave the way for many ultra-low-power event-based data processing applications.",https://proceedings.iclr.cc/paper_files/paper/2024/hash/75f1a165c7561e028c41d42fa6286a76-Abstract-Conference.html,anchor,event_to_spike;representation_slicing;architecture;classification_recognition;efficiency_hardware,core,"SpikePoint directly processes sparse Event Clouds with an end-to-end point-based SNN and supplies central evidence on representation, architecture, recognition, and estimated efficiency.",method_chain,event_cloud_point;grouping_sampling;snn_hybrid;scalability_efficiency;task_generalization,required,SpikePoint is a direct Event Cloud plus SNN predecessor in the advisor group's architectural chain leading toward SECNet.,survey_core;advisor_required,no,Codex semantic review of complete title + complete official abstract,not_needed,
ICLR2024-0272,TAB: Temporal Accumulated Batch Normalization in Spiking Neural Networks,2024,ICLR,,yes,yes,28095e95bfbfa74865b22dcdb1a5a95167a9ff0e5c5e411fc3051d6ef713f378,"Spiking Neural Networks (SNNs) are attracting growing interest for their energy-efficient computing when implemented on neuromorphic hardware. However, directly training SNNs, even adopting batch normalization (BN), is highly challenging due to their non-differentiable activation function and the temporally delayed accumulation of outputs over time. For SNN training, this temporal accumulation gives rise to Temporal Covariate Shifts (TCS) along the temporal dimension, a phenomenon that would become increasingly pronounced with layer-wise computations across multiple layers and multiple time-steps. In this paper, we introduce TAB (Temporal Accumulated Batch Normalization), a novel SNN batch normalization method that addresses the temporal covariate shift issue by aligning with neuron dynamics (specifically the accumulated membrane potential) and utilizing temporal accumulated statistics for data normalization. Within its framework, TAB effectively encapsulates the historical temporal dependencies that underlie the membrane potential accumulation process, thereby establishing a natural connection between neuron dynamics and TAB batch normalization. Experimental results on CIFAR-10, CIFAR-100, and DVS-CIFAR10 show that our TAB method outperforms other state-of-the-art methods.",https://proceedings.iclr.cc/paper_files/paper/2024/hash/1bd8cfc0e4c53869b7f1d0ed4b1e78e1-Abstract-Conference.html,background,learning;temporal_modeling,reference,"TAB addresses temporal covariate shift in SNN training and includes DVS-CIFAR10 only as a benchmark, so it is SNN-side background rather than an intersection paper.",watch,snn_hybrid,reference,"Temporal normalization may inform an SNN branch, but it is not directly tied to Event Cloud processing.",retained_reference,no,Codex semantic review of complete title + complete official abstract,not_needed,
ICLR2024-2175,Threaten Spiking Neural Networks through Combining Rate and Temporal Information,2024,ICLR,,yes,yes,09463330a39ac6a4dee150133acd0aeafcd5024c4bd76474675bf9d67813793e,"Spiking Neural Networks (SNNs) have received widespread attention in academic communities due to their superior spatio-temporal processing capabilities and energy-efficient characteristics. With further in-depth application in various fields, the vulnerability of SNNs under adversarial attack has become a focus of concern. In this paper, we draw inspiration from two mainstream learning algorithms of SNNs and observe that SNN models reserve both rate and temporal information. To better understand the capabilities of these two types of information, we conduct a quantitative analysis separately for each. In addition, we note that the retention degree of temporal information is related to the parameters and input settings of spiking neurons. Building on these insights, we propose a hybrid adversarial attack based on rate and temporal information (HART), which allows for dynamic adjustment of the rate and temporal attributes. Experimental results demonstrate that compared to previous works, HART attack can achieve significant superiority under different attack scenarios, data types, network architecture, time-steps, and model hyper-parameters. These findings call for further exploration into how both types of information can be effectively utilized to enhance the reliability of SNNs. Code is available at https://github.com/hzc1208/HART_Attack .",https://proceedings.iclr.cc/paper_files/paper/2024/hash/f5c530d3f287c43dccfca298698e9254-Abstract-Conference.html,background,robustness_open_challenges;temporal_modeling,reference,"HART reveals rate-versus-timing vulnerabilities across SNN data types and supports a focused robustness discussion, but it does not develop event-camera processing.",exclude,,exclude,Adversarial attack design is outside the current SECNet extension path.,retained_reference,no,Codex semantic review of complete title + complete official abstract,not_needed,
ICLR2024-1982,Towards Energy Efficient Spiking Neural Networks: An Unstructured Pruning Framework,2024,ICLR,,yes,yes,1e14cc96b274aecf1eeac916bd6fb27b66e72e1e4cc36f313f95a3d42bdd8bcc,"Spiking Neural Networks (SNNs) have emerged as energy-efficient alternatives to Artificial Neural Networks (ANNs) when deployed on neuromorphic chips. While recent studies have demonstrated the impressive performance of deep SNNs on challenging tasks, their energy efficiency advantage has been diminished. Existing methods targeting energy consumption reduction do not fully exploit sparsity, whereas powerful pruning methods can achieve high sparsity but are not directly targeted at energy efficiency, limiting their effectiveness in energy saving. Furthermore, none of these works fully exploit the sparsity of neurons or the potential for unstructured neuron pruning in SNNs. In this paper, we propose a novel pruning framework that combines unstructured weight pruning with unstructured neuron pruning to maximize the utilization of the sparsity of neuromorphic computing, thereby enhancing energy efficiency. To the best of our knowledge, this is the first application of unstructured neuron pruning to deep SNNs. Experimental results demonstrate that our method achieves impressive energy efficiency gains. The sparse network pruned by our method with only 0.63\% remaining connections can achieve a remarkable 91 times increase in energy efficiency compared to the original dense network, requiring only 8.5M SOPs for inference, with merely 2.19\% accuracy loss on the CIFAR-10 dataset. Our work suggests that deep and dense SNNs exhibit high redundancy in energy consumption, highlighting the potential for targeted SNN sparsification to save energy.",https://proceedings.iclr.cc/paper_files/paper/2024/hash/dd3c889922df2112a5b1769e3c19e28e-Abstract-Conference.html,background,efficiency_hardware;architecture,reference,"SNN neuron and weight pruning provides useful efficiency evidence and cautions about dense-model redundancy, without event-camera integration.",watch,scalability_efficiency;hardware;snn_hybrid,reference,Its sparsification evidence is adjacent to lightweight deployment but not specific to SECNet.,retained_reference,no,Codex semantic review of complete title + complete official abstract,not_needed,
ICML2024-2133,Autaptic Synaptic Circuit Enhances Spatio-temporal Predictive Learning of Spiking Neural Networks,2024,ICML,,yes,yes,7763ab8c4b2342cfecd83a4c395b7ac012e122fadb81300b5c3ddbd8427a6241,"Spiking Neural Networks (SNNs) emulate the integrated-fire-leak mechanism found in biological neurons, offering a compelling combination of biological realism and energy efficiency. In recent years, they have gained considerable research interest. However, existing SNNs predominantly rely on the Leaky Integrate-and-Fire (LIF) model and are primarily suited for simple, static tasks. They lack the ability to effectively model long-term temporal dependencies and facilitate spatial information interaction, which is crucial for tackling complex, dynamic spatio-temporal prediction tasks. To tackle these challenges, this paper draws inspiration from the concept of autaptic synapses in biology and proposes a novel Spatio-Temporal Circuit (STC) model. The STC model integrates two learnable adaptive pathways, enhancing the spiking neurons’ temporal memory and spatial coordination. We conduct theoretical analysis of the dynamic parameters in the STC model, highlighting their contribution in establishing long-term memory and mitigating the issue of gradient vanishing. Through extensive experiments on multiple spatio-temporal prediction datasets, we demonstrate that our model outperforms other adaptive models. Furthermore, our model is compatible with existing spiking neuron models, thereby augmenting their dynamic representations. In essence, our work enriches the specificity and topological complexity of SNNs.",https://proceedings.mlr.press/v235/wang24ci.html,background,temporal_modeling;architecture,reference,"The autaptic STC neuron targets long-term spatiotemporal prediction and gradient flow in SNNs, serving as temporal-dynamics background only.",discussion,snn_hybrid,reference,Learnable long-memory neuron pathways offer a concrete alternative to SSM-style temporal modeling for discussion.,retained_reference,no,Codex semantic review of complete title + complete official abstract,not_needed,
ICML2024-0803,CLIF: Complementary Leaky Integrate-and-Fire Neuron for Spiking Neural Networks,2024,ICML,,yes,yes,52909c74cf4c8a34930868b51442c4a21431a48165a277af6443198879b4a61a,"Spiking neural networks (SNNs) are promising brain-inspired energy-efficient models. Compared to conventional deep Artificial Neural Networks (ANNs), SNNs exhibit superior efficiency and capability to process temporal information. However, it remains a challenge to train SNNs due to their undifferentiable spiking mechanism. The surrogate gradients method is commonly used to train SNNs, but often comes with an accuracy disadvantage over ANNs counterpart. We link the degraded accuracy to the vanishing of gradient on the temporal dimension through the analytical and experimental study of the training process of Leaky Integrate-and-Fire (LIF) Neuron-based SNNs. Moreover, we propose the Complementary Leaky Integrate-and-Fire (CLIF) Neuron. CLIF creates extra paths to facilitate the backpropagation in computing temporal gradient while keeping binary output. CLIF is hyperparameter-free and features broad applicability. Extensive experiments on a variety of datasets demonstrate CLIF’s clear performance advantage over other neuron models. Furthermore, the CLIF’s performance even slightly surpasses superior ANNs with identical network structure and training conditions. The code is available at https://github.com/HuuYuLong/Complementary-LIF.",https://proceedings.mlr.press/v235/huang24n.html,background,learning;temporal_modeling;architecture,core,"CLIF directly addresses temporal-gradient vanishing in SNN neurons and is important training/dynamics background, but the abstract does not establish event-camera integration.",discussion,snn_hybrid,reference,"CLIF is generic SNN temporal-gradient background that may inform implementation, but it is not a SECNet predecessor or a frequency/Fourier mechanism.",survey_core,no,Codex semantic review of complete title + complete official abstract,not_needed,
ICML2024-1366,Efficient and Effective Time-Series Forecasting with Spiking Neural Networks,2024,ICML,,no,yes,1e60a5d9cda28838ecfb0525679eadf7dfdc7041cc252e27cab943eb705e4151,"Spiking neural networks (SNNs), inspired by the spiking behavior of biological neurons, provide a unique pathway for capturing the intricacies of temporal data. However, applying SNNs to time-series forecasting is challenging due to difficulties in effective temporal alignment, complexities in encoding processes, and the absence of standardized guidelines for model selection. In this paper, we propose a framework for SNNs in time-series forecasting tasks, leveraging the efficiency of spiking neurons in processing temporal information. Through a series of experiments, we demonstrate that our proposed SNN-based approaches achieve comparable or superior results to traditional time-series forecasting methods on diverse benchmarks with much less energy consumption. Furthermore, we conduct detailed analysis experiments to assess the SNN’s capacity to capture temporal dependencies within time-series data, offering valuable insights into its nuanced strengths and effectiveness in modeling the intricate dynamics of temporal data. Our study contributes to the expanding field of SNNs and offers a promising alternative for time-series forecasting tasks, presenting a pathway for the development of more biologically inspired and temporally aware forecasting models. Our code is available at https://github.com/microsoft/SeqSNN.",https://proceedings.mlr.press/v235/lv24d.html,exclude,,exclude,Generic time-series forecasting neither uses event-camera streams nor contributes a sufficiently specific foundation for the focused survey.,exclude,,exclude,Forecasting benchmarks and architecture are not materially connected to SECNet or its TPAMI extension.,excluded_from_active_corpus,no,Codex semantic review of complete title + complete official abstract,not_needed,
ICML2024-1239,Enhancing Adversarial Robustness in SNNs with Sparse Gradients,2024,ICML,,yes,yes,9fa0b2b1a56909e24a7b3d06a7fe3d2a3feaeb1a23f0dccf428cf2bd94443b26,"Spiking Neural Networks (SNNs) have attracted great attention for their energy-efficient operations and biologically inspired structures, offering potential advantages over Artificial Neural Networks (ANNs) in terms of energy efficiency and interpretability. Nonetheless, similar to ANNs, the robustness of SNNs remains a challenge, especially when facing adversarial attacks. Existing techniques, whether adapted from ANNs or specifically designed for SNNs, exhibit limitations in training SNNs or defending against strong attacks. In this paper, we propose a novel approach to enhance the robustness of SNNs through gradient sparsity regularization. We observe that SNNs exhibit greater resilience to random perturbations compared to adversarial perturbations, even at larger scales. Motivated by this, we aim to narrow the gap between SNNs under adversarial and random perturbations, thereby improving their overall robustness. To achieve this, we theoretically prove that this performance gap is upper bounded by the gradient sparsity of the probability associated with the true label concerning the input image, laying the groundwork for a practical strategy to train robust SNNs by regularizing the gradient sparsity. We validate the effectiveness of our approach through extensive experiments on both image-based and event-based datasets. The results demonstrate notable improvements in the robustness of SNNs. Our work highlights the importance of gradient sparsity in SNNs and its role in enhancing robustness.",https://proceedings.mlr.press/v235/liu24f.html,background,robustness_open_challenges;learning,reference,"Gradient-sparsity regularization supplies SNN robustness evidence and includes event-based datasets, but the method is generic rather than designed for event-camera processing.",exclude,,exclude,The adversarial-robustness objective is outside the present SECNet method direction.,retained_reference,no,Codex semantic review of complete title + complete official abstract,not_needed,
ICML2024-2069,EvGGS: A Collaborative Learning Framework for Event-based Generalizable Gaussian Splatting,2024,ICML,,yes,yes,b3c56a34380826924036ab4357dcba91e18e6e76859ef06b0679da6ee32d0a70,"Event cameras offer promising advantages such as high dynamic range and low latency, making them well-suited for challenging lighting conditions and fast-moving scenarios. However, reconstructing 3D scenes from raw event streams is difficult because event data is sparse and does not carry absolute color information. To release its potential in 3D reconstruction, we propose the first event-based generalizable 3D reconstruction framework, which reconstructs scenes as 3D Gaussians from only event input in a feedforward manner and can generalize to unseen cases without any retraining. This framework includes a depth estimation module, an intensity reconstruction module, and a Gaussian regression module. These submodules connect in a cascading manner, and we collaboratively train them with a designed joint loss to make them mutually promote. To facilitate related studies, we build a novel event-based 3D dataset with various material objects and calibrated labels of greyscale images, depth maps, camera poses, and silhouettes. Experiments show models that have jointly trained significantly outperform those trained individually. Our approach performs better than all baselines in reconstruction quality, and depth/intensity predictions with satisfactory rendering speed.",https://proceedings.mlr.press/v235/wang24w.html,background,reconstruction_restoration;pose_depth_segmentation;datasets_benchmarks,reference,EvGGS is an event-only 3D reconstruction and dataset paper; it can illustrate downstream event-camera capability but does not use SNNs.,watch,task_generalization;datasets,reference,"Its raw-event feedforward pipeline and dataset may support broader task evaluation, but the Gaussian-splatting method is distant from SECNet.",retained_reference,no,Codex semantic review of complete title + complete official abstract,not_needed,
ICML2024-0917,EvTexture: Event-driven Texture Enhancement for Video Super-Resolution,2024,ICML,,yes,yes,1f66bf63dd78023e30005fb414881b37427172170818473a47ea49cf7998c406,"Event-based vision has drawn increasing attention due to its unique characteristics, such as high temporal resolution and high dynamic range. It has been used in video super-resolution (VSR) recently to enhance the flow estimation and temporal alignment. Rather than for motion learning, we propose in this paper the first VSR method that utilizes event signals for texture enhancement. Our method, called EvTexture, leverages high-frequency details of events to better recover texture regions in VSR. In our EvTexture, a new texture enhancement branch is presented. We further introduce an iterative texture enhancement module to progressively explore the high-temporal-resolution event information for texture restoration. This allows for gradual refinement of texture regions across multiple iterations, leading to more accurate and rich high-resolution details. Experimental results show that our EvTexture achieves state-of-the-art performance on four datasets. For the Vid4 dataset with rich textures, our method can get up to 4.67dB gain compared with recent event-based methods. Code: https://github.com/DachunKai/EvTexture.",https://proceedings.mlr.press/v235/kai24a.html,background,reconstruction_restoration,reference,"EvTexture demonstrates event-guided texture restoration as event-camera-side task background, without SNN or direct survey-intersection contribution.",exclude,,exclude,Video super-resolution texture restoration is not a plausible SECNet extension target from the current evidence.,retained_reference,no,Codex semantic review of complete title + complete official abstract,not_needed,
ICML2024-0786,High-Performance Temporal Reversible Spiking Neural Networks with $\mathcalO(L)$ Training Memory and $\mathcalO(1)$ Inference Cost,2024,ICML,,yes,yes,2873b617b3dd03a6984ef1f1302eee669bf3f6880f01dba4cf6ac68d2ef743fb,"Multi-timestep simulation of brain-inspired Spiking Neural Networks (SNNs) boost memory requirements during training and increase inference energy cost. Current training methods cannot simultaneously solve both training and inference dilemmas. This work proposes a novel Temporal Reversible architecture for SNNs (T-RevSNN) to jointly address the training and inference challenges by altering the forward propagation of SNNs. We turn off the temporal dynamics of most spiking neurons and design multi-level temporal reversible interactions at temporal turn-on spiking neurons, resulting in a $\mathcal{O}(L)$ training memory. Combined with the temporal reversible nature, we redesign the input encoding and network organization of SNNs to achieve $\mathcal{O}(1)$ inference energy cost. Then, we finely adjust the internal units and residual connections of the basic SNN block to ensure the effectiveness of sparse temporal information interaction. T-RevSNN achieves excellent accuracy on ImageNet, while the memory efficiency, training time acceleration and inference energy efficiency can be significantly improved by $8.6 \times$, $2.0 \times$ and $1.6 \times$, respectively. This work is expected to break the technical bottleneck of significantly increasing memory cost and training time for large-scale SNNs while maintaining both high performance and low inference energy cost.",https://proceedings.mlr.press/v235/hu24q.html,background,architecture;temporal_modeling;efficiency_hardware,reference,"T-RevSNN addresses SNN training memory and inference cost through temporal reversibility, providing efficiency background without event streams.",discussion,scalability_efficiency;snn_hybrid;hardware,reference,Its explicit training-memory and inference-cost design gives a useful scalable-SNN comparator for future hybrid exploration.,retained_reference,no,Codex semantic review of complete title + complete official abstract,not_needed,
ICML2024-2373,Learning Scale-Aware Spatio-temporal Implicit Representation for Event-based Motion Deblurring,2024,ICML,,yes,yes,73309b1f02d7fdeba8a04aa6f7aa15c7b08132dda45f9b3385fd9c7d5e14b65c,"Existing event-based motion deblurring methods mostly focus on restoring images with the same spatial and temporal scales as events. However, the unknown scales of images and events in the real world pose great challenges and have rarely been explored. To address this gap, we propose a novel Scale-Aware Spatio-temporal Network (SASNet) to flexibly restore blurred images with event streams at arbitrary scales. The core idea is to implicitly aggregate both spatial and temporal correspondence features of images and events to generalize at continuous scales. To restore highly blurred local areas, we develop a Spatial Implicit Representation Module (SIRM) to aggregate spatial correlation at any resolution through event encoding sampling. To tackle global motion blur, a Temporal Implicit Representation Module (TIRM) is presented to learn temporal correlation via temporal shift operations with long-term aggregation. Additionally, we build a High-resolution Hybrid Deblur (H2D) dataset using a new-generation hybrid event-based sensor, which comprises images with naturally spatially aligned and temporally synchronized events at various scales. Experiments demonstrate that our SASNet outperforms state-of-the-art methods on both synthetic GoPro and real H2D datasets, especially in high-speed motion scenarios. Code and dataset are available at https://github.com/aipixel/SASNet.",https://proceedings.mlr.press/v235/yu24g.html,background,reconstruction_restoration;temporal_modeling,reference,"SASNet is event-camera-side deblurring with continuous spatial-temporal scale modeling, useful as a task example but not an SNN contribution.",exclude,,exclude,Scale-aware image deblurring is too specialized and architecturally distant from SECNet.,retained_reference,no,Codex semantic review of complete title + complete official abstract,not_needed,
ICML2024-0876,NDOT: Neuronal Dynamics-based Online Training for Spiking Neural Networks,2024,ICML,,yes,yes,3df5e6e1cb083406d7a835d2047dbd679d9ccaa46f602be0ec3e71e1fbeed27b,"Spiking Neural Networks (SNNs) are attracting great attention for their energy-efficient and fast-inference properties in neuromorphic computing. However, the efficient training of deep SNNs poses challenges in gradient calculation due to the non-differentiability of their binary spike-generating activation functions. The widely used surrogate gradient (SG) method, combined with the back-propagation through time (BPTT), has shown considerable effectiveness. Yet, BPTT’s process of unfolding and back-propagating along the computation graph requires storing intermediate information at all time-steps, resulting in huge memory consumption and failing to meet online requirements. In this work, we propose Neuronal Dynamics-based Online Training (NDOT) for SNNs, which uses the neuronal dynamics-based temporal dependency/sensitivity in gradient computation. NDOT enables forward-in-time learning by decomposing the full gradient into temporal and spatial gradients. To illustrate the intuition behind NDOT, we employ the Follow-the-Regularized-Leader (FTRL) algorithm. FTRL explicitly utilizes historical information and addresses limitations in instantaneous loss. Our proposed NDOT method accurately captures temporal dependencies through neuronal dynamics, functioning similarly to FTRL’s explicit utilizing historical information. Experiments on CIFAR-10, CIFAR-100, and CIFAR10-DVS demonstrate the superior performance of our NDOT method on large-scale static and neuromorphic datasets within a small number of time steps. The codes are available at https://github.com/HaiyanJiang/SNN-NDOT.",https://proceedings.mlr.press/v235/jiang24a.html,background,learning;temporal_modeling;efficiency_hardware,reference,NDOT supplies an online alternative to BPTT for SNN temporal credit assignment; CIFAR10-DVS is benchmark evidence rather than event-specific method design.,watch,snn_hybrid;scalability_efficiency,reference,Memory-efficient online training is adjacent to a future SNN branch but not in the direct Event Cloud chain.,retained_reference,no,Codex semantic review of complete title + complete official abstract,not_needed,
ICML2024-0438,Robust Stable Spiking Neural Networks,2024,ICML,,yes,yes,3a3b1ccba4eefba22b2d2aa37824f89ad5047f5ba2a114847ef222932b7eb6b9,"Spiking neural networks (SNNs) are gaining popularity in deep learning due to their low energy budget on neuromorphic hardware. However, they still face challenges in lacking sufficient robustness to guard safety-critical applications such as autonomous driving. Many studies have been conducted to defend SNNs from the threat of adversarial attacks. This paper aims to uncover the robustness of SNN through the lens of the stability of nonlinear systems. We are inspired by the fact that searching for parameters altering the leaky integrate-and-fire dynamics can enhance their robustness. Thus, we dive into the dynamics of membrane potential perturbation and simplify the formulation of the dynamics. We present that membrane potential perturbation dynamics can reliably convey the intensity of perturbation. Our theoretical analyses imply that the simplified perturbation dynamics satisfy input-output stability. Thus, we propose a training framework with modified SNN neurons and to reduce the mean square of membrane potential perturbation aiming at enhancing the robustness of SNN. Finally, we experimentally verify the effectiveness of the framework in the setting of Gaussian noise training and adversarial training on the image classification task. Please refer to https://github.com/DingJianhao/stable-snn for our code implementation.",https://proceedings.mlr.press/v235/ding24e.html,background,robustness_open_challenges;temporal_modeling,reference,"The stability analysis of LIF perturbation dynamics supports SNN robustness foundations, but only image classification is evaluated.",exclude,,exclude,Its robustness framework does not connect to SECNet's representation or scalability goals.,retained_reference,no,Codex semantic review of complete title + complete official abstract,not_needed,
ICML2024-1565,Sign Gradient Descent-based Neuronal Dynamics: ANN-to-SNN Conversion Beyond ReLU Network,2024,ICML,,yes,yes,aea011fb329bb5a1bc061f0d0b15b61e9d53d9dda3152fbd0af94f8d392d8549,"Spiking neural network (SNN) is studied in multidisciplinary domains to (i) enable order-of-magnitudes energy-efficient AI inference, and (ii) computationally simulate neuroscientific mechanisms. The lack of discrete theory obstructs the practical application of SNN by limiting its performance and nonlinearity support. We present a new optimization-theoretic perspective of the discrete dynamics of spiking neuron. We prove that a discrete dynamical system of simple integrate-and-fire models approximates the subgradient method over unconstrained optimization problems. We practically extend our theory to introduce a novel sign gradient descent (signGD)-based neuronal dynamics that can (i) approximate diverse nonlinearities beyond ReLU, and (ii) advance ANN-to-SNN conversion performance in low time-steps. Experiments on large-scale datasets show that our technique achieve (i) state-of-the-art performance in ANN-to-SNN conversion, and (ii) is first to convert new DNN architectures, e.g., ConvNext, MLP-Mixer, and ResMLP. We publicly share our source code at www.github.com/snuhcs/snn_signgd .",https://proceedings.mlr.press/v235/oh24b.html,background,learning;architecture;efficiency_hardware,reference,"SignGD neuronal dynamics advances low-timestep ANN-to-SNN conversion beyond ReLU and belongs in conversion background, not event-camera integration.",watch,snn_hybrid;hardware,reference,"The conversion mechanism may define an SNN deployment alternative, while remaining outside the Event Cloud method chain.",retained_reference,no,Codex semantic review of complete title + complete official abstract,not_needed,
ICML2024-2251,SpikeLM: Towards General Spike-Driven Language Modeling via Elastic Bi-Spiking Mechanisms,2024,ICML,,no,yes,d2e79ef3f3294dd764ccbcedf6f73048b4e0557a7b95791fb66e526dd6c0706e,"Towards energy-efficient artificial intelligence similar to the human brain, the bio-inspired spiking neural networks (SNNs) have advantages of biological plausibility, event-driven sparsity, and binary activation. Recently, large-scale language models exhibit promising generalization capability, making it a valuable issue to explore more general spike-driven models. However, the binary spikes in existing SNNs fail to encode adequate semantic information, placing technological challenges for generalization. This work proposes the first fully spiking mechanism for general language tasks, including both discriminative and generative ones. Different from previous spikes with 0,1 levels, we propose a more general spike formulation with bi-directional, elastic amplitude, and elastic frequency encoding, while still maintaining the addition nature of SNNs. In a single time step, the spike is enhanced by direction and amplitude information; in spike frequency, a strategy to control spike firing rate is well designed. We plug this elastic bi-spiking mechanism in language modeling, named SpikeLM. It is the first time to handle general language tasks with fully spike-driven models, which achieve much higher accuracy than previously possible. SpikeLM also greatly bridges the performance gap between SNNs and ANNs in language modeling. Our code is available at https://github.com/Xingrun-Xing/SpikeLM.",https://proceedings.mlr.press/v235/xing24d.html,exclude,,exclude,SpikeLM concerns spiking language modeling and contributes neither event-camera integration nor necessary vision-SNN foundation for this focused survey.,exclude,,exclude,Language modeling is outside SECNet's visual Event Cloud direction.,excluded_from_active_corpus,no,Codex semantic review of complete title + complete official abstract,not_needed,
ICML2024-2366,SpikeZIP-TF: Conversion is All You Need for Transformer-based SNN,2024,ICML,,yes,yes,9f7643bd2e69ccf0c5c7aa14d8bafbfcf39fd98b54ddce53ab74960011e97600,"Spiking neural network (SNN) has attracted great attention due to its characteristic of high efficiency and accuracy. Currently, the ANN-to-SNN conversion methods can obtain ANN on-par accuracy SNN with ultra-low latency (8 time-steps) in CNN structure on computer vision (CV) tasks. However, as Transformer-based networks have achieved prevailing precision on both CV and natural language processing (NLP), the Transformer-based SNNs are still encounting the lower accuracy w.r.t the ANN counterparts. In this work, we introduce a novel ANN-to-SNN conversion method called SpikeZIP-TF, where ANN and SNN are exactly equivalent, thus incurring no accuracy degradation. SpikeZIP-TF achieves 83.82% accuracy on CV dataset (ImageNet) and 93.79% accuracy on NLP dataset (SST-2), which are higher than SOTA Transformer-based SNNs. The code is available in GitHub: https://github.com/Intelligent-Computing-Research-Group/SpikeZIP_transformer",https://proceedings.mlr.press/v235/you24b.html,background,learning;architecture;efficiency_hardware,reference,Exact Transformer-to-SNN conversion supports the survey's conversion taxonomy but has no event-camera component.,watch,snn_hybrid;hardware,reference,It is a possible deployment comparator rather than a direct SECNet architectural relation.,retained_reference,no,Codex semantic review of complete title + complete official abstract,not_needed,
ICML2024-2233,Temporal Spiking Neural Networks with Synaptic Delay for Graph Reasoning,2024,ICML,,no,yes,4e7d04ddb7d6dd3ef6534333961d56e249f465264893f09a06ffd8a00352d480,"Spiking neural networks (SNNs) are investigated as biologically inspired models of neural computation, distinguished by their computational capability and energy efficiency due to precise spiking times and sparse spikes with event-driven computation. A significant question is how SNNs can emulate human-like graph-based reasoning of concepts and relations, especially leveraging the temporal domain optimally. This paper reveals that SNNs, when amalgamated with synaptic delay and temporal coding, are proficient in executing (knowledge) graph reasoning. It is elucidated that spiking time can function as an additional dimension to encode relation properties via a neural-generalized path formulation. Empirical results highlight the efficacy of temporal delay in relation processing and showcase exemplary performance in diverse graph reasoning tasks. The spiking model is theoretically estimated to achieve $20\times$ energy savings compared to non-spiking counterparts, deepening insights into the capabilities and potential of biologically inspired SNNs for efficient reasoning. The code is available at https://github.com/pkuxmq/GRSNN.",https://proceedings.mlr.press/v235/xiao24f.html,exclude,,exclude,Temporal SNN graph reasoning is distant from event-camera vision and is not required to explain the focused intersection.,exclude,,exclude,Knowledge-graph reasoning offers no concrete relation to SECNet's Event Cloud tasks.,excluded_from_active_corpus,no,Codex semantic review of complete title + complete official abstract,not_needed,
ICML2024-1168,Towards efficient deep spiking neural networks construction with spiking activity based pruning,2024,ICML,,yes,yes,9d532e0cf7c582e6fbb3daf73e53bb6cb0919d85b949beea3f6d769d802bbea4,"The emergence of deep and large-scale spiking neural networks (SNNs) exhibiting high performance across diverse complex datasets has led to a need for compressing network models due to the presence of a significant number of redundant structural units, aiming to more effectively leverage their low-power consumption and biological interpretability advantages. Currently, most model compression techniques for SNNs are based on unstructured pruning of individual connections, which requires specific hardware support. Hence, we propose a structured pruning approach based on the activity levels of convolutional kernels named Spiking Channel Activity-based (SCA) network pruning framework. Inspired by synaptic plasticity mechanisms, our method dynamically adjusts the network’s structure by pruning and regenerating convolutional kernels during training, enhancing the model’s adaptation to the current target task. While maintaining model performance, this approach refines the network architecture, ultimately reducing computational load and accelerating the inference process. This indicates that structured dynamic sparse learning methods can better facilitate the application of deep SNNs in low-power and high-efficiency scenarios.",https://proceedings.mlr.press/v235/li24bz.html,background,architecture;efficiency_hardware,reference,"Activity-based structured SNN pruning contributes general efficiency background, without event-camera processing or distinctive temporal-stream evidence.",watch,scalability_efficiency;hardware;snn_hybrid,reference,Structured sparsification may inform lightweight SNN variants but is not a direct method-chain paper.,retained_reference,no,Codex semantic review of complete title + complete official abstract,not_needed,
ICML2024-2598,Towards Efficient Spiking Transformer: a Token Sparsification Framework for Training and Inference Acceleration,2024,ICML,,yes,yes,4b9cabd0680bee4c945568b5d018d4637076bbd95fca618e718af8ac0987c835,"Nowadays Spiking Transformers have exhibited remarkable performance close to Artificial Neural Networks (ANNs), while enjoying the inherent energy-efficiency of Spiking Neural Networks (SNNs). However, training Spiking Transformers on GPUs is considerably more time-consuming compared to the ANN counterparts, despite the energy-efficient inference through neuromorphic computation. In this paper, we investigate the token sparsification technique for efficient training of Spiking Transformer and find conventional methods suffer from noticeable performance degradation. We analyze the issue and propose our Sparsification with Timestep-wise Anchor Token and dual Alignments (STATA). Timestep-wise Anchor Token enables precise identification of important tokens across timesteps based on standardized criteria. Additionally, dual Alignments incorporate both Intra and Inter Alignment of the attention maps, fostering the learning of inferior attention. Extensive experiments show the effectiveness of STATA thoroughly, which demonstrates up to $\sim$1.53$\times$ training speedup and $\sim$48% energy reduction with comparable performance on various datasets and architectures.",https://proceedings.mlr.press/v235/zhuge24b.html,background,architecture;efficiency_hardware;temporal_modeling,reference,"STATA addresses timestep-aware token sparsification in Spiking Transformers and supplies efficiency evidence, but not event-camera integration.",discussion,scalability_efficiency;snn_hybrid;hardware,reference,Token sparsification and temporal alignment are concrete scaling mechanisms worth comparing with SECNet's Event Cloud sampling.,retained_reference,no,Codex semantic review of complete title + complete official abstract,not_needed,
NeurIPS2024-4283,A Benchmark Dataset for Event-Guided Human Pose Estimation and Tracking in Extreme Conditions,2024,NeurIPS,Datasets and Benchmarks Track,yes,yes,d85f8534db54b53311c07bb9383e58fc9ab3f19a9addd5eacb5dbaff9c2370a0,"Multi-person pose estimation and tracking have been actively researched by the computer vision community due to their practical applicability. However, existing human pose estimation and tracking datasets have only been successful in typical scenarios, such as those without motion blur or with well-lit conditions. These RGB-based datasets are limited to learning under extreme motion blur situations or poor lighting conditions, making them inherently vulnerable to such scenarios.As a promising solution, bio-inspired event cameras exhibit robustness in extreme scenarios due to their high dynamic range and micro-second level temporal resolution. Therefore, in this paper, we introduce a new hybrid dataset encompassing both RGB and event data for human pose estimation and tracking in two extreme scenarios: low-light and motion blur environments. The proposed Event-guided Human Pose Estimation and Tracking in eXtreme Conditions (EHPT-XC) dataset covers cases of motion blur caused by dynamic objects and low-light conditions individually as well as both simultaneously. With EHPT-XC, we aim to inspire researchers to tackle pose estimation and tracking in extreme conditions by leveraging the advantageous of the event camera. Project pages are available at https://github.com/Chohoonhee/EHPT-XC.",https://papers.nips.cc/paper_files/paper/2024/hash/f304e427cfe6bb762fe1bf18516c8a87-Abstract-Datasets_and_Benchmarks_Track.html,background,pose_depth_segmentation;tracking;datasets_benchmarks,reference,"EHPT-XC is a formal event-camera benchmark for pose and tracking in extreme conditions, useful for task and dataset coverage but non-spiking.",discussion,datasets;task_generalization,reference,The hybrid extreme-condition benchmark offers a credible extension/evaluation setting for future SECNet work.,retained_reference,no,Codex semantic review of complete title + complete official abstract,not_needed,
NeurIPS2024-0287,A generalized neural tangent kernel for surrogate gradient learning,2024,NeurIPS,Main Conference Track,yes,yes,54d1ac08cb90120abdac912395e7a22fad3ae58001358c9990f25b03b6ac76e1,"State-of-the-art neural network training methods depend on the gradient of the network function. Therefore, they cannot be applied to networks whose activation functions do not have useful derivatives, such as binary and discrete-time spiking neural networks. To overcome this problem, the activation function's derivative is commonly substituted with a surrogate derivative, giving rise to surrogate gradient learning (SGL). This method works well in practice but lacks theoretical foundation.The neural tangent kernel (NTK) has proven successful in the analysis of gradient descent. Here, we provide a generalization of the NTK, which we call the surrogate gradient NTK, that enables the analysis of SGL. First, we study a naive extension of the NTK to activation functions with jumps, demonstrating that gradient descent for such activation functions is also ill-posed in the infinite-width limit. To address this problem, we generalize the NTK to gradient descent with surrogate derivatives, i.e., SGL. We carefully define this generalization and expand the existing key theorems on the NTK with mathematical rigor. Further, we illustrate our findings with numerical experiments. Finally, we numerically compare SGL in networks with sign activation function and finite width to kernel regression with the surrogate gradient NTK; the results confirm that the surrogate gradient NTK provides a good characterization of SGL.",https://papers.nips.cc/paper_files/paper/2024/hash/10f1737aa6347ccc555ac068e1b45523-Abstract-Conference.html,background,learning,reference,"The surrogate-gradient NTK gives rigorous theoretical background for SNN training, while being unrelated to event-camera data.",exclude,,exclude,Kernel theory for surrogate gradients does not materially support the current SECNet TPAMI direction.,retained_reference,no,Codex semantic review of complete title + complete official abstract,not_needed,
NeurIPS2024-0845,Advancing Spiking Neural Networks for Sequential Modeling with Central Pattern Generators,2024,NeurIPS,Main Conference Track,yes,yes,596839d5f0a5ebb6c252fb9f9d739a14d57eb7cf82331dea26c0b5a37d4d8d47,"Spiking neural networks (SNNs) represent a promising approach to developing artificial neural networks that are both energy-efficient and biologically plausible.However, applying SNNs to sequential tasks, such as text classification and time-series forecasting, has been hindered by the challenge of creating an effective and hardware-friendly spike-form positional encoding (PE) strategy.Drawing inspiration from the central pattern generators (CPGs) in the human brain, which produce rhythmic patterned outputs without requiring rhythmic inputs, we propose a novel PE technique for SNNs, termed CPG-PE.We demonstrate that the commonly used sinusoidal PE is mathematically a specific solution to the membrane potential dynamics of a particular CPG.Moreover, extensive experiments across various domains, including time-series forecasting, natural language processing, and image classification, show that SNNs with CPG-PE outperform their conventional counterparts.Additionally, we perform analysis experiments to elucidate the mechanism through which SNNs encode positional information and to explore the function of CPGs in the human brain.This investigation may offer valuable insights into the fundamental principles of neural computation.",https://papers.nips.cc/paper_files/paper/2024/hash/2f55a8b7b1c2c6312eb86557bb9a2bd5-Abstract-Conference.html,background,temporal_modeling;event_to_spike,reference,CPG-based spike positional encoding supports general SNN sequential modeling but is not evaluated on event-camera streams.,watch,snn_hybrid,reference,Hardware-friendly positional encoding is adjacent long-sequence inspiration rather than a direct SECNet relation.,retained_reference,no,Codex semantic review of complete title + complete official abstract,not_needed,
NeurIPS2024-3676,Advancing Training Efficiency of Deep Spiking Neural Networks through Rate-based Backpropagation,2024,NeurIPS,Main Conference Track,yes,yes,f57519cc9b9c5cf9871bc13d80539b055c1c1ea8df023f925d944f9387cbd64b,"Recent insights have revealed that rate-coding is a primary form of information representation captured by surrogate-gradient-based Backpropagation Through Time (BPTT) in training deep Spiking Neural Networks (SNNs). Motivated by these findings, we propose rate-based backpropagation, a training strategy specifically designed to exploit rate-based representations to reduce the complexity of BPTT. Our method minimizes reliance on detailed temporal derivatives by focusing on averaged dynamics, streamlining the computational graph to reduce memory and computational demands of SNNs training. We substantiate the rationality of the gradient approximation between BPTT and the proposed method through both theoretical analysis and empirical observations. Comprehensive experiments on CIFAR-10, CIFAR-100, ImageNet, and CIFAR10-DVS validate that our method achieves comparable performance to BPTT counterparts, and surpasses state-of-the-art efficient training techniques. By leveraging the inherent benefits of rate-coding, this work sets the stage for more scalable and efficient SNNs training within resource-constrained environments.",https://papers.nips.cc/paper_files/paper/2024/hash/d1bdc488ec18f64177b2275a03984683-Abstract-Conference.html,background,learning;efficiency_hardware;event_to_spike,reference,Rate-based backpropagation is useful for scalable SNN training; CIFAR10-DVS is only one benchmark and the method is not event-specific.,discussion,scalability_efficiency;snn_hybrid,reference,Its training-complexity reduction is a concrete scalable-SNN comparator for future hybrid work.,retained_reference,no,Codex semantic review of complete title + complete official abstract,not_needed,
NeurIPS2024-4345,Autonomous Driving with Spiking Neural Networks,2024,NeurIPS,Main Conference Track,no,yes,06506e88294c7a55b7bd6662e609a5886bda7aec1d6dd8e15650094c781f325f,"Autonomous driving demands an integrated approach that encompasses perception, prediction, and planning, all while operating under strict energy constraints to enhance scalability and environmental sustainability. We present Spiking Autonomous Driving (SAD), the first unified Spiking Neural Network (SNN) to address the energy challenges faced by autonomous driving systems through its event-driven and energy-efficient nature. SAD is trained end-to-end and consists of three main modules: perception, which processes inputs from multi-view cameras to construct a spatiotemporal bird's eye view; prediction, which utilizes a novel dual-pathway with spiking neurons to forecast future states; and planning, which generates safe trajectories considering predicted occupancy, traffic rules, and ride comfort. Evaluated on the nuScenes dataset, SAD achieves competitive performance in perception, prediction, and planning tasks, while drawing upon the energy efficiency of SNNs. This work highlights the potential of neuromorphic computing to be applied to energy-efficient autonomous driving, a critical step toward sustainable and safety-critical automotive technology. Our code is available at https://github.com/ridgerchu/SAD .",https://papers.nips.cc/paper_files/paper/2024/hash/f7344147dbd1607deac3a7e5f33a23aa-Abstract-Conference.html,exclude,,exclude,The SNN processes conventional multi-view camera data for autonomous driving and does not clarify a needed event-camera integration principle.,exclude,,exclude,Its end-to-end driving stack is distant from SECNet's Event Cloud method and planned extension.,excluded_from_active_corpus,no,Codex semantic review of complete title + complete official abstract,not_needed,
NeurIPS2024-1436,Continuous Spatiotemporal Events Decoupling through Spike-based Bayesian Computation,2024,NeurIPS,Main Conference Track,yes,yes,78f7a9e5697310b3abdd5a385567f1335c3240d4ea0694c165f6315cf6faa5d1,"Numerous studies have demonstrated that the cognitive processes of the human brain can be modeled using the Bayesian theorem for probabilistic inference of the external world. Spiking neural networks (SNNs), capable of performing Bayesian computation with greater physiological interpretability, offer a novel approach to distributed information processing in the cortex. However, applying these models to real-world scenarios to harness the advantages of brain-like computation remains a challenge. Recently, bio-inspired sensors with high dynamic range and ultra-high temporal resolution have been widely used in extreme vision scenarios. Event streams, generated by various types of motion, represent spatiotemporal data. Inferring motion targets from these streams without prior knowledge remains a difficult task. The Bayesian inference-based Expectation-Maximization (EM) framework has proven effective for motion segmentation in event streams, allowing for decoupling without prior information about the motion or its source. This work demonstrates that Bayesian computation based on spiking neural networks can decouple event streams of different motions. The Winner-Take-All (WTA) circuits in the constructed network implement an equivalent E-step, while STDP achieves an equivalent optimization in M-step. Through theoretical analysis and experiments, we show that STDP-based learning can maximize the contrast of warped events under mixed motion models. Experimental results show that the constructed spiking network can effectively segment the motion contained in event streams.",https://papers.nips.cc/paper_files/paper/2024/hash/4fe1859112230a032c7143a9adc3be78-Abstract-Conference.html,anchor,event_to_spike;temporal_modeling;pose_depth_segmentation;learning,core,"This work directly implements event-stream motion segmentation through SNN Bayesian computation and STDP, providing a distinctive fully spiking intersection mechanism.",discussion,event_cloud_point;snn_hybrid;task_generalization,reference,Its continuous event-stream inference offers a mechanistically different SNN comparator for extending Event Cloud tasks.,survey_core,no,Codex semantic review of complete title + complete official abstract,not_needed,
NeurIPS2024-3349,E-Motion: Future Motion Simulation via Event Sequence Diffusion,2024,NeurIPS,Main Conference Track,yes,yes,b9700efe0fa22318dcf3d1c0fe842627709f040078468a999bf5616a30bdce17,"Forecasting a typical object's future motion is a critical task for interpreting and interacting with dynamic environments in computer vision. Event-based sensors, which could capture changes in the scene with exceptional temporal granularity, may potentially offer a unique opportunity to predict future motion with a level of detail and precision previously unachievable. Inspired by that, we propose to integrate the strong learning capacity of the video diffusion model with the rich motion information of an event camera as a motion simulation framework. Specifically, we initially employ pre-trained stable video diffusion models to adapt the event sequence dataset. This process facilitates the transfer of extensive knowledge from RGB videos to an event-centric domain. Moreover, we introduce an alignment mechanism that utilizes reinforcement learning techniques to enhance the reverse generation trajectory of the diffusion model, ensuring improved performance and accuracy. Through extensive testing and validation, we demonstrate the effectiveness of our method in various complex scenarios, showcasing its potential to revolutionize motion flow prediction in computer vision applications such as autonomous vehicle guidance, robotic navigation, and interactive media. Our findings suggest a promising direction for future research in enhancing the interpretative power and predictive accuracy of computer vision systems. The source code ispublicly available at https://github.com/p4r4mount/E-Motion.",https://papers.nips.cc/paper_files/paper/2024/hash/be99227ef4a4de84bb45d7dc7b53f808-Abstract-Conference.html,background,temporal_modeling;classification_recognition,reference,E-Motion is a non-spiking event-sequence forecasting task that broadens event-side temporal modeling but is peripheral to the strict intersection.,watch,task_generalization,reference,Future-motion prediction is possible task inspiration but architecturally distant from SECNet.,retained_reference,no,Codex semantic review of complete title + complete official abstract,not_needed,
NeurIPS2024-3830,EGSST: Event-based Graph Spatiotemporal Sensitive Transformer for Object Detection,2024,NeurIPS,Main Conference Track,yes,yes,f3c7a6cd1f3861df03195ff423f9530dafd5d69495b959ae0ec75cc6bdc1c61d,"Event cameras provide exceptionally high temporal resolution in dynamic vision systems due to their unique event-driven mechanism. However, the sparse and asynchronous nature of event data makes frame-based visual processing methods inappropriate. This study proposes a novel framework, Event-based Graph Spatiotemporal Sensitive Transformer (EGSST), for the exploitation of spatial and temporal properties of event data. Firstly, a well-designed graph structure is employed to model event data, which not only preserves the original temporal data but also captures spatial details. Furthermore, inspired by the phenomenon that human eyes pay more attention to objects that produce significant dynamic changes, we design a Spatiotemporal Sensitivity Module (SSM) and an adaptive Temporal Activation Controller (TAC). Through these two modules, our framework can mimic the response of the human eyes in dynamic environments by selectively activating the temporal attention mechanism based on the relative dynamics of event data, thereby effectively conserving computational resources. In addition, the integration of a lightweight, multi-scale Linear Vision Transformer (LViT) markedly enhances processing efficiency. Our research proposes a fully event-driven approach, effectively exploiting the temporal precision of event data and optimising the allocation of computational resources by intelligently distinguishing the dynamics within the event data. The framework provides a lightweight, fast, accurate, and fully event-based solution for object detection tasks in complex dynamic environments, demonstrating significant practicality and potential for application.",https://papers.nips.cc/paper_files/paper/2024/hash/da733d44e4be3902d952d6c1ffcb7db6-Abstract-Conference.html,background,representation_slicing;temporal_modeling;detection;efficiency_hardware,reference,"EGSST preserves asynchronous events as graphs for efficient detection and is useful event-side representation background, but it is non-spiking.",discussion,event_cloud_point;scalability_efficiency;task_generalization,reference,Graph construction and adaptive temporal activation are concrete comparators for Event Cloud processing.,retained_reference,no,Codex semantic review of complete title + complete official abstract,not_needed,
NeurIPS2024-1637,EnOF-SNN: Training Accurate Spiking Neural Networks via Enhancing the Output Feature,2024,NeurIPS,Main Conference Track,yes,yes,82e7f910abe33f71ab598f165ba23075ae99bb1e0c30115a4d462f3acb9092b5,"Spiking neural networks (SNNs) have gained more and more interest as one of the energy-efficient alternatives of conventional artificial neural networks (ANNs). They exchange 0/1 spikes for processing information, thus most of the multiplications in networks can be replaced by additions. However, binary spike feature maps will limit the expressiveness of the SNN and result in unsatisfactory performance compared with ANNs. It is shown that a rich output feature representation, i.e., the feature vector before classifier) is beneficial to training an accurate model in ANNs for classification. We wonder if it also does for SNNs and how to improve the feature representation of the SNN.To this end, we materialize this idea in two special designed methods for SNNs.First, inspired by some ANN-SNN methods that directly copy-paste the weight parameters from trained ANN with light modification to homogeneous SNN can obtain a well-performed SNN, we use rich information of the weight parameters from the trained ANN counterpart to guide the feature representation learning of the SNN. In particular, we present the SNN's and ANN's feature representation from the same input to ANN's classifier to product SNN's and ANN's outputs respectively and then align the feature with the KL-divergence loss as in knowledge distillation methods, called L_ AF loss.It can be seen as a novel and effective knowledge distillation method specially designed for the SNN that comes from both the knowledge distillation and ANN-SNN methods. Various ablation study shows that the L_AF loss is more powerful than the vanilla knowledge distillation method.Second, we replace the last Leaky Integrate-and-Fire (LIF) activation layer as the ReLU activation layer to generate the output feature, thus a more powerful SNN with full-precision feature representation can be achieved but with only a little extra computation.Experimental results show that our method consistently outperforms the current state-of-the-art algorithms on both popular non-spiking static and neuromorphic datasets. We provide an extremely simple but effective way to train high-accuracy spiking neural networks.",https://papers.nips.cc/paper_files/paper/2024/hash/5c6f928e3fc5f32ee29a1d916b68e6f5-Abstract-Conference.html,background,learning;architecture,reference,ANN-guided output-feature learning is generic SNN training and uses neuromorphic datasets only for evaluation.,watch,snn_hybrid,reference,Its hybrid representation offers limited inspiration for an SNN branch.,retained_reference,no,Codex semantic review of complete title + complete official abstract,not_needed,
NeurIPS2024-4068,Event-3DGS: Event-based 3D Reconstruction Using 3D Gaussian Splatting,2024,NeurIPS,Main Conference Track,yes,yes,a4903554e2300c16a999f8a929eaadeefacea97bfbec4af15ab2521771da9129,"Event cameras, offering high temporal resolution and high dynamic range, have brought a new perspective to addressing 3D reconstruction challenges in fast-motion and low-light scenarios. Most methods use the Neural Radiance Field (NeRF) for event-based photorealistic 3D reconstruction. However, these NeRF methods suffer from time-consuming training and inference, as well as limited scene-editing capabilities of implicit representations. To address these problems, we propose Event-3DGS, the first event-based reconstruction using 3D Gaussian splatting (3DGS) for synthesizing novel views freely from event streams. Technically, we first propose an event-based 3DGS framework that directly processes event data and reconstructs 3D scenes by simultaneously optimizing scenario and sensor parameters. Then, we present a high-pass filter-based photovoltage estimation module, which effectively reduces noise in event data to improve the robustness of our method in real-world scenarios. Finally, we design an event-based 3D reconstruction loss to optimize the parameters of our method for better reconstruction quality. The results show that our method outperforms state-of-the-art methods in terms of reconstruction quality on both simulated and real-world datasets. We also verify that our method can perform robust 3D reconstruction even in real-world scenarios with extreme noise, fast motion, and low-light conditions. Our code is available in https://github.com/lanpokn/Event-3DGS.",https://papers.nips.cc/paper_files/paper/2024/hash/e73ad1f690542144ce354637bb913c35-Abstract-Conference.html,background,reconstruction_restoration;robustness_open_challenges,reference,Event-3DGS supplies event-only 3D reconstruction and noise-handling evidence but does not involve SNNs.,exclude,,exclude,Gaussian-splatting reconstruction is outside the current SECNet method path.,retained_reference,no,Codex semantic review of complete title + complete official abstract,not_needed,
NeurIPS2024-1003,Exact Gradients for Stochastic Spiking Neural Networks Driven by Rough Signals,2024,NeurIPS,Main Conference Track,no,yes,46955407da87638bf96db206e0257806d4c6308027431d8a0c12c6243adf8455,"We introduce a mathematically rigorous framework based on rough path theory to model stochastic spiking neural networks (SSNNs) as stochastic differential equations with event discontinuities (Event SDEs) and driven by càdlàg rough paths. Our formalism is general enough to allow for potential jumps to be present both in the solution trajectories as well as in the driving noise. We then identify a set of sufficient conditions ensuring the existence of pathwise gradients of solution trajectories and event times with respect to the network's parameters and show how these gradients satisfy a recursive relation. Furthermore, we introduce a general-purpose loss function defined by means of a new class of signature kernels indexed on càdlàg rough paths and use it to train SSNNs as generative models. We provide an end-to-end autodifferentiable solver for Event SDEs and make its implementation available as part of the $\texttt{diffrax}$ library. Our framework is, to our knowledge, the first enabling gradient-based training of SSNNs with noise affecting both the spike timing and the network's dynamics.",https://papers.nips.cc/paper_files/paper/2024/hash/3855b10f44494f5ba4c283a00079f1e2-Abstract-Conference.html,exclude,,exclude,Stochastic SNN rough-path theory is mathematically specialized and does not materially explain SNN processing of event-camera streams.,exclude,,exclude,The Event-SDE formalism has no concrete SECNet relation.,excluded_from_active_corpus,no,Codex semantic review of complete title + complete official abstract,not_needed,
NeurIPS2024-3824,EyeGraph: Modularity-aware Spatio Temporal Graph Clustering for Continuous Event-based Eye Tracking,2024,NeurIPS,Datasets and Benchmarks Track,yes,yes,17e2ed3bd26274b86fe6677b1a6b54409f6d057054a5db1af9cf8ff2a3b08932,"Continuous tracking of eye movement dynamics plays a significant role in developing a broad spectrum of human-centered applications, such as cognitive skills (visual attention and working memory) modeling, human-machine interaction, biometric user authentication, and foveated rendering. Recently neuromorphic cameras have garnered significant interest in the eye-tracking research community, owing to their sub-microsecond latency in capturing intensity changes resulting from eye movements. Nevertheless, the existing approaches for event-based eye tracking suffer from several limitations: dependence on RGB frames, label sparsity, and training on datasets collected in controlled lab environments that do not adequately reflect real-world scenarios. To address these limitations, in this paper, we propose a dynamic graph-based approach that uses a neuromorphic event stream captured by Dynamic Vision Sensors (DVS) for high-fidelity tracking of pupillary movement. More specifically, first, we present EyeGraph, a large-scale multi-modal near-eye tracking dataset collected using a wearable event camera attached to a head-mounted device from 40 participants -- the dataset was curated while mimicking in-the-wild settings, accounting for varying mobility and ambient lighting conditions. Subsequently, to address the issue of label sparsity, we adopt an unsupervised topology-aware approach as a benchmark. To be specific, (a) we first construct a dynamic graph using Gaussian Mixture Models (GMM), resulting in a uniform and detailed representation of eye morphology features, facilitating accurate modeling of pupil and iris. Then (b) apply a novel topologically guided modularity-aware graph clustering approach to precisely track the movement of the pupil and address the label sparsity in event-based eye tracking. We show that our unsupervised approach has comparable performance against the supervised approaches while consistently outperforming the conventional clustering approaches.",https://papers.nips.cc/paper_files/paper/2024/hash/d9d40ea135f064d9e49e0579e59ad773-Abstract-Datasets_and_Benchmarks_Track.html,background,tracking;datasets_benchmarks;representation_slicing,reference,"EyeGraph provides event-camera tracking, dataset, and dynamic-graph representation evidence on the event side, without SNNs.",watch,event_cloud_point;datasets;task_generalization,reference,Dynamic event graphs and an in-the-wild dataset are adjacent representation/evaluation ideas.,retained_reference,no,Codex semantic review of complete title + complete official abstract,not_needed,
NeurIPS2024-2916,FEEL-SNN: Robust Spiking Neural Networks with Frequency Encoding and Evolutionary Leak Factor,2024,NeurIPS,Main Conference Track,yes,yes,798890984dc8678c975065c8813f83e60e44e4331ef55741ea8e5281d43be3a0,"Currently, researchers think that the inherent robustness of spiking neural networks (SNNs) stems from their biologically plausible spiking neurons, and are dedicated to developing more bio-inspired models to defend attacks. However, most work relies solely on experimental analysis and lacks theoretical support, and the direct-encoding method and fixed membrane potential leak factor they used in spiking neurons are simplified simulations of those in the biological nervous system, which makes it difficult to ensure generalizability across all datasets and networks. Contrarily, the biological nervous system can stay reliable even in a highly complex noise environment, one of the reasons is selective visual attention and non-fixed membrane potential leaks in biological neurons. This biological finding has inspired us to design a highly robust SNN model that closely mimics the biological nervous system. In our study, we first present a unified theoretical framework for SNN robustness constraint, which suggests that improving the encoding method and evolution of the membrane potential leak factor in spiking neurons can improve SNN robustness. Subsequently, we propose a robust SNN (FEEL-SNN) with Frequency Encoding (FE) and Evolutionary Leak factor (EL) to defend against different noises, mimicking the selective visual attention mechanism and non-fixed leak observed in biological systems. Experimental results confirm the efficacy of both our FE, EL, and FEEL methods, either in isolation or in conjunction with established robust enhancement algorithms, for enhancing the robustness of SNNs.",https://papers.nips.cc/paper_files/paper/2024/hash/a73474c359ed523e6cd3174ed29a4d56-Abstract-Conference.html,background,robustness_open_challenges;event_to_spike;temporal_modeling,reference,"FEEL-SNN develops frequency encoding and adaptive leak for generic SNN robustness, not event-camera processing.",method_chain,fourier_fft;frequency;snn_hybrid,required,"The PDF confirms input DFT, timestep-dependent frequency masks, and inverse DFT before the SNN, making FEEL-SNN a direct Fourier-to-SNN coupling mechanism.",advisor_required,no,Codex semantic review of complete title + complete official abstract,checked_conference_pdf,"FE applies DFT, timestep-varying frequency masks, and inverse DFT before the SNN."
NeurIPS2024-2249,LaSe-E2V: Towards Language-guided Semantic-aware Event-to-Video Reconstruction,2024,NeurIPS,Main Conference Track,yes,yes,5069407f30b14d87aa355c5beea04dac345503b402093b7c0fcc9cd03d2b9e0c,"Event cameras harness advantages such as low latency, high temporal resolution, and high dynamic range (HDR), compared to standard cameras. Due to the distinct imaging paradigm shift, a dominant line of research focuses on event-to-video (E2V) reconstruction to bridge event-based and standard computer vision. However, this task remains challenging due to its inherently ill-posed nature: event cameras only detect the edge and motion information locally. Consequently, the reconstructed videos are often plagued by artifacts and regional blur, primarily caused by the ambiguous semantics of event data. In this paper, we find language naturally conveys abundant semantic information, rendering it stunningly superior in ensuring semantic consistency for E2V reconstruction. Accordingly, we propose a novel framework, called LaSe-E2V, that can achieve semantic-aware high-quality E2V reconstruction from a language-guided perspective, buttressed by the text-conditional diffusion models. However, due to diffusion models' inherent diversity and randomness, it is hardly possible to directly apply them to achieve spatial and temporal consistency for E2V reconstruction. Thus, we first propose an Event-guided Spatiotemporal Attention (ESA) module to condition the event data to the denoising pipeline effectively. We then introduce an event-aware mask loss to ensure temporal coherence and a noise initialization strategy to enhance spatial consistency. Given the absence of event-text-video paired data, we aggregate existing E2V datasets and generate textual descriptions using the tagging models for training and evaluation. Extensive experiments on three datasets covering diverse challenging scenarios (e.g., fast motion, low light) demonstrate the superiority of our method. Demo videos for the results are attached to the project page.",https://papers.nips.cc/paper_files/paper/2024/hash/823e43f5537d8c1894afd1f6ab00a927-Abstract-Conference.html,background,reconstruction_restoration,reference,"LaSe-E2V is event-camera reconstruction background showing semantic priors, with no SNN contribution.",exclude,,exclude,Language-guided video reconstruction is outside SECNet's likely extension scope.,retained_reference,no,Codex semantic review of complete title + complete official abstract,not_needed,
NeurIPS2024-3232,LM-HT SNN: Enhancing the Performance of SNN to ANN Counterpart through Learnable Multi-hierarchical Threshold Model,2024,NeurIPS,Main Conference Track,yes,yes,c3c16b3a9d99d91827e04c16060d0a7ae45752f615fe5284bc57884a7a136017,"Compared to traditional Artificial Neural Network (ANN), Spiking Neural Network (SNN) has garnered widespread academic interest for its intrinsic ability to transmit information in a more energy-efficient manner. However, despite previous efforts to optimize the learning algorithm of SNNs through various methods, SNNs still lag behind ANNs in terms of performance. The recently proposed multi-threshold model provides more possibilities for further enhancing the learning capability of SNNs. In this paper, we rigorously analyze the relationship among the multi-threshold model, vanilla spiking model and quantized ANNs from a mathematical perspective, then propose a novel LM-HT model, which is an equidistant multi-threshold model that can dynamically regulate the global input current and membrane potential leakage on the time dimension. The LM-HT model can also be transformed into a vanilla single threshold model through reparameterization, thereby achieving more flexible hardware deployment. In addition, we note that the LM-HT model can seamlessly integrate with ANN-SNN Conversion framework under special initialization. This novel hybrid learning framework can effectively improve the relatively poor performance of converted SNNs under low time latency. Extensive experimental results have demonstrated that our model can outperform previous state-of-the-art works on various types of datasets, which promote SNNs to achieve a brand-new level of performance comparable to quantized ANNs. Code is available at https://github.com/hzc1208/LMHT_SNN.",https://papers.nips.cc/paper_files/paper/2024/hash/b8bf2c0dd0b48511889b7d3b2c5fc8f5-Abstract-Conference.html,background,architecture;learning;efficiency_hardware,reference,LM-HT contributes multi-threshold SNN and conversion theory but no event-stream-specific design.,watch,snn_hybrid;hardware,reference,Reparameterizable threshold models may inform deployment but not the Event Cloud architecture.,retained_reference,no,Codex semantic review of complete title + complete official abstract,not_needed,
NeurIPS2024-0364,Long-Range Feedback Spiking Network Captures Dynamic and Static Representations of the Visual Cortex under Movie Stimuli,2024,NeurIPS,Main Conference Track,no,yes,0341e519273bfe7248b6196775bbd27b49078304baf92e70bba739a1740d6408,"Deep neural networks (DNNs) are widely used models for investigating biological visual representations. However, existing DNNs are mostly designed to analyze neural responses to static images, relying on feedforward structures and lacking physiological neuronal mechanisms. There is limited insight into how the visual cortex represents natural movie stimuli that contain context-rich information. To address these problems, this work proposes the long-range feedback spiking network (LoRaFB-SNet), which mimics top-down connections between cortical regions and incorporates spike information processing mechanisms inherent to biological neurons. Taking into account the temporal dependence of representations under movie stimuli, we present Time-Series Representational Similarity Analysis (TSRSA) to measure the similarity between model representations and visual cortical representations of mice. LoRaFB-SNet exhibits the highest level of representational similarity, outperforming other well-known and leading alternatives across various experimental paradigms, especially when representing long movie stimuli. We further conduct experiments to quantify how temporal structures (dynamic information) and static textures (static information) of the movie stimuli influence representational similarity, suggesting that our model benefits from long-range feedback to encode context-dependent representations just like the brain. Altogether, LoRaFB-SNet is highly competent in capturing both dynamic and static representations of the mouse visual cortex and contributes to the understanding of movie processing mechanisms of the visual system. Our codes are available at https://github.com/Grasshlw/SNN-Neural-Similarity-Movie.",https://papers.nips.cc/paper_files/paper/2024/hash/155a94c71f0a2a3cb7eacbf733b5c64b-Abstract-Conference.html,exclude,,exclude,Visual-cortex representation modeling on conventional movies is neither event-camera processing nor necessary SNN foundation for the focused survey.,exclude,,exclude,Neural similarity to mouse cortex is unrelated to SECNet's engineering goals.,excluded_from_active_corpus,no,Codex semantic review of complete title + complete official abstract,not_needed,
NeurIPS2024-3371,Neuronal Competition Groups with Supervised STDP for Spike-Based Classification,2024,NeurIPS,Main Conference Track,yes,yes,4f7533f875c9de26e6fb6da804ae8e4d9bea1ed44a85ea493c0b8d4656d8c9c5,"Spike Timing-Dependent Plasticity (STDP) is a promising substitute to backpropagation for local training of Spiking Neural Networks (SNNs) on neuromorphic hardware. STDP allows SNNs to address classification tasks by combining unsupervised STDP for feature extraction and supervised STDP for classification. Unsupervised STDP is usually employed with Winner-Takes-All (WTA) competition to learn distinct patterns. However, WTA for supervised STDP classification faces unbalanced competition challenges. In this paper, we propose a method to effectively implement WTA competition in a spiking classification layer employing first-spike coding and supervised STDP training. We introduce the Neuronal Competition Group (NCG), an architecture that improves classification capabilities by promoting the learning of various patterns per class. An NCG is a group of neurons mapped to a specific class, implementing intra-class WTA and a novel competition regulation mechanism based on two-compartment thresholds. We incorporate our proposed architecture into spiking classification layers trained with state-of-the-art supervised STDP rules. On top of two different unsupervised feature extractors, we obtain significant accuracy improvements on image recognition datasets such as CIFAR-10 and CIFAR-100. We show that our competition regulation mechanism is crucial for ensuring balanced competition and improved class separation.",https://papers.nips.cc/paper_files/paper/2024/hash/bfe593e151614c691323c08c0079c1f6-Abstract-Conference.html,background,learning;classification_recognition,reference,"Supervised STDP competition provides local-learning background for SNN classification, without event-camera evidence.",exclude,,exclude,The shallow classification mechanism is not materially related to SECNet.,retained_reference,no,Codex semantic review of complete title + complete official abstract,not_needed,
NeurIPS2024-2307,PPLNs: Parametric Piecewise Linear Networks for Event-Based Temporal Modeling and Beyond,2024,NeurIPS,Main Conference Track,yes,yes,62ad9fa9f5d58d6b4aa387ac23e21152c4288eea96c99705db9d2082215d0c79,"We present Parametric Piecewise Linear Networks (PPLNs) for temporal vision inference. Motivated by the neuromorphic principles that regulate biological neural behaviors, PPLNs are ideal for processing data captured by event cameras, which are built to simulate neural activities in the human retina. We discuss how to represent the membrane potential of an artificial neuron by a parametric piecewise linear function with learnable coefficients. This design echoes the idea of building deep models from learnable parametric functions recently popularized by Kolmogorov–Arnold Networks (KANs). Experiments demonstrate the state-of-the-art performance of PPLNs in event-based and image-based vision applications, including steering prediction, human pose estimation, and motion deblurring.",https://papers.nips.cc/paper_files/paper/2024/hash/84ca3f2d9d9bfca13f69b48ea63eb4a5-Abstract-Conference.html,background,temporal_modeling;architecture;classification_recognition;pose_depth_segmentation;reconstruction_restoration,reference,"The PDF explicitly distinguishes PPLNs from SNNs: PPLNs propagate real-valued outputs and target GPU temporal inference, so they are non-spiking event-camera background.",exclude,,exclude,Membrane-potential inspiration alone does not connect PPLNs to the confirmed SECNet + Fourier/FFT + SNN extension.,retained_reference,no,Codex semantic review of complete title + complete official abstract,checked_conference_pdf,"PPLNs explicitly distinguishes itself from SNNs, propagates real-valued outputs, and targets GPU temporal inference."
NeurIPS2024-0416,QKFormer: Hierarchical Spiking Transformer using Q-K Attention,2024,NeurIPS,Main Conference Track,yes,yes,00fe77e621c01eea4142766038dbead710c0c31bf7dbd87647e4d7e959e13168,"Spiking Transformers, which integrate Spiking Neural Networks (SNNs) with Transformer architectures, have attracted significant attention due to their potential for low energy consumption and high performance. However, there remains a substantial gap in performance between SNNs and Artificial Neural Networks (ANNs). To narrow this gap, we have developed QKFormer, a direct training spiking transformer with the following features: i) Linear complexity and high energy efficiency , the novel spike-form Q-K attention module efficiently models the token or channel attention through binary vectors and enables the construction of larger models. ii) Multi-scale spiking representation , achieved by a hierarchical structure with the different numbers of tokens across blocks. iii) Spiking Patch Embedding with Deformed Shortcut (SPEDS) , enhances spiking information transmission and integration, thus improving overall performance. It is shown that QKFormer achieves significantly superior performance over existing state-of-the-art SNN models on various mainstream datasets. Notably, with comparable size to Spikformer (66.34 M, 74.81\%), QKFormer (64.96 M) achieves a groundbreaking top-1 accuracy of 85.65\% on ImageNet-1k, substantially outperforming Spikformer by 10.84\% . To our best knowledge, this is the first time that directly training SNNs have exceeded 85\% accuracy on ImageNet-1K.",https://papers.nips.cc/paper_files/paper/2024/hash/179f5dcdeedc149443ebd3ba70811dbd-Abstract-Conference.html,background,architecture;efficiency_hardware,reference,QKFormer is a major directly trained Spiking Transformer backbone but has no event-camera integration in the abstract.,discussion,snn_hybrid;scalability_efficiency;hardware,reference,Its scalable binary attention is a strong SNN architecture comparator.,retained_reference,no,Codex semantic review of complete title + complete official abstract,not_needed,
NeurIPS2024-2942,Rethinking the Membrane Dynamics and Optimization Objectives of Spiking Neural Networks,2024,NeurIPS,Main Conference Track,yes,yes,fe9b2f6d933361f39ddfeae0b0abdb815c3423d7c4a678b22574703c7569eae3,"Despite spiking neural networks (SNNs) have demonstrated notable energy efficiency across various fields, the limited firing patterns of spiking neurons within fixed time steps restrict the expression of information, which impedes further improvement of SNN performance. In addition, current implementations of SNNs typically consider the firing rate or average membrane potential of the last layer as the output, lacking exploration of other possibilities. In this paper, we identify that the limited spike patterns of spiking neurons stem from the initial membrane potential (IMP), which is set to 0. By adjusting the IMP, the spiking neurons can generate additional firing patterns and pattern mappings. Furthermore, we find that in static tasks, the accuracy of SNNs at each time step increases as the membrane potential evolves from zero. This observation inspires us to propose a learnable IMP, which can accelerate the evolution of membrane potential and enables higher performance within a limited number of time steps. Additionally, we introduce the last time step (LTS) approach to accelerate convergence in static tasks, and we propose a label smooth temporal efficient training (TET) loss to mitigate the conflicts between optimization objective and regularization term in the vanilla TET. Our methods improve the accuracy by 4.05\% on ImageNet compared to baseline and achieve state-of-the-art performance of 87.80\% on CIFAR10-DVS and 87.86\% on N-Caltech101.",https://papers.nips.cc/paper_files/paper/2024/hash/a867a94a427bacbe3f4de16c7ac10ba8-Abstract-Conference.html,background,temporal_modeling;learning;event_to_spike,reference,Learnable initial membrane potential and temporal objectives are useful SNN dynamics background; DVS datasets are benchmark-only.,watch,snn_hybrid,reference,Neuron dynamics may support an SNN extension but have no direct Event Cloud connection.,retained_reference,no,Codex semantic review of complete title + complete official abstract,not_needed,
NeurIPS2024-2835,Revisiting motion information for RGB-Event tracking with MOT philosophy,2024,NeurIPS,Main Conference Track,yes,yes,fcf0f261862583a3431f2e66a9a5094323bd6a06f69c1f8ddd8742138d3820e3,"RGB-Event single object tracking (SOT) aims to leverage the merits of RGB and event data to achieve higher performance. However, existing frameworks focus on exploring complementary appearance information within multi-modal data, and struggle to address the association problem of targets and distractors in the temporal domain using motion information from the event stream. In this paper, we introduce the Multi-Object Tracking (MOT) philosophy into RGB-E SOT to keep track of targets as well as distractors by using both RGB and event data, thereby improving the robustness of the tracker. Specifically, an appearance model is employed to predict the initial candidates. Subsequently, the initially predicted tracking results, in combination with the RGB-E features, are encoded into appearance and motion embeddings, respectively. Furthermore, a Spatial-Temporal Transformer Encoder is proposed to model the spatial-temporal relationships and learn discriminative features for each candidate through guidance of the appearance-motion embeddings. Simultaneously, a Dual-Branch Transformer Decoder is designed to adopt such motion and appearance information for candidate matching, thus distinguishing between targets and distractors. The proposed method is evaluated on multiple benchmark datasets and achieves state-of-the-art performance on all the datasets tested.",https://papers.nips.cc/paper_files/paper/2024/hash/a29f0fc2127c9d8cb1c9d86e423241af-Abstract-Conference.html,background,tracking;temporal_modeling,reference,"This RGB-event tracker shows how event motion cues solve temporal association, serving as non-spiking task background.",watch,task_generalization,reference,"Motion-aware tracking is a possible downstream extension, not a core method relation.",retained_reference,no,Codex semantic review of complete title + complete official abstract,not_needed,
NeurIPS2024-2123,Slack-Free Spiking Neural Network Formulation for Hypergraph Minimum Vertex Cover,2024,NeurIPS,Main Conference Track,no,yes,22eb1453b0a036df62f6f3e30d526c2a66cacf1887789b68d8ad7f18b545d923,"Neuromorphic computers open up the potential of energy-efficient computation using spiking neural networks (SNN), which consist of neurons that exchange spike-based information asynchronously. In particular, SNNs have shown promise in solving combinatorial optimization. Underpinning the SNN methods is the concept of energy minimization of an Ising model, which is closely related to quadratic unconstrained binary optimization (QUBO). Thus, the starting point for many SNN methods is reformulating the target problem as QUBO, then executing an SNN-based QUBO solver. For many combinatorial problems, the reformulation entails introducing penalty terms, potentially with slack variables, that implement feasibility constraints in the QUBO objective. For more complex problems such as hypergraph minimum vertex cover (HMVC), numerous slack variables are introduced which drastically increase the search domain and reduce the effectiveness of the SNN solver. In this paper, we propose a novel SNN formulation for HMVC. Rather than using penalty terms with slack variables, our SNN architecture introduces additional spiking neurons with a constraint checking and correction mechanism that encourages convergence to feasible solutions. In effect, our method obviates the need for reformulating HMVC as QUBO. Experiments on neuromorphic hardware show that our method consistently yielded high quality solutions for HMVC on real and synthetic instances where the SNN-based QUBO solver often failed, while consuming measurably less energy than global solvers on CPU.",https://papers.nips.cc/paper_files/paper/2024/hash/7a9745f251508a053425a256490b0665-Abstract-Conference.html,exclude,,exclude,SNN combinatorial optimization on hypergraphs is outside event-camera vision and unnecessary to the survey argument.,exclude,,exclude,"No SECNet-relevant representation, task, or scaling relation is present.",excluded_from_active_corpus,no,Codex semantic review of complete title + complete official abstract,not_needed,
NeurIPS2024-1157,SpGesture: Source-Free Domain-adaptive sEMG-based Gesture Recognition with Jaccard Attentive Spiking Neural Network,2024,NeurIPS,Main Conference Track,no,yes,118fbf5264705e02e5c1d1e22d4c6b51564bd057bf6030d7a01b464216e272d2,"Surface electromyography (sEMG) based gesture recognition offers a natural and intuitive interaction modality for wearable devices. Despite significant advancements in sEMG-based gesture recognition models, existing methods often suffer from high computational latency and increased energy consumption. Additionally, the inherent instability of sEMG signals, combined with their sensitivity to distribution shifts in real-world settings, compromises model robustness. To tackle these challenges, we propose a novel SpGesture framework based on Spiking Neural Networks, which possesses several unique merits compared with existing methods: (1) Robustness: By utilizing membrane potential as a memory list, we pioneer the introduction of Source-Free Domain Adaptation into SNN for the first time. This enables SpGesture to mitigate the accuracy degradation caused by distribution shifts. (2) High Accuracy: With a novel Spiking Jaccard Attention, SpGesture enhances the SNNs' ability to represent sEMG features, leading to a notable rise in system accuracy. To validate SpGesture's performance, we collected a new sEMG gesture dataset which has different forearm postures, where SpGesture achieved the highest accuracy among the baselines ($89.26\%$). Moreover, the actual deployment on the CPU demonstrated a latency below 100ms, well within real-time requirements. This impressive performance showcases SpGesture's potential to enhance the applicability of sEMG in real-world scenarios. The code is available at https://github.com/guoweiyu/SpGesture/.",https://papers.nips.cc/paper_files/paper/2024/hash/409334f42cbb57d07aa152f2d0433ec7-Abstract-Conference.html,exclude,,exclude,The paper applies SNNs to sEMG rather than visual event streams and does not contribute transferable core methodology.,exclude,,exclude,Wearable sEMG adaptation is outside SECNet's direction.,excluded_from_active_corpus,no,Codex semantic review of complete title + complete official abstract,not_needed,
NeurIPS2024-3616,Spike-based Neuromorphic Model for Sound Source Localization,2024,NeurIPS,Main Conference Track,no,yes,6c330703364f541c7cc6b3f0e56ab82d70ad2176d2ed2184c3ac5aee46200e7a,"Biological systems possess remarkable sound source localization (SSL) capabilities that are critical for survival in complex environments. This ability arises from the collaboration between the auditory periphery, which encodes sound as precisely timed spikes, and the auditory cortex, which performs spike-based computations. Inspired by these biological mechanisms, we propose a novel neuromorphic SSL framework that integrates spike-based neural encoding and computation. The framework employs Resonate-and-Fire (RF) neurons with a phase-locking coding (RF-PLC) method to achieve energy-efficient audio processing. The RF-PLC method leverages the resonance properties of RF neurons to efficiently convert audio signals to time-frequency representation and encode interaural time difference (ITD) cues into discriminative spike patterns. In addition, biological adaptations like frequency band selectivity and short-term memory effectively filter out many environmental noises, enhancing SSL capabilities in real-world settings. Inspired by these adaptations, we propose a spike-driven multi-auditory attention (MAA) module that significantly improves both the accuracy and robustness of the proposed SSL framework. Extensive experimentation demonstrates that our SSL framework achieves state-of-the-art accuracy in SSL tasks. Furthermore, it shows exceptional noise robustness and maintains high accuracy even at very low signal-to-noise ratios. By mimicking biological hearing, this neuromorphic approach contributes to the development of high-performance and explainable artificial intelligence systems capable of superior performance in real-world environments.",https://papers.nips.cc/paper_files/paper/2024/hash/ce953d71deeb33d9ffa2c879b518d273-Abstract-Conference.html,exclude,,exclude,Spike-based sound localization is auditory rather than event-camera vision and is not required for this focused survey.,exclude,,exclude,Auditory coding has no concrete role in the SECNet method chain.,excluded_from_active_corpus,no,Codex semantic review of complete title + complete official abstract,not_needed,
NeurIPS2024-2151,SpikedAttention: Training-Free and Fully Spike-Driven Transformer-to-SNN Conversion with Winner-Oriented Spike Shift for Softmax Operation,2024,NeurIPS,Main Conference Track,yes,yes,2762e9df9ba18b5090b841c95ff20be1d4df44a499f39419cfd4a863f7594b82,"Event-driven spiking neural networks(SNNs) are promising neural networks that reduce the energy consumption of continuously growing AI models. Recently, keeping pace with the development of transformers, transformer-based SNNs were presented. Due to the incompatibility of self-attention with spikes, however, existing transformer-based SNNs limit themselves by either restructuring self-attention architecture or conforming to non-spike computations. In this work, we propose a novel transformer-to-SNN conversion method that outputs an end-to-end spike-based transformer, named SpikedAttention. Our method directly converts the well-trained transformer without modifying its attention architecture. For the vision task, the proposed method converts Swin Transformer into an SNN without post-training or conversion-aware training, achieving state-of-the-art SNN accuracy on ImageNet dataset, i.e., 80.0\% with 28.7M parameters. Considering weight accumulation, neuron potential update, and on-chip data movement, SpikedAttention reduces energy consumption by 42\% compared to the baseline ANN, i.e., Swin-T. Furthermore, for the first time, we demonstrate that SpikedAttention successfully converts a BERT model to an SNN with only 0.3\% accuracy loss on average consuming 58\% less energy on GLUE benchmark. Our code is available at Github ( https://github.com/sangwoohwang/SpikedAttention ).",https://papers.nips.cc/paper_files/paper/2024/hash/7c9341ad0263428b5057d92f4d88dfa0-Abstract-Conference.html,background,architecture;learning;efficiency_hardware,reference,SpikedAttention is important Transformer-to-SNN conversion and energy background but does not use event cameras.,watch,snn_hybrid;hardware,reference,It can serve as an SNN conversion/deployment comparator.,retained_reference,no,Codex semantic review of complete title + complete official abstract,not_needed,
NeurIPS2024-1071,Spiking Graph Neural Network on Riemannian Manifolds,2024,NeurIPS,Main Conference Track,no,yes,c8858c6fb6f58e5caf5c2f753fc89f810af48d149ff7ddca12ebeb8fcd068f7c,"Graph neural networks (GNNs) have become the dominant solution for learning on graphs, the typical non-Euclidean structures. Conventional GNNs, constructed with the Artificial Neuron Network (ANN), have achieved impressive performance at the cost of high computation and energy consumption. In parallel, spiking GNNs with brain-like spiking neurons are drawing increasing research attention owing to the energy efficiency. So far, existing spiking GNNs consider graphs in Euclidean space, ignoring the structural geometry, and suffer from the high latency issue due to Back-Propagation-Through-Time (BPTT) with the surrogate gradient. In light of the aforementioned issues, we are devoted to exploring spiking GNN on Riemannian manifolds, and present a Manifold-valued Spiking GNN (MSG). In particular, we design a new spiking neuron on geodesically complete manifolds with the diffeomorphism, so that BPTT regarding the spikes is replaced by the proposed differentiation via manifold. Theoretically, we show that MSG approximates a solver of the manifold ordinary differential equation. Extensive experiments on common graphs show the proposed MSG achieves superior performance to previous spiking GNNs and energy efficiency to conventional GNNs.",https://papers.nips.cc/paper_files/paper/2024/hash/3ba7560b4c3e66d760fbdd472cf4a5a9-Abstract-Conference.html,exclude,,exclude,Riemannian spiking graph learning is generic graph methodology with no necessary event-camera role.,exclude,,exclude,Its manifold formulation is distant from Event Cloud grouping and scaling.,excluded_from_active_corpus,no,Codex semantic review of complete title + complete official abstract,not_needed,
NeurIPS2024-2388,Spiking Neural Network as Adaptive Event Stream Slicer,2024,NeurIPS,Main Conference Track,yes,yes,8d33d66f4c7ad0a9a8866d0834aaf52ab96679ac03cacfb4b3e23cd8b4347926,"Event-based cameras are attracting significant interest as they provide rich edge information, high dynamic range, and high temporal resolution. Many state-of-the-art event-based algorithms rely on splitting the events into fixed groups, resulting in the omission of crucial temporal information, particularly when dealing with diverse motion scenarios (e.g., high/low speed). In this work, we propose SpikeSlicer, a novel-designed event processing framework capable of splitting events stream adaptively. SpikeSlicer utilizes a low-energy spiking neural network (SNN) to trigger event slicing. To guide the SNN to fire spikes at optimal time steps, we propose the Spiking Position-aware Loss (SPA-Loss) to modulate the neuron's state. Additionally, we develop a Feedback-Update training strategy that refines the slicing decisions using feedback from the downstream artificial neural network (ANN). Extensive experiments demonstrate that our method yields significant performance improvements in event-based object tracking and recognition. Notably, SpikeSlicer provides a brand-new SNN-ANN cooperation paradigm, where the SNN acts as an efficient, low-energy data processor to assist the ANN in improving downstream performance, injecting new perspectives and potential avenues of exploration.",https://papers.nips.cc/paper_files/paper/2024/hash/893a5db6100028ec814cfd99fe92c31b-Abstract-Conference.html,anchor,representation_slicing;event_to_spike;tracking;classification_recognition;efficiency_hardware,core,"SpikeSlicer directly uses an SNN to adaptively slice event streams with downstream ANN feedback, making the SNN-event interface itself the contribution.",discussion,grouping_sampling;snn_hybrid;scalability_efficiency,reference,"SpikeSlicer demonstrates SNN-controlled temporal slicing, but it does not couple FFT to SECNet's Event Cloud representation; retain it in Survey Core as an interface comparator rather than required Advisor reading.",survey_core,no,Codex semantic review of complete title + complete official abstract,not_needed,
NeurIPS2024-4091,Spiking Token Mixer: An event-driven friendly Former structure for spiking neural networks,2024,NeurIPS,Main Conference Track,yes,yes,7a2d01441a8871eef66c2f00008b99219de92ab5ef44183e27d9bd467f4f185a,"Spiking neural networks (SNNs), inspired by biological processes, use spike signals for inter-layer communication, presenting an energy-efficient alternative to traditional neural networks. To realize the theoretical advantages of SNNs in energy efficiency, it is essential to deploy them onto neuromorphic chips. On clock-driven synchronous chips, employing shorter time steps can enhance energy efficiency but reduce SNN performance. Compared to the clock-driven synchronous chip, the event-driven asynchronous chip achieves much lower energy consumption but only supports some specific network operations. Recently, a series of SNN projects have achieved tremendous success, significantly improving the SNN's performance. However, event-driven asynchronous chips do not support some of the proposed structures, making it impossible to integrate these SNNs into asynchronous hardware. In response to these problems, we propose the Spiking Token Mixer (STMixer) architecture, which consists exclusively of operations supported by asynchronous scenarios, including convolutional, fully connected layers and residual paths. Our series of experiments also demonstrates that STMixer achieves performance on par with spiking transformers in synchronous scenarios with very low timesteps. This indicates its ability to achieve the same level of performance with lower power consumption in synchronous scenarios. The codes are available at \url{https://github.com/brain-intelligence-lab/STMixer_demo}.",https://papers.nips.cc/paper_files/paper/2024/hash/e8c20cafe841cba3e31a17488dc9c3f1-Abstract-Conference.html,background,architecture;efficiency_hardware,reference,"STMixer is a hardware-compatible generic SNN architecture, not an event-camera method despite its event-driven terminology.",discussion,hardware;scalability_efficiency;snn_hybrid,reference,Asynchronous-chip-compatible operators offer a concrete deployment comparator.,retained_reference,no,Codex semantic review of complete title + complete official abstract,not_needed,
NeurIPS2024-0322,Spiking Transformer with Experts Mixture,2024,NeurIPS,Main Conference Track,yes,yes,5ee35ccce9f8c83911c9b6fdfb2181a2d0c1db0bc6a66162bf1103742c221302,"Spiking Neural Networks (SNNs) provide a sparse spike-driven mechanism which is believed to be critical for energy-efficient deep learning. Mixture-of-Experts (MoE), on the other side, aligns with the brain mechanism of distributed and sparse processing, resulting in an efficient way of enhancing model capacity and conditional computation. In this work, we consider how to incorporate SNNs’ spike-driven and MoE’s conditional computation into a unified framework. However, MoE uses softmax to get the dense conditional weights for each expert and TopK to hard-sparsify the network, which does not fit the properties of SNNs. To address this issue, we reformulate MoE in SNNs and introduce the Spiking Experts Mixture Mechanism (SEMM) from the perspective of sparse spiking activation. Both the experts and the router output spiking sequences, and their element-wise operation makes SEMM computation spike-driven and dynamic sparse-conditional. By developing SEMM into Spiking Transformer, the Experts Mixture Spiking Attention (EMSA) and the Experts Mixture Spiking Perceptron (EMSP) are proposed, which performs routing allocation for head-wise and channel-wise spiking experts, respectively. Experiments show that SEMM realizes sparse conditional computation and obtains a stable improvement on neuromorphic and static datasets with approximate computational overhead based on the Spiking Transformer baselines.",https://papers.nips.cc/paper_files/paper/2024/hash/137101016144540ed3191dc2b02f09a5-Abstract-Conference.html,background,architecture;efficiency_hardware,reference,Spiking MoE supplies sparse conditional-computation background but only generic neuromorphic/static benchmarks.,watch,scalability_efficiency;snn_hybrid,reference,Conditional computation is adjacent scaling inspiration.,retained_reference,no,Codex semantic review of complete title + complete official abstract,not_needed,
NeurIPS2024-0783,Take A Shortcut Back: Mitigating the Gradient Vanishing for Training Spiking Neural Networks,2024,NeurIPS,Main Conference Track,yes,yes,c585a6c0aab592f337f5349fd3fdda955972909ed0d9eab906cc8979d77ebf72,"The Spiking Neural Network (SNN) is a biologically inspired neural network infrastructure that has recently garnered significant attention. It utilizes binary spike activations to transmit information, thereby replacing multiplications with additions and resulting in high energy efficiency. However, training an SNN directly poses a challenge due to the undefined gradient of the firing spike process. Although prior works have employed various surrogate gradient training methods that use an alternative function to replace the firing process during back-propagation, these approaches ignore an intrinsic problem: gradient vanishing. To address this issue, we propose a shortcut back-propagation method in the paper, which advocates for transmitting the gradient directly from the loss to the shallow layers. This enables us to present the gradient to the shallow layers directly, thereby significantly mitigating the gradient vanishing problem. Additionally, this method does not introduce any burden during the inference phase.To strike a balance between final accuracy and ease of training, we also propose an evolutionary training framework and implement it by inducing a balance coefficient that dynamically changes with the training epoch, which further improves the network's performance. Extensive experiments conducted over static and dynamic datasets using several popular network structures reveal that our method consistently outperforms state-of-the-art methods.",https://papers.nips.cc/paper_files/paper/2024/hash/2c37c5bcef24b9541550261dcd63261b-Abstract-Conference.html,background,learning,reference,Shortcut backpropagation addresses generic SNN gradient vanishing; dynamic datasets do not make it event-specific.,watch,snn_hybrid,reference,Training stabilization may matter to an SNN branch but is not method-chain work.,retained_reference,no,Codex semantic review of complete title + complete official abstract,not_needed,
NeurIPS2024-0423,Zero-Shot Event-Intensity Asymmetric Stereo via Visual Prompting from Image Domain,2024,NeurIPS,Main Conference Track,yes,yes,f6d38d8944ab03867b9a10cfc352d76e47124f9e48656eac061b660a659d46fa,"Event-intensity asymmetric stereo systems have emerged as a promising approach for robust 3D perception in dynamic and challenging environments by integrating event cameras with frame-based sensors in different views. However, existing methods often suffer from overfitting and poor generalization due to limited dataset sizes and lack of scene diversity in the event domain. To address these issues, we propose a zero-shot framework that utilizes monocular depth estimation and stereo matching models pretrained on diverse image datasets. Our approach introduces a visual prompting technique to align the representations of frames and events, allowing the use of off-the-shelf stereo models without additional training. Furthermore, we introduce a monocular cue-guided disparity refinement module to improve robustness across static and dynamic regions by incorporating monocular depth information from foundation models. Extensive experiments on real-world datasets demonstrate the superior zero-shot evaluation performance and enhanced generalization ability of our method compared to existing approaches.",https://papers.nips.cc/paper_files/paper/2024/hash/17f21a0a111c9e3a4cd96708d30064f2-Abstract-Conference.html,background,pose_depth_segmentation;event_to_spike,reference,Zero-shot event-image stereo is non-spiking event-camera depth background with useful cross-modal transfer evidence.,watch,task_generalization,reference,Cross-domain prompting may inspire transfer evaluation but is not central to SECNet.,retained_reference,no,Codex semantic review of complete title + complete official abstract,not_needed,
CVPR2025-1060,Active Event-based Stereo Vision,2025,CVPR,,yes,yes,2196a6460673817adf5e7332518a699d2ea9baf0a1c9246fb249f1a03ca202ce,"Conventional frame-based imaging for active stereo systems has encountered major challenges in fast-motion scenarios. However, how to design a novel paradigm for high-speed depth sensing still remains an open issue. In this paper, we propose a novel problem setting, namely active event-based stereo vision, which provides the first insight of integrating binocular event cameras and an infrared projector for high-speed depth sensing. Technically, we first build a stereo camera prototype system and present a real-world dataset with over 21.5k spatiotemporal synchronized labels at 15 Hz, while also creating a realistic synthetic dataset with stereo event streams and 23.8k synchronized labels at 20 Hz. Then, we propose ActiveEventNet, a lightweight yet effective active event-based stereo matching neural network that learns to generate high-quality dense disparity maps from stereo event streams with low latency. Experiments demonstrate that our ActiveEventNet outperforms state-of-the-art methods meanwhile significantly reducing computational complexity. Our solution offers superior depth sensing compared to conventional stereo cameras in high-speed scenes, while also achieving the inference speed of up to 150 FPS with our prototype. We believe that this novel paradigm will provide new insights into future depth sensing systems. Our project can be available at https://github.com/jianing-li/active_event_based_stereo.",https://openaccess.thecvf.com/content/CVPR2025/html/Li_Active_Event-based_Stereo_Vision_CVPR_2025_paper.html,background,pose_depth_segmentation;datasets_benchmarks;efficiency_hardware,reference,"Active event stereo provides a new sensor/task setting, datasets, and latency evidence but no SNN.",watch,datasets;task_generalization;scalability_efficiency,reference,"High-speed stereo offers an evaluation direction, though it requires specialized sensing hardware.",retained_reference,no,Codex semantic review of complete title + complete official abstract,not_needed,
CVPR2025-2785,Active Hyperspectral Imaging Using an Event Camera,2025,CVPR,,no,yes,70814d01d24b7dfd0ec0eaf06894d6a460ea25a42e213958decd183dae825179,"Hyperspectral imaging plays a critical role in numerous scientific and industrial fields. Conventional hyperspectral imaging systems often struggle with the trade-off between capture speed, spectral resolution, and bandwidth, particularly in dynamic environments. In this work, we present a novel event-based active hyperspectral imaging system designed for real-time capture with low bandwidth in dynamic scenes. By combining an event camera with a dynamic illumination strategy, our system achieves unprecedented temporal resolution while maintaining high spectral fidelity, all at a fraction of the bandwidth requirements of traditional systems. Unlike basis-based methods that sacrifice spectral resolution for efficiency, our approach enables continuous spectral sampling through an innovative ""sweeping rainbow"" illumination pattern synchronized with a rotating mirror array. The key insight is leveraging the sparse, asynchronous nature of event cameras to encode spectral variations as temporal contrasts, effectively transforming the spectral reconstruction problem into a series of geometric constraints. Extensive evaluations of both synthetic and real data demonstrate that our system outperforms state-of-the-art methods in temporal resolution while maintaining competitive spectral reconstruction quality.",https://openaccess.thecvf.com/content/CVPR2025/html/Yu_Active_Hyperspectral_Imaging_Using_an_Event_Camera_CVPR_2025_paper.html,exclude,,exclude,Event-camera hyperspectral instrumentation is too specialized and does not support SNN-event integration.,exclude,,exclude,The optical system is unrelated to SECNet's method direction.,excluded_from_active_corpus,no,Codex semantic review of complete title + complete official abstract,not_needed,
CVPR2025-2322,Asynchronous Collaborative Graph Representation for Frames and Events,2025,CVPR,,yes,yes,bf24cd22fa164ea62942dc51028cdc1e94838b6251a1db42dc0c2372ba5af1a3,"Integrating frames and events has become a widely accepted solution for various tasks in challenging scenarios. However, most multimodal methods directly convert events into image-like formats synchronized with frames and process each stream through separate two-branch backbones, making it difficult to fully exploit the spatiotemporal events while limiting inference frequency to the frame rate. To address these problems, we propose a novel asynchronous collaborative graph representation, namely ACGR, which is the first trial to explore a unified graph framework for asynchronously processing frames and events with high performance and low latency. Technically, we first construct unimodal graphs for frames and events to preserve their spatiotemporal properties and sparsity. Then, an asynchronous collaborative alignment module is designed to align and fuse frames and events into a unified graph and the ACGR is generated through graph convolutional networks. Finally, we innovatively introduce domain adaptation to enable cross-modal interactions between frames and events by aligning their feature spaces. Experimental results show that our approach outperforms state-of-the-art methods in both object detection and depth estimation tasks, while significantly reducing computational latency and achieving real-time inference up to 200 Hz. Our code can be available at https://github.com/dianzl/ACGR.",https://openaccess.thecvf.com/content/CVPR2025/html/Li_Asynchronous_Collaborative_Graph_Representation_for_Frames_and_Events_CVPR_2025_paper.html,background,representation_slicing;detection;pose_depth_segmentation;efficiency_hardware,reference,ACGR is strong non-spiking background on asynchronous graph representations and frame-event fusion for detection/depth.,discussion,event_cloud_point;scalability_efficiency;task_generalization,reference,Unified asynchronous graphs directly compare with Event Cloud representation and scaling choices.,retained_reference,no,Codex semantic review of complete title + complete official abstract,not_needed,
CVPR2025-0065,Brain-Inspired Spiking Neural Networks for Energy-Efficient Object Detection,2025,CVPR,,yes,yes,869d19e4cb440be2974aa054a75924fd74d0a3de3eaadfb57b8e8cb74331d7a6,"Brain-inspired spiking neural networks (SNNs) have the capability of energy-efficient processing of temporal information. However, leveraging the rich dynamic characteristics of SNNs and prior works in artificial neural networks (ANNs) to construct an effective object detection model for visual tasks remains an open question for further exploration. To develop a directly-trained , low energy consumption and high-performance multi-scale SNN model, we propose a novel interpretable object detection framework Multi-scale Spiking Detector (MSD). Initially, we propose a spiking convolutional neuron as a core component of the Optic Nerve Nucleus Block (ONNB), designed to significantly enhance the deep feature extraction capabilities of SNNs. ONNB enables direct training with improved energy efficiency, demonstrating superior performance compared to state-of-the-art ANN-to-SNN conversion and SNN techniques. In addition, we propose a Multi-scale Spiking Detection Framework to emulate the biological response and comprehension of stimuli from different objects. Wherein, spiking multi-scale fusion and the spiking detector are employed to integrate features across different depths and to detect response outcomes, respectively. Our method outperforms state-of-the-art ANN detectors, with only 7.8 M parameters and 6.43 mJ energy consumption. MSD obtains the mean average precision (mAP) of 62.0% and 66.3% on COCO and Gen1 datasets, respectively.",https://openaccess.thecvf.com/content/CVPR2025/html/Li_Brain-Inspired_Spiking_Neural_Networks_for_Energy-Efficient_Object_Detection_CVPR_2025_paper.html,background,architecture;detection;efficiency_hardware,reference,MSD is a generic directly trained SNN detector evaluated on both COCO and Gen1; the abstract does not make event-camera representation or processing part of the method.,watch,snn_hybrid;hardware,reference,"Its detector and estimated-energy evidence are at most a generic SNN comparator, not part of the SECNet/Fourier extension chain.",retained_reference,no,Codex semantic review of complete title + complete official abstract,not_needed,
CVPR2025-1513,Bridge Frame and Event: Common Spatiotemporal Fusion for High-Dynamic Scene Optical Flow,2025,CVPR,,yes,yes,eccc22dda64b6a39f32ad948937092600d8b097d1de122fbd28188be4b7a7d2e,"High-dynamic scene optical flow is a challenging task, which suffers spatial blur and temporal discontinuous motion due to large displacement in frame imaging, thus deteriorating the spatiotemporal feature of optical flow. Typically, existing methods mainly introduce event camera to directly fuse the spatiotemporal features between the two modalities. However, this direct fusion is ineffective, since there exists a large gap due to the heterogeneous data representation between frame and event modalities. To address this issue, we explore a common-latent space as an intermediate bridge to mitigate the modality gap. In this work, we propose a novel common spatiotemporal fusion between frame and event modalities for high-dynamic scene optical flow, including visual boundary localization and motion correlation fusion. Specifically, in visual boundary localization, we figure out that frame and event share the similar spatiotemporal gradients, whose similarity distribution is consistent with the extracted boundary distribution. This motivates us to design the common spatiotemporal gradient to constrain the reference boundary localization. In motion correlation fusion, we discover that the frame-based motion possesses spatially dense but temporally discontinuous correlation, while the event-based motion has spatially sparse but temporally continuous correlation. This inspires us to use the reference boundary to guide the complementary motion knowledge fusion between the two modalities. Moreover, common spatiotemporal fusion can not only relieve the cross-modal feature discrepancy, but also make the fusion process interpretable for dense and continuous optical flow. Extensive experiments have been performed to verify the superiority of the proposed method.",https://openaccess.thecvf.com/content/CVPR2025/html/Zhou_Bridge_Frame_and_Event_Common_Spatiotemporal_Fusion_for_High-Dynamic_Scene_CVPR_2025_paper.html,background,temporal_modeling;representation_slicing,reference,Frame-event optical flow supplies cross-modal temporal representation background but no SNN.,watch,task_generalization,reference,Its modality-gap treatment is adjacent to multimodal extensions only.,retained_reference,no,Codex semantic review of complete title + complete official abstract,not_needed,
CVPR2025-2295,Decision SpikeFormer: Spike-Driven Transformer for Decision Making,2025,CVPR,,no,yes,ddb1b014dd8999b903b7fc67a5f80c8aeb4f197b0069a491ca8256e88e186de2,"Offline reinforcement learning (RL) enables policy training solely on pre-collected data, avoiding direct environment interaction--a crucial benefit for energy-constrained embodied AI applications. Although Artificial Neural Networks (ANN)-based methods perform well in offline RL, their high computational and energy demands motivate exploration of more efficient alternatives. Spiking Neural Networks (SNNs) show promise for such tasks, given their low power consumption. In this work, we introduce DSFormer, the first spike-driven transformer model designed to tackle offline RL via sequence modeling. Unlike existing SNN transformers focused on spatial dimensions for vision tasks, we develop Temporal Spiking Self-Attention (TSSA) and Positional Spiking Self-Attention (PSSA) in DSFormer to capture the temporal and positional dependencies essential for sequence modeling in RL. Additionally, we propose Progressive Threshold-dependent Batch Normalization (PTBN), which combines the benefits of LayerNorm and BatchNorm to preserve temporal dependencies while maintaining the spiking nature of SNNs. Comprehensive results in the D4RL benchmark show DSFormer's superiority over both SNN and ANN counterparts, achieving 78.4% energy savings, highlighting DSFormer's advantages not only in energy efficiency but also in competitive performance. Code and models are public at \href https://wei-nijuan.github.io/DecisionSpikeFormer/ project page .",https://openaccess.thecvf.com/content/CVPR2025/html/Huang_Decision_SpikeFormer_Spike-Driven_Transformer_for_Decision_Making_CVPR_2025_paper.html,exclude,,exclude,Spike-driven offline reinforcement learning is outside event-camera vision and not needed for the focused survey.,exclude,,exclude,Decision sequence modeling does not materially relate to SECNet.,excluded_from_active_corpus,no,Codex semantic review of complete title + complete official abstract,not_needed,
CVPR2025-1481,DiET-GS: Diffusion Prior and Event Stream-Assisted Motion Deblurring 3D Gaussian Splatting,2025,CVPR,,no,yes,59436d653cae1912e902e7b064a112e77948942405b046e1525c38934332f268,"Reconstructing sharp 3D representations from blurry multi-view images are long-standing problem in computer vision. Recent works attempt to enhance high-quality novel view synthesis from the motion blur by leveraging event-based cameras, benefiting from high dynamic range and microsecond temporal resolution. However, they often reach sub-optimal visual quality in either restoring inaccurate color or losing fine-grained details. In this paper, we present DiET-GS, a diffusion prior and event stream-assisted motion deblurring 3DGS. Our framework effectively leverages blur-free event streams and diffusion prior in a two-stage training strategy. Specifically, we introduce the novel framework to constraint 3DGS with event double integral, achieving both accurate color and well-defined details. Additionally, we propose a simple technique to leverage diffusion prior to further enhance the edge details. Qualitative and quantitative results on both synthetic and real-world data demonstrate that our DiET-GS is capable of producing better quality of novel views compared to the existing baselines. The project page link is attached in main paper.",https://openaccess.thecvf.com/content/CVPR2025/html/Lee_DiET-GS_Diffusion_Prior_and_Event_Stream-Assisted_Motion_Deblurring_3D_Gaussian_CVPR_2025_paper.html,exclude,,exclude,Event-assisted 3DGS deblurring is a specialized non-SNN reconstruction application with little value to the strict intersection.,exclude,,exclude,Diffusion-assisted Gaussian splatting is outside SECNet's method path.,excluded_from_active_corpus,no,Codex semantic review of complete title + complete official abstract,not_needed,
CVPR2025-2860,Diffusion-based Event Generation for High-Quality Image Deblurring,2025,CVPR,,no,yes,db0d124337f901965ae11deea2bb2d37bf638b51409cb82c213d95741f7bbbe6,"While event-based deblurring have demonstrated impressive results, they are impractical for consumer photos captured by cell phones and digital cameras that are not equipped with the event sensor. To address this problem, we in this paper propose a novel deblurring framework called Event Generation Deblurring (EGDeblurring), which allows to effectively deblur an image by generating event guidance describing the motion information using a diffusion model. Specifically, we design a motion prior generation diffusion model and a feature extractor to produce prior information beneficial for deblurring, rather than generating the raw event representation. In order to achieve effective fusion of motion prior information with blurry images and produce high-quality results, we develop a regression deblurring network embedded with a dual-attention channel fusion block. Experiments on multiple datasets demonstrate that our method outperforms state-of-the-art image deblurring methods. Our code is available at https://github.com/XinanXie/EGDeblurring https://github.com/XinanXie/EGDeblurring.",https://openaccess.thecvf.com/content/CVPR2025/html/Xie_Diffusion-based_Event_Generation_for_High-Quality_Image_Deblurring_CVPR_2025_paper.html,exclude,,exclude,The method synthesizes event-like motion priors for ordinary image deblurring and does not process physical event-camera data or SNNs.,exclude,,exclude,Synthetic event guidance for consumer photos is unrelated to SECNet.,excluded_from_active_corpus,no,Codex semantic review of complete title + complete official abstract,not_needed,
CVPR2025-1141,EBS-EKF: Accurate and High Frequency Event-based Star Tracking,2025,CVPR,,no,yes,a1b3b4fcb814c07ae3fbae7362a7e1145442b437f62f9a20b295778bde320775,"Event-based sensors (EBS) are a promising new technology for star tracking due to their low latency and power efficiency, but prior work has thus far been evaluated exclusively in simulation with simplified signal models. We propose a novel algorithm for event-based star tracking, grounded in an analysis of the EBS circuit and an extended Kalman filter (EKF). We quantitatively evaluate our method using real night sky data, comparing its results with those from a space-ready active-pixel sensor (APS) star tracker. We demonstrate that our method is an order-of-magnitude more accurate than existing methods due to improved signal modeling and state estimation, while providing more frequent updates and greater motion tolerance than conventional APS trackers. We provide all code and the first dataset of events synchronized with APS solutions.",https://openaccess.thecvf.com/content/CVPR2025/html/Reed_EBS-EKF_Accurate_and_High_Frequency_Event-based_Star_Tracking_CVPR_2025_paper.html,exclude,,exclude,Event-based star tracking is a highly specialized geometric application without SNN relevance.,exclude,,exclude,Star-tracker modeling is outside the advisor direction.,excluded_from_active_corpus,no,Codex semantic review of complete title + complete official abstract,not_needed,
CVPR2025-0470,EDCFlow: Exploring Temporally Dense Difference Maps for Event-based Optical Flow Estimation,2025,CVPR,,yes,yes,cf6fd448c98693808afbe65700eefc55ac0b6cfc362c5745aea4ab78961b0437,"Recent learning-based methods for event-based optical flow estimation utilize cost volumes for pixel matching but suffer from redundant computations and limited scalability to higher resolutions for flow refinement. In this work, we take advantage of the complementarity between temporally dense feature differences of adjacent event frames and cost volume and present a lightweight event-based optical flow network (EDCFlow) to achieve high-quality flow estimation at a higher resolution. Specifically, an attention-based multi-scale temporal feature difference layer is developed to capture diverse motion patterns at high resolution in a computation-efficient manner. An adaptive fusion of high-resolution difference motion features and low-resolution correlation motion features is performed to enhance motion representation and model generalization. Notably, EDCFlow can serve as a plug-and-play refinement module for RAFT-like event-based methods to enhance flow details. Extensive experiments demonstrate that EDCFlow achieves better performance with lower complexity compared to existing methods, offering superior generalization. Codes and models will be available at here.",https://openaccess.thecvf.com/content/CVPR2025/html/Liu_EDCFlow_Exploring_Temporally_Dense_Difference_Maps_for_Event-based_Optical_Flow_CVPR_2025_paper.html,background,temporal_modeling;efficiency_hardware,reference,"EDCFlow supplies event-side evidence on dense temporal differences, scalability, and optical-flow refinement, but no SNN.",discussion,frequency;scalability_efficiency;task_generalization,reference,Efficient high-resolution temporal-difference modeling is a concrete SECNet comparator.,retained_reference,no,Codex semantic review of complete title + complete official abstract,not_needed,
CVPR2025-2020,Efficient ANN-Guided Distillation: Aligning Rate-based Features of Spiking Neural Networks through Hybrid Block-wise Replacement,2025,CVPR,,yes,yes,33867baf89eac79e3b9884e8c79d3353d11da34827d9e63c7d9ed7c7d11523b3,"Spiking Neural Networks (SNNs) have garnered considerable attention as a potential alternative to Artificial Neural Networks (ANNs). Recent studies have highlighted SNNs' potential on large-scale datasets. For SNN training, two main approaches exist: direct training and ANN-to-SNN (ANN2SNN) conversion. To fully leverage existing ANN models in guiding SNN learning, either direct ANN-to-SNN conversion or ANN-SNN distillation training can be employed. In this paper, we propose an ANN-SNN distillation framework from the ANN-to-SNN perspective, designed with a block-wise replacement strategy for ANN-guided learning. By generating intermediate hybrid models that progressively align SNN feature spaces to those of ANN through rate-based features, our framework naturally incorporates rate-based backpropagation as a training method. Our approach achieves results comparable to or better than state-of-the-art SNN distillation methods, showing both training and learning efficiency.",https://openaccess.thecvf.com/content/CVPR2025/html/Yang_Efficient_ANN-Guided_Distillation_Aligning_Rate-based_Features_of_Spiking_Neural_Networks_CVPR_2025_paper.html,background,learning;architecture,reference,Block-wise ANN-guided SNN distillation supports hybrid and conversion training taxonomy without event-camera design.,discussion,snn_hybrid;scalability_efficiency,reference,Progressive hybrid replacement is a concrete route for adding an SNN branch to an ANN method.,retained_reference,no,Codex semantic review of complete title + complete official abstract,not_needed,
CVPR2025-2047,Efficient Event-Based Object Detection: A Hybrid Neural Network with Spatial and Temporal Attention,2025,CVPR,,yes,yes,ab7e9041b5dc772f93886ff568becfba4f5a18bc0289b91fdef71f33f576538e,"Event cameras offer high temporal resolution and dynamic range with minimal motion blur, making them promising for robust object detection. While Spiking Neural Networks (SNNs) on neuromorphic hardware are often considered for energy efficient and low latency event-based data processing, they often fall short of Artificial Neural Networks (ANNs) in accuracy and flexibility. Here, we introduce Attention-based Hybrid SNN-ANN backbones for event-based object detection to leverage the strengths of both SNN and ANN architectures. A novel Attention-based SNN-ANN bridge module proposed to captures sparse spatial and temporal relations from the SNN layer and converts them into dense feature maps for the ANN part of the backbone. Additionally, we present a variant that integrates DWConvLSTMs to the ANN blocks to capture slower dynamics. This multi-timescale network combines fast SNN processing for short timesteps with long-term dense RNN processing, effectively capturing both fast and slow dynamics.Experimental results demonstrate that our proposed method surpasses SNN-based approaches by significant margins, with results comparable to existing ANN and RNN-based methods. Unlike ANN-only networks, the hybrid setup allow us to implement the SNN blocks on digital neuromorphic hardware to investigate the feasibility of our approach.Extensive ablation studies and implementation on neuromorphic hardware confirm the effectiveness of our proposed modules and architectural choices.Our hybrid SNN-ANN architectures pave the way for ANN-like performance at a drastically reduced parameter, latency, and power budget.",https://openaccess.thecvf.com/content/CVPR2025/html/Ahmed_Efficient_Event-Based_Object_Detection_A_Hybrid_Neural_Network_with_Spatial_CVPR_2025_paper.html,anchor,architecture;temporal_modeling;detection;efficiency_hardware,core,"The paper directly designs and deploys a hybrid SNN-ANN detector for event streams, including multi-timescale dynamics and neuromorphic hardware evidence.",discussion,snn_hybrid;hardware;task_generalization;scalability_efficiency,reference,Its SNN-ANN bridge and hardware implementation are strong comparators for a SECNet hybrid extension.,survey_core,no,Codex semantic review of complete title + complete official abstract,not_needed,
CVPR2025-1620,ETAP: Event-based Tracking of Any Point,2025,CVPR,,yes,yes,552f1b709740a72c3580fe140f42c4103b3681a979591c30cfaa3efe5085c85d,"Tracking any point (TAP) recently shifted the motion estimation paradigm from focusing on individual salient points with local templates to tracking arbitrary points with global image contexts. However, while research has mostly focused on driving the accuracy of models in nominal settings, addressing scenarios with difficult lighting conditions and high-speed motions remains out of reach due to the limitations of the sensor. This work addresses this challenge with the first event camera-based TAP method. It leverages the high temporal resolution and high dynamic range of event cameras for robust high-speed tracking, and the global contexts in TAP methods to handle asynchronous and sparse event measurements. We further extend the TAP framework to handle event feature variations induced by motion -- thereby addressing an open challenge in purely event-based tracking -- with a novel feature alignment-loss which ensures the learning of motion-robust features. Our method is trained with data from a new data generation pipeline and systematically ablated across all design decisions. Our method shows strong cross-dataset generalization and performs 136% better on the average Jaccard metric than the baselines. Moreover, on an established feature tracking benchmark, it achieves a 20% improvement over the previous best event-only method and even surpasses the previous best events-and-frames method by 4.1%. Our code is available at https:// github.com/ tub-rip/ ETAP.",https://openaccess.thecvf.com/content/CVPR2025/html/Hamann_ETAP_Event-based_Tracking_of_Any_Point_CVPR_2025_paper.html,background,tracking;temporal_modeling;datasets_benchmarks,reference,"ETAP is strong event-only tracking background with continuous-time features and generalization evidence, but no SNN.",discussion,task_generalization;datasets,reference,Continuous point tracking is a credible new task/evaluation direction for Event Cloud models.,retained_reference,no,Codex semantic review of complete title + complete official abstract,not_needed,
CVPR2025-1096,Ev-3DOD: Pushing the Temporal Boundaries of 3D Object Detection with Event Cameras,2025,CVPR,,yes,yes,f38b02463e80e1c7abe75c3bc23ff9357177ea619976c9df45b42ad61ec88209,"Detecting 3D objects in point clouds plays a crucial role in autonomous driving systems. Recently, advanced multi-modal methods incorporating camera information have achieved notable performance. For a safe and effective autonomous driving system, algorithms that excel not only in accuracy but also in speed and low latency are essential. However, existing algorithms fail to meet these requirements due to the latency and bandwidth limitations of fixed frame rate sensors, e.g., LiDAR and camera. To address this limitation, we introduce asynchronous event cameras into 3D object detection for the first time. We leverage their high temporal resolution and low bandwidth to enable high-speed 3D object detection. Our method enables detection even during inter-frame intervals when synchronized data is unavailable, by retrieving previous 3D information through the event camera. Furthermore, we introduce the first event-based 3D object detection datasets, Ev-Waymo and DSEC-3DOD, both of which include ground truth 3D bounding boxes at 100 FPS, establishing the first benchmarks for event-based 3D detectors. The code and dataset are available at https://github.com/mickeykang16/Ev3DOD.",https://openaccess.thecvf.com/content/CVPR2025/html/Cho_Ev-3DOD_Pushing_the_Temporal_Boundaries_of_3D_Object_Detection_with_CVPR_2025_paper.html,background,detection;datasets_benchmarks;temporal_modeling,reference,"Ev-3DOD establishes high-frequency event-camera 3D detection and datasets, serving as task/benchmark background without SNNs.",discussion,datasets;task_generalization;scalability_efficiency,reference,Its 100-FPS benchmarks directly test temporal scalability and downstream generalization.,retained_reference,no,Codex semantic review of complete title + complete official abstract,not_needed,
CVPR2025-0125,Event Ellipsometer: Event-based Mueller-Matrix Video Imaging,2025,CVPR,,no,yes,c091b9618b020059d2b05ef15953a9c6c98f255c4c7d8182c40e977e273c846e,"Light-matter interactions modify both the intensity and polarization state of light. Changes in polarization, represented by a Mueller matrix, encode detailed scene information. Existing optical ellipsometers capture Mueller-matrix images; however, they are often limited to static scenes due to long acquisition times. Here, we introduce Event Ellipsometer, a method for acquiring Mueller-matrix images of dynamic scenes. Our imaging system employs fast-rotating quarter-wave plates (QWPs) in front of a light source and an event camera that asynchronously captures intensity changes induced by the rotating QWPs. We develop an ellipsometric-event image formation model, a calibration method, and an ellipsometric-event reconstruction method. We experimentally demonstrate that Event Ellipsometer enables Mueller-matrix imaging at 30fps, extending ellipsometry to dynamic scenes.",https://openaccess.thecvf.com/content/CVPR2025/html/Maeda_Event_Ellipsometer_Event-based_Mueller-Matrix_Video_Imaging_CVPR_2025_paper.html,exclude,,exclude,Event ellipsometry is specialized computational imaging and does not support the SNN-event survey argument.,exclude,,exclude,The polarization-imaging system is unrelated to SECNet.,excluded_from_active_corpus,no,Codex semantic review of complete title + complete official abstract,not_needed,
CVPR2025-1923,"Event Fields: Capturing Light Fields at High Speed, Resolution, and Dynamic Range",2025,CVPR,,no,yes,01b33460c1cefbb827322e949fdf1e195433bfc7a74b1b652532171e1fd0bf70,"Event cameras, which feature pixels that independently respond to changes in brightness, are becoming increasingly popular in high-speed applications due to their lower latency, reduced bandwidth requirements, and enhanced dynamic range compared to traditional frame-based cameras. Numerous imaging and vision techniques have leveraged event cameras for high-speed scene understanding by capturing high-framerate, high-dynamic range videos, primarily utilizing the temporal advantages inherent to event cameras. Additionally, imaging and vision techniques have utilized the light field---a complementary dimension to temporal information---for enhanced scene understanding. In this work, we propose ""Event Fields"", a new approach that utilizes innovative optical designs for event cameras to capture light fields at high speed. We develop the underlying mathematical framework for Event Fields and introduce two foundational frameworks to capture them practically: spatial multiplexing to capture temporal derivatives and temporal multiplexing to capture angular derivatives. To realize these, we design two complementary optical setups---one using a kaleidoscope for spatial multiplexing and another using a galvanometer for temporal multiplexing. We evaluate the performance of both designs using a custom-built simulator and real hardware prototypes, showcasing their distinct benefits. Our event fields unlock the full advantages of typical light fields--like post-capture refocusing and depth estimation--now supercharged for high-speed and high-dynamic range scenes. This novel light-sensing paradigm opens doors to new applications in photography, robotics, and AR/VR, and presents fresh challenges in rendering and machine learning.",https://openaccess.thecvf.com/content/CVPR2025/html/Qu_Event_Fields_Capturing_Light_Fields_at_High_Speed_Resolution_and_CVPR_2025_paper.html,exclude,,exclude,Event-camera light-field optics is specialized sensing hardware without SNN integration or transferable Event Cloud modeling evidence.,exclude,,exclude,Its optical multiplexing is outside SECNet's architecture direction.,excluded_from_active_corpus,no,Codex semantic review of complete title + complete official abstract,not_needed,
CVPR2025-0513,Event-based Video Super-Resolution via State Space Models,2025,CVPR,,yes,yes,dc991e1eadaf4b655cdc84d9c02f1dca8e84bd594e24e9a9b02959a84b298017,"Exploiting temporal correlations is crucial for video super-resolution (VSR). Recent approaches enhance this by incorporating event cameras. In this paper, we introduce MamEVSR, a Mamba-based network for event-based VSR that leverages the selective state space model, Mamba. MamEVSR stands out by offering global receptive field coverage with linear computational complexity, thus addressing the limitations of convolutional neural networks and Transformers. The key components of MamEVSR include: (1) The interleaved Mamba (iMamba) block, which interleaves tokens from adjacent frames and applies multidirectional selective state space modeling, enabling efficient feature fusion and propagation across bi-directional frames while maintaining linear complexity. (2) The crossmodality Mamba (cMamba) block facilitates further interaction and aggregation between event information and the output from the iMamba block. The cMamba block can leverage complementary spatio-temporal information from both modalities and allows MamEVSR to capture finermotion details. Experimental results show that the proposed MamEVSR achieves superior performance on various datasets quantitatively and qualitatively.",https://openaccess.thecvf.com/content/CVPR2025/html/Xiao_Event-based_Video_Super-Resolution_via_State_Space_Models_CVPR_2025_paper.html,background,reconstruction_restoration;temporal_modeling;architecture,reference,"MamEVSR is event-side SSM/Mamba background showing long-range cross-modal temporal modeling, but it is non-spiking.",exclude,,exclude,Its event-video SSM/Mamba design is outside the confirmed extension direction.,retained_reference,no,Codex semantic review of complete title + complete official abstract,not_needed,
CVPR2025-2400,EventFly: Event Camera Perception from Ground to the Sky,2025,CVPR,,yes,yes,3a6d1e3135fbdefc7991b8c2ee6afaf4168b37ddc8c8312464946aba26d56e14,"Cross-platform adaptation in event-based dense perception is crucial for deploying event cameras across diverse settings, such as vehicles, drones, and quadrupeds, each with unique motion dynamics, viewpoints, and class distributions. In this work, we introduce EventFly, a framework for robust cross-platform adaptation in event camera perception. Our approach comprises three key components: i) Event Activation Prior (EAP), which identifies high-activation regions in the target domain to minimize prediction entropy, fostering confident, domain-adaptive predictions; ii) EventBlend, a data-mixing strategy that integrates source and target event voxel grids based on EAP-driven similarity and density maps, enhancing feature alignment; and iii) EventMatch, a dual-discriminator technique that aligns features from source, target, and blended domains for better domain-invariant learning. To holistically assess cross-platform adaptation abilities, we introduce EXPo, a large-scale benchmark with diverse samples across vehicle, drone, and quadruped platforms. Extensive experiments validate our effectiveness, demonstrating substantial gains over popular adaptation methods. We hope this work can pave the way for more adaptive, high-performing event perception across diverse and complex environments.",https://openaccess.thecvf.com/content/CVPR2025/html/Kong_EventFly_Event_Camera_Perception_from_Ground_to_the_Sky_CVPR_2025_paper.html,background,representation_slicing;datasets_benchmarks;pose_depth_segmentation,reference,EventFly supplies event voxel adaptation and a cross-platform benchmark but no SNN.,discussion,datasets;task_generalization;scalability_efficiency,reference,Cross-platform generalization is a substantive TPAMI evaluation direction.,retained_reference,no,Codex semantic review of complete title + complete official abstract,not_needed,
CVPR2025-0640,EventGPT: Event Stream Understanding with Multimodal Large Language Models,2025,CVPR,,yes,yes,a325892462934c81e0c4f4362df334ad3925bf5acdad016e0ec100fab65c2e51,"Event cameras capture visual information as asynchronous pixel change streams, excelling in challenging lighting and high-dynamic scenarios. Existing multimodal large language models (MLLMs) concentrate on natural RGB images, failing in scenarios where event data fits better. In this paper, we introduce EventGPT, the first MLLM for event stream understanding, pioneering the integration of large language models (LLMs) with event-based vision. To bridge the huge domain gap, we propose a three-stage optimization paradigm to progressively equip a pre-trained LLM with event understanding. Our EventGPT consists of an event encoder, a spatio-temporal aggregator, a linear projector, an event-language adapter, and an LLM. Firstly, GPT-generated RGB image-text pairs warm up the linear projector, following LLaVA, as the gap between natural images and language is smaller. Secondly, we construct N-ImageNet-Chat, a large synthetic dataset of event data and corresponding texts to enable the use of the spatio-temporal aggregator and to train the event-language adapter, thereby aligning event features more closely with the language space. Finally, we gather an instruction dataset, Event-Chat, which contains extensive real-world data to fine-tune the entire model, further enhancing its generalization ability. We construct a comprehensive benchmark, and experiments show that EventGPT surpasses previous state-of-the-art MLLMs in generation quality, descriptive accuracy, and reasoning capability.",https://openaccess.thecvf.com/content/CVPR2025/html/Liu_EventGPT_Event_Stream_Understanding_with_Multimodal_Large_Language_Models_CVPR_2025_paper.html,exclude,,exclude,Event-language modeling is a broad event-vision application with no SNN and little relevance to the strict intersection.,watch,task_generalization;datasets,reference,It is only a distant task-expansion signal for Event Cloud foundation capabilities.,retained_reference,no,Codex semantic review of complete title + complete official abstract,not_needed,
CVPR2025-2181,EventPSR: Surface Normal and Reflectance Estimation from Photometric Stereo Using an Event Camera,2025,CVPR,,no,yes,91455e037f06a537dfac4e981795ce1d60d7a5d0368c74fa510e55b8300e5e8c,"Simultaneously acquisition of the surface normal and reflectance parameters is a crucial but challenging technique in the field of computer vision and graphics. It requires capturing multiple high dynamic range (HDR) images in existing methods using frame-based cameras. In this paper, we propose EventPSR, the first work to recover surface normal and reflectance parameters (e.g., metallic and roughness) simultaneously using an event camera. Compared with the existing methods based on photometric stereo or neural radiance fields, EventPSR is a robust and efficient approach that works consistently with different materials. Thanks to the extremely high temporal resolution and high dynamic range coverage of event cameras, EventPSR can recover accurate surface normal and reflectance of objects with various materials in 10 seconds. Extensive experiments on both synthetic data and real objects show that compared with existing methods using more than 100 HDR images, EventPSR recovers comparable surface normal and reflectance parameters with only about 30% of the data rate.",https://openaccess.thecvf.com/content/CVPR2025/html/Yu_EventPSR_Surface_Normal_and_Reflectance_Estimation_from_Photometric_Stereo_Using_CVPR_2025_paper.html,exclude,,exclude,Event photometric stereo for reflectance is specialized non-SNN imaging and unnecessary to the focused survey.,exclude,,exclude,Surface reflectance recovery is outside SECNet's likely extension.,excluded_from_active_corpus,no,Codex semantic review of complete title + complete official abstract,not_needed,
CVPR2025-0724,EventSplat: 3D Gaussian Splatting from Moving Event Cameras for Real-time Rendering,2025,CVPR,,no,yes,cf55febc4798afc8c1cd4684c3644605bb5843cdf83775ce32ffe4ad44e03fc0,"We introduce a method for using event camera data in novel view synthesis via Gaussian Splatting. Event cameras offer exceptional temporal resolution and a high dynamic range. Leveraging these capabilities allows us to effectively address the novel view synthesis challenge in the presence of fast camera motion. For initialization of the optimization process, our approach uses prior knowledge encoded in an event-to-video model. We also use spline interpolation for obtaining high quality poses along the event camera trajectory. This enhances the reconstruction quality from fast-moving cameras while overcoming the computational limitations traditionally associated with event-based Neural Radiance Field (NeRF) methods. Our experimental evaluation demonstrates that our results achieve higher visual fidelity and better performance than existing event-based NeRF approaches while being an order of magnitude faster to render.",https://openaccess.thecvf.com/content/CVPR2025/html/Yura_EventSplat_3D_Gaussian_Splatting_from_Moving_Event_Cameras_for_Real-time_CVPR_2025_paper.html,exclude,,exclude,Event-based Gaussian-splatting view synthesis is a specialized non-SNN reconstruction line.,exclude,,exclude,No meaningful SECNet relation is established.,excluded_from_active_corpus,no,Codex semantic review of complete title + complete official abstract,not_needed,
CVPR2025-1878,EZSR: Event-based Zero-Shot Recognition,2025,CVPR,,yes,yes,47460b77b1eab1a4962e5af7b9caf806d13e20468c5df6bfd4ef8b2e88141f61,"This paper studies zero-shot object recognition using event camera data. Guided by CLIP, which is pre-trained on RGB images, existing approaches achieve zero-shot object recognition by optimizing embedding similarities between event data and RGB images respectively encoded by an event encoder and the CLIP image encoder. Alternatively, several methods learn RGB frame reconstructions from event data for the CLIP image encoder. However, they often result in suboptimal zero-shot performance. This study develops an event encoder without relying on additional reconstruction networks. We theoretically analyze the performance bottlenecks of previous approaches: the embedding optimization objectives are prone to suffer from the spatial sparsity of event data, causing semantic misalignments between the learned event embedding space and the CLIP text embedding space. To mitigate the issue, we explore a scalar-wise modulation strategy. Furthermore, to scale up the number of events and RGB data pairs for training, we also study a pipeline for synthesizing event data from static RGB images in mass. Experimentally, we demonstrate an attractive scaling property in the number of parameters and synthesized data. We achieve superior zero-shot object recognition performance on extensive standard benchmark datasets, even compared with past supervised learning approaches. For example, our model with a ViT/B-16 backbone achieves 47.84% zero-shot accuracy on the N-ImageNet dataset.",https://openaccess.thecvf.com/content/CVPR2025/html/Yang_EZSR_Event-based_Zero-Shot_Recognition_CVPR_2025_paper.html,background,classification_recognition;datasets_benchmarks,reference,EZSR supplies event-only recognition and scaling background but no SNN.,discussion,task_generalization;datasets;scalability_efficiency,reference,Its scaling and zero-shot evaluation provide a useful recognition generalization comparator.,retained_reference,no,Codex semantic review of complete title + complete official abstract,not_needed,
CVPR2025-0626,Full-DoF Egomotion Estimation for Event Cameras Using Geometric Solvers,2025,CVPR,,no,yes,84694525f713cc207f34fd230e158d7f2334f5ca6b18d6f2c1ead6908e104c96,"For event cameras, current sparse geometric solvers for egomotion estimation assume that the rotational displacements are known, such as those provided by an IMU. Thus, they can only recover the translational motion parameters. Recovering full-DoF motion parameters using a sparse geometric solver is a more challenging task, and has not yet been investigated. In this paper, we propose several solvers to estimate both rotational and translational velocities within a unified framework. Our method leverages event manifolds induced by line segments. The problem formulations are based on either an incidence relation for lines or a novel coplanarity relation for normal vectors. We demonstrate the possibility of recovering full-DoF egomotion parameters for both angular and linear velocities without requiring extra sensor measurements or motion priors. To achieve efficient optimization, we exploit the Adam framework with a first-order approximation of rotations for quick initialization. Experiments on both synthetic and real-world data demonstrate the effectiveness of our method. The code is available at https://github.com/jizhaox/relpose-event.",https://openaccess.thecvf.com/content/CVPR2025/html/Zhao_Full-DoF_Egomotion_Estimation_for_Event_Cameras_Using_Geometric_Solvers_CVPR_2025_paper.html,exclude,,exclude,Full-DoF geometric egomotion is a specialized event-camera solver without SNN relevance.,exclude,,exclude,Its line-manifold geometry does not connect to SECNet.,excluded_from_active_corpus,no,Codex semantic review of complete title + complete official abstract,not_needed,
CVPR2025-1552,Graph Neural Network Combining Event Stream and Periodic Aggregation for Low-Latency Event-based Vision,2025,CVPR,,yes,yes,d5714ee0efdf948d690f75f8a8b2d123a4330434d171767293a7d4a24e478a0e,"Event-based cameras asynchronously detect changes in light intensity with high temporal resolution, making them a promising alternative to RGB camera for low-latency and low-power optical flow estimation. However, state-of-the-art convolutional neural network methods create frames from the event stream, therefore losing the opportunity to exploit events for both sparse computations and low-latency prediction. On the other hand, asynchronous event graph methods could leverage both, but at the cost of avoiding any form of time accumulation, which limits the prediction accuracy. In this paper, we propose to break this accuracy-latency trade-off with a novel architecture combining an asynchronous accumulation-free event branch and a periodic aggregation branch. The periodic branch performs feature aggregations on the event graphs of past data to extract global context information, which improves accuracy without introducing any latency.The solution could predict optical flow per event with a latency of tens of microseconds on asynchronous hardware, which represents a gain of three orders of magnitude with respect to state-of-the-art frame-based methods, with 48x less operations per second. We show that the solution can detect rapid motion changes faster than a periodic output. This work proposes, for the first time, an effective solution for ultra low-latency and low-power optical flow prediction from event cameras.",https://openaccess.thecvf.com/content/CVPR2025/html/Dampfhoffer_Graph_Neural_Network_Combining_Event_Stream_and_Periodic_Aggregation_for_CVPR_2025_paper.html,background,representation_slicing;temporal_modeling;efficiency_hardware,reference,"The asynchronous graph plus periodic aggregation design gives valuable event-side latency/accuracy and hardware evidence, although it is non-spiking.",discussion,event_cloud_point;grouping_sampling;scalability_efficiency;hardware,reference,Per-event graph processing and periodic global aggregation closely relate to scalable Event Cloud design choices.,retained_reference,no,Codex semantic review of complete title + complete official abstract,not_needed,
CVPR2025-1405,IncEventGS: Pose-Free Gaussian Splatting from a Single Event Camera,2025,CVPR,,no,yes,6776d908beb33e5c939bca97126485beae388a0ab64580fa59657eda82f4f7bd,"Implicit neural representation and explicit 3D Gaussian Splatting (3D-GS) for novel view synthesis have achieved remarkable progress with frame-based camera (e.g. RGB and RGB-D cameras) recently. Compared to frame-based camera, a novel type of bio-inspired visual sensor, i.e. event camera, has demonstrated advantages in high temporal resolution, high dynamic range, low power consumption and low latency, which make it being favored for many robotic applications. In this work, we present IncEventGS, an incremental 3D Gaussian Splatting reconstruction algorithm with a single event camera, without the assumption of known camera poses. To recover the 3D scene representation incrementally, we exploit the tracking and mapping paradigm of conventional SLAM pipelines for IncEventGS. Given the incoming event stream, the tracker first estimates an initial camera motion based on prior reconstructed 3D-GS scene representation. The mapper then jointly refines both the 3D scene representation and camera motion based on the previously estimated motion trajectory from the tracker. The experimental results demonstrate that IncEventGS delivers superior performance compared to prior NeRF-based methods and other related baselines, even we do not have the ground-truth camera poses. Furthermore, our method can also deliver better performance compared to state-of-the-art event visual odometry methods in terms of camera motion estimation.",https://openaccess.thecvf.com/content/CVPR2025/html/Huang_IncEventGS_Pose-Free_Gaussian_Splatting_from_a_Single_Event_Camera_CVPR_2025_paper.html,exclude,,exclude,Pose-free event 3DGS is a specialized reconstruction/SLAM application with no SNN role.,exclude,,exclude,The method is distant from SECNet's classification architecture.,excluded_from_active_corpus,no,Codex semantic review of complete title + complete official abstract,not_needed,
CVPR2025-0053,Inference-Scale Complexity in ANN-SNN Conversion for High-Performance and Low-Power Applications,2025,CVPR,,yes,yes,85cadbfff0197314a1ea001185b160400e65a36b95478dfcaf6cf57dcb438915,"Spiking Neural Networks (SNNs) have emerged as a promising substitute for Artificial Neural Networks (ANNs) due to their advantages of fast inference and low power consumption. However, the lack of efficient training algorithms has hindered their widespread adoption. Even efficient ANN-SNN conversion methods necessitate quantized training of ANNs to enhance the effectiveness of the conversion, incurring additional training costs. To address these challenges, we propose an efficient ANN-SNN conversion framework with only inference scale complexity. The conversion framework includes a local threshold balancing algorithm, which enables efficient calculation of the optimal thresholds and fine-grained adjustment of the threshold value by channel-wise scaling. We also introduce an effective delayed evaluation strategy to mitigate the influence of the spike propagation delays. We demonstrate the scalability of our framework in typical computer vision tasks: image classification, semantic segmentation, object detection, and video classification. Our algorithm outperforms existing methods, highlighting its practical applicability and efficiency. Moreover, we have evaluated the energy consumption of the converted SNNs, demonstrating their superior low-power advantage compared to conventional ANNs. This approach simplifies the deployment of SNNs by leveraging open-source pre-trained ANN models, enabling fast, low-power inference with negligible performance reduction.",https://openaccess.thecvf.com/content/CVPR2025/html/Bu_Inference-Scale_Complexity_in_ANN-SNN_Conversion_for_High-Performance_and_Low-Power_Applications_CVPR_2025_paper.html,background,learning;efficiency_hardware;architecture,core,Inference-scale ANN-SNN conversion is useful conversion and energy background but has no event-camera component.,discussion,snn_hybrid;hardware;scalability_efficiency;task_generalization,reference,Its low-cost conversion across dense tasks is a practical comparator for an SNN extension.,survey_core,no,Codex semantic review of complete title + complete official abstract,not_needed,
CVPR2025-1668,Object Detection using Event Camera: A MoE Heat Conduction based Detector and A New Benchmark Dataset,2025,CVPR,,yes,yes,c1f4d1d63b1e9b4cd6e558a8a00c21ad2ae88aeed22d2e7d5f488adbfab336b3,"Object detection in event streams has emerged as a cutting-edge research area, demonstrating superior performance in low-light conditions, scenarios with motion blur, and rapid movements. Current detectors leverage spiking neural networks, Transformers, or convolutional neural networks as their core architectures, each with its own set of limitations including restricted performance, high computational overhead, or limited local receptive fields. This paper introduces a novel MoE (Mixture of Experts) heat conduction-based object detection algorithm that strikingly balances accuracy and computational efficiency. Initially, we employ a stem network for event data embedding, followed by processing through our innovative MoE-HCO blocks. Each block integrates various expert modules to mimic heat conduction within event streams. Subsequently, an IoU-based query selection module is utilized for efficient token extraction, which is then channeled into a detection head for the final object detection process. Furthermore, we are pleased to introduce EvDET200K, a novel benchmark dataset for event-based object detection. Captured with a high-definition Prophesee EVK4-HD event camera, this dataset encompasses 10 distinct categories, 200,000 bounding boxes, and 10,054 samples, each spanning 2 to 5 seconds. We also provide comprehensive results from over 15 state-of-the-art detectors, offering a solid foundation for future research and comparison.",https://openaccess.thecvf.com/content/CVPR2025/html/Wang_Object_Detection_using_Event_Camera_A_MoE_Heat_Conduction_based_CVPR_2025_paper.html,background,detection;datasets_benchmarks;efficiency_hardware,reference,The non-spiking MoE detector and EvDET200K benchmark provide event-side detection coverage and comparisons that include SNN baselines.,discussion,datasets;task_generalization;scalability_efficiency,reference,The high-definition benchmark and efficient detector are useful SECNet evaluation references.,retained_reference,no,Codex semantic review of complete title + complete official abstract,not_needed,
CVPR2025-1775,On-Device Self-Supervised Learning of Low-Latency Monocular Depth from Only Events,2025,CVPR,,yes,yes,197045cb8b460089ce40c8e33761a7005889059cb09107f3450795726da7bbf9,"Event cameras provide low-latency perception for only milliwatts of power. This makes them highly suitable for resource-restricted, agile robots such as small flying drones. Self-supervised learning based on contrast maximization holds great potential for event-based robot vision, as it foregoes the need for high-frequency ground truth and allows for online learning in the robot's operational environment. However, online, on-board learning raises the major challenge of achieving sufficient computational efficiency for real-time learning, while maintaining competitive visual perception performance. In this work, we improve the time and memory efficiency of the contrast maximization pipeline, making on-device learning of low-latency monocular depth possible. We demonstrate that online learning on board a small drone yields more accurate depth estimates and more successful obstacle avoidance behavior compared to only pre-training. Benchmarking experiments show that the proposed pipeline is not only efficient, but also achieves state-of-the-art depth estimation performance among self-supervised approaches. Our work taps into the unused potential of online, on-device robot learning, promising smaller reality gaps and better performance.",https://openaccess.thecvf.com/content/CVPR2025/html/Hagenaars_On-Device_Self-Supervised_Learning_of_Low-Latency_Monocular_Depth_from_Only_Events_CVPR_2025_paper.html,background,pose_depth_segmentation;learning;efficiency_hardware,reference,On-device self-supervised event depth provides event-side learning and measured deployment evidence without SNNs.,discussion,hardware;scalability_efficiency;task_generalization,reference,On-board online learning is a concrete deployment and adaptation direction.,retained_reference,no,Codex semantic review of complete title + complete official abstract,not_needed,
CVPR2025-2497,One-Step Event-Driven High-Speed Autofocus,2025,CVPR,,no,yes,8b2c1f2997743afba34b0fcee8f9d5b726655ce4f5763431a20f244f1832979b,"High-speed autofocus in extreme scenes remains a significant challenge. Traditional methods rely on repeated sampling around the focus position, resulting in ""focus hunting"". Event-driven methods have advanced focusing speed and improved performance in low-light conditions; however, current approaches still require at least one lengthy round of ""focus hunting"", involving the collection of a complete focus stack. We introduce the Event Laplacian Product (ELP) focus detection function, which combines event data with grayscale Laplacian information, redefining focus search as a detection task. This innovation enables the first one-step event-driven autofocus, cutting focusing time by up to two-thirds and reducing focusing error by 24 times on the DAVIS346 dataset and 22 times on the EVK4 dataset. Additionally, we present an autofocus pipeline tailored for event-only cameras, achieving accurate results across a range of challenging motion and lighting conditions. All datasets and code will be made publicly available.",https://openaccess.thecvf.com/content/CVPR2025/html/Bao_One-Step_Event-Driven_High-Speed_Autofocus_CVPR_2025_paper.html,exclude,,exclude,Event-driven autofocus is specialized imaging control with no SNN contribution.,exclude,,exclude,Autofocus is outside SECNet's task family.,excluded_from_active_corpus,no,Codex semantic review of complete title + complete official abstract,not_needed,
CVPR2025-2074,PS-EIP: Robust Photometric Stereo Based on Event Interval Profile,2025,CVPR,,no,yes,d16e1ec8efd3331959a8efa27c26b5172391941dd63c9f61fad3c9fc13eedcba,"Recently, the energy-efficient photometric stereo method using an event camera has been proposed to recover surface normals from events triggered by changes in logarithmic Lambertian reflections under a moving directional light source. However, EventPS treats each event interval independently, making it sensitive to noise, shadows, and non-Lambertian reflections. This paper proposes Photometric Stereo based on Event Interval Profile (PS-EIP), a robust method that recovers pixelwise surface normals from a time-series profile of event intervals. By exploiting the continuity of the profile and introducing an outlier detection method based on profile shape, our approach enhances robustness against outliers from shadows and specular reflections. Experiments using real event data from 3D-printed objects demonstrate that PS-EIP significantly improves robustness to outliers compared to EventPS's deep-learning variant, EventPS-FCN, without relying on deep learning.",https://openaccess.thecvf.com/content/CVPR2025/html/Kitazawa_PS-EIP_Robust_Photometric_Stereo_Based_on_Event_Interval_Profile_CVPR_2025_paper.html,exclude,,exclude,Non-learning event photometric stereo is too specialized for the strict SNN-event survey.,exclude,,exclude,No SECNet-relevant method relation is present.,excluded_from_active_corpus,no,Codex semantic review of complete title + complete official abstract,not_needed,
CVPR2025-2584,Repurposing Pre-trained Video Diffusion Models for Event-based Video Interpolation,2025,CVPR,,yes,yes,b0d0ac463c68c83a2bb1dd8a4d2396da2d4e5ff620c3eada7f80f55ecf736488,"Video Frame Interpolation aims to recover realistic missing frames between observed frames, generating a high-frame-rate video from a low-frame-rate video. However, without additional guidance, large motion between frames makes this problem ill-posed. Event-based Video Frame Interpolation (EVFI) addresses this challenge by using sparse, high-temporal-resolution event measurements as motion guidance. This guidance allows EVFI methods to significantly outperform frame-only methods. However, to date, EVFI methods have relied upon a limited set of paired event-frame training data, severely limiting their performance and generalization capabilities. In this work, we overcome the limited data challenge by adapting pre-trained video diffusion models trained on internet-scale datasets to EVFI. We experimentally validate our approach on real-world EVFI datasets, including a new one we introduce. Our method outperforms existing methods and generalizes across cameras far better than existing approaches.",https://openaccess.thecvf.com/content/CVPR2025/html/Chen_Repurposing_Pre-trained_Video_Diffusion_Models_for_Event-based_Video_Interpolation_CVPR_2025_paper.html,background,reconstruction_restoration;datasets_benchmarks,reference,Diffusion-based EVFI is event-side restoration and generalization background but non-spiking.,exclude,,exclude,Video interpolation is distant from SECNet's method and task priorities.,retained_reference,no,Codex semantic review of complete title + complete official abstract,not_needed,
CVPR2025-2085,Rethinking Spiking Self-Attention Mechanism: Implementing a-XNOR Similarity Calculation in Spiking Transformers,2025,CVPR,,yes,yes,eea5eff30ddd2d170290a2cee6b163a715d622da6bc09dbea29cbc48b99bda9b,"Transformers significantly raise the performance limits across various tasks, spurring research into integrating them into spiking neural networks. However, a notable performance gap remains between existing spiking Transformers and their artificial neural network counterparts. Here, we first analyze the cause of this gap and attribute it to the dot product's ineffectiveness in measuring similarity between spiking queries and keys, due to numerous non-spiking events. To address this, we propose a novel a-XNOR similarity measure tailored for spike trains. It redefines the correlation between non-spike pairs as a specific value a, effectively overcoming the limitations of dot-product similarity. Furthermore, considering the sparse nature of spike trains where spikes carry more information than non-spikes, the a-XNOR similarity correspondingly highlights the distinct importance of spikes over non-spikes. Extensive experiments demonstrate that a-XNOR similarity significantly improves performance across different spiking Transformer architectures on various static and neuromorphic datasets, further revealing the potential of spiking Transformers.",https://openaccess.thecvf.com/content/CVPR2025/html/Xiao_Rethinking_Spiking_Self-Attention_Mechanism_Implementing_a-XNOR_Similarity_Calculation_in_Spiking_CVPR_2025_paper.html,background,architecture;temporal_modeling,reference,a-XNOR attention addresses spike-train similarity in generic Spiking Transformers; neuromorphic datasets are evaluation only.,discussion,snn_hybrid;scalability_efficiency,reference,Spike-specific similarity is a concrete architecture comparator for a hybrid branch.,retained_reference,no,Codex semantic review of complete title + complete official abstract,not_needed,
CVPR2025-1961,S2D-LFE: Sparse-to-Dense Light Field Event Generation,2025,CVPR,,no,yes,7f2f065a904ce034aa06dbe8bfe2305c0cc2591de068b4372525f6db4d1ea3b0,"In this paper, we present S2D-LFE, an innovative approach for sparse-to-dense light field event generation. For the first time to our knowledge, S2D-LFE enables controllable novel view synthesis only from sparse-view light field event (LFE) data, and addresses three critical challenges for the LFE generation task: simplicity, controllability, and consistency. The simplicity aspect eliminates the dependency on frame-based modality, which often suffers from motion blur and low frame-rate limitations. The controllability aspect enables precise view synthesis under sparse LFE conditions with view-related constraints. The consistency aspect ensures both cross-view and temporal coherence in the generated results. To realize S2D-LFE, we develop a novel diffusion-based generation network with two key components. First, we design an LFE-customized variational auto-encoder that effectively compresses and reconstructs LFE by integrating cross-view information. Second, we design an LFE-aware injection adaptor to extract comprehensive geometric and texture priors. Furthermore, we construct a large-scale synthetic LFE dataset containing 162 one-minute sequences using simulator, and capture a real-world testset using our custom-built sparse LFE acquisition system, covering diverse indoor and outdoor scenes. Extensive experiments demonstrate that S2D-LFE successfully generates up to 9x9 dense LFE from sparse 2x2 inputs and outperforms existing methods on both synthetic and real-world data. The datasets and code are available at https://github.com/Yutong2022/S2D-LFE.",https://openaccess.thecvf.com/content/CVPR2025/html/Liu_S2D-LFE_Sparse-to-Dense_Light_Field_Event_Generation_CVPR_2025_paper.html,exclude,,exclude,Light-field event generation is specialized synthetic data generation without SNN integration.,exclude,,exclude,The light-field acquisition setting is outside SECNet.,excluded_from_active_corpus,no,Codex semantic review of complete title + complete official abstract,not_needed,
CVPR2025-0097,Spiking Transformer with Spatial-Temporal Attention,2025,CVPR,,yes,yes,4f9bee49fa179119cf2cfd4b8d2c14880c09ac5c7c047c642fb9a77d480511cb,"Spike-based Transformer presents a compelling and energy-efficient alternative to traditional Artificial Neural Network (ANN)-based Transformers, achieving impressive results through sparse binary computations. However, existing spike-based transformers predominantly focus on spatial attention while neglecting crucial temporal dependencies inherent in spike-based processing, leading to suboptimal feature representation and limited performance. To address this limitation, we propose Spiking Transformer with Spatial-Temporal Attention (STAtten), a simple and straightforward architecture that efficiently integrates both spatial and temporal information in the self-attention mechanism. STAtten introduces a block-wise computation strategy that processes information in spatial-temporal chunks, enabling comprehensive feature capture while maintaining the same computational complexity as previous spatial-only approaches. Our method can be seamlessly integrated into existing spike-based transformers without architectural overhaul. Extensive experiments demonstrate that STAtten significantly improves the performance of existing spike-based transformers across both static and neuromorphic datasets, including CIFAR10/100, ImageNet, CIFAR10-DVS, and N-Caltech101.",https://openaccess.thecvf.com/content/CVPR2025/html/Lee_Spiking_Transformer_with_Spatial-Temporal_Attention_CVPR_2025_paper.html,background,architecture;temporal_modeling,reference,STAtten is useful generic Spiking Transformer temporal-attention background; DVS datasets alone do not make it an intersection method.,discussion,snn_hybrid,reference,Its explicit spatial-temporal attention is a relevant SNN comparator to memory-based Event Cloud models.,retained_reference,no,Codex semantic review of complete title + complete official abstract,not_needed,
CVPR2025-2494,Spiking Transformer: Introducing Accurate Addition-Only Spiking Self-Attention for Transformer,2025,CVPR,,yes,yes,778d64f429f9c58813e523d7012979dc0c7bcd94f8b04978a76325f891c7a753,"Transformers have demonstrated outstanding performance across a wide range of tasks, owing to their self-attention mechanism, but they are highly energy-consuming. Spiking Neural Networks have emerged as a promising energy-efficient alternative to traditional Artificial Neural Networks, leveraging event-driven computation and binary spikes for information transfer. The combination of Transformers' capabilities with the energy efficiency of SNNs offers a compelling opportunity. This paper addresses the challenge of adapting the self-attention mechanism of Transformers to the spiking paradigm by introducing a novel approach: Accurate Addition-Only Spiking Self-Attention (A^2OS^2A). Unlike existing methods that rely solely on binary spiking neurons for all components of the self-attention mechanism, our approach integrates binary, ReLU, and ternary spiking neurons. This hybrid strategy significantly improves accuracy while preserving non-multiplicative computations. Moreover, our method eliminates the need for softmax and scaling operations. Extensive experiments show that the A^2OS^2A-based Spiking Transformer outperforms existing SNN-based Transformers on several datasets, even achieving an accuracy of 78.66% on ImageNet-1K. Our work represents a significant advancement in SNN-based Transformer models, offering a more accurate and efficient solution for real-world applications.",https://openaccess.thecvf.com/content/CVPR2025/html/Guo_Spiking_Transformer_Introducing_Accurate_Addition-Only_Spiking_Self-Attention_for_Transformer_CVPR_2025_paper.html,background,architecture;efficiency_hardware,reference,Addition-only mixed-spike attention is generic SNN architecture and efficiency background without event-camera data.,discussion,snn_hybrid;hardware;scalability_efficiency,reference,Its operator design is useful for assessing a hardware-friendly SNN extension.,retained_reference,no,Codex semantic review of complete title + complete official abstract,not_needed,
CVPR2025-2098,STAA-SNN: Spatial-Temporal Attention Aggregator for Spiking Neural Networks,2025,CVPR,,yes,yes,31e264338e364f26f5453e6e140cd3adc89f558b1960fb388facd4f1568a349c,"Spiking Neural Networks (SNNs) have gained significant attention due to their biological plausibility and energy efficiency, making them promising alternatives to Artificial Neural Networks (ANNs). However, the performance gap between SNNs and ANNs remains a substantial challenge hindering the widespread adoption of SNNs. In this paper, we propose a Spatial-Temporal Attention Aggregator SNN (STAA-SNN) framework, which dynamically focuses on and captures both spatial and temporal dependencies. First, we introduce a spike-driven self-attention mechanism specifically designed for SNNs. Additionally, we pioneeringly incorporate position encoding to integrate latent temporal relationships into the incoming features. For spatial-temporal information aggregation, we employ step attention to selectively amplify relevant features to variant steps. Finally, we implement a time-step random dropout strategy to avoid local optima. The framework demonstrates exceptional performance across diverse datasets and exhibits strong generalization capabilities. Notably, STAA-SNN achieves state-of-the-art results on neuromorphic datasets CIFAR10-DVS of 82.10% and with performances of 97.14%, 82.05% and 70.40% on the static datasets CIFAR-10, CIFAR-100 and ImageNet, respectively. Furthermore, this model exhibits improved performance ranging from 0.33% to 2.80% with fewer time steps.",https://openaccess.thecvf.com/content/CVPR2025/html/Zhang_STAA-SNN_Spatial-Temporal_Attention_Aggregator_for_Spiking_Neural_Networks_CVPR_2025_paper.html,background,architecture;temporal_modeling;learning,reference,STAA-SNN develops generic spatial-temporal aggregation; CIFAR10-DVS is benchmark-only.,watch,snn_hybrid,reference,Temporal aggregation is adjacent SNN architecture inspiration.,retained_reference,no,Codex semantic review of complete title + complete official abstract,not_needed,
CVPR2025-1275,Temporal Separation with Entropy Regularization for Knowledge Distillation in Spiking Neural Networks,2025,CVPR,,yes,yes,bc3b94c3f040655cd94ae01a233a92b5fd0300b400e6617953755fb8b2387b63,"Spiking Neural Networks (SNNs), inspired by the human brain, offer significant computational efficiency through discrete spike-based information transfer. Despite their potential to reduce inference energy consumption, a performance gap persists between SNNs and Artificial Neural Networks (ANNs), primarily due to current training methods and inherent model limitations. While recent research has aimed to enhance SNN learning by employing knowledge distillation (KD) from ANN teacher networks, traditional distillation techniques often overlook the distinctive spatiotemporal properties of SNNs, thus failing to fully leverage their advantages. To overcome these challenge, we propose a novel logit distillation method characterized by temporal separation and entropy regularization. This approach improves existing SNN distillation techniques by performing distillation learning on logits across different time steps, rather than merely on aggregated output features. Furthermore, the integration of entropy regularization stabilizes model optimization and further boosts the performance. Extensive experimental results indicate that our method surpasses prior SNN distillation strategies, whether based on logit distillation, feature distillation, or a combination of both. Our project is available at https://github.com/yukairong/TSER.",https://openaccess.thecvf.com/content/CVPR2025/html/Yu_Temporal_Separation_with_Entropy_Regularization_for_Knowledge_Distillation_in_Spiking_CVPR_2025_paper.html,background,learning;temporal_modeling,reference,Temporal logit distillation is generic SNN training background with no event-camera-specific method.,watch,snn_hybrid,reference,It could support hybrid training but does not directly relate to SECNet.,retained_reference,no,Codex semantic review of complete title + complete official abstract,not_needed,
CVPR2025-0200,TimeTracker: Event-based Continuous Point Tracking for Video Frame Interpolation with Non-linear Motion,2025,CVPR,,yes,yes,00a9070c2cbcae060b9dce97b6ea4fdaea8909c4bee781c4268df0078beb2e4e,"Video frame interpolation (VFI) that leverages the bio-inspired event cameras as guidance has recently shown better performance and memory efficiency than the frame-based methods, thanks to the event cameras' advantages, such as high temporal resolution. A hurdle for event-based VFI is how to effectively deal with non-linear motion, caused by the dynamic changes in motion direction and speed within the scene. Existing methods either use events to estimate sparse optical flow or fuse events with image features to estimate dense optical flow. Unfortunately, motion errors often degrade the VFI quality as the continuous motion cues from events do not align with the dense spatial information of images in the temporal dimension. In this paper, we find that object motion is continuous in space, tracking local regions over continuous time enables more accurate identification of spatiotemporal feature correlations. In light of this, we propose a novel continuous point tracking-based VFI framework, named TimeTracker. Specifically, we first design a Scene-Aware Region Segmentation (SARS) module to divide the scene into similar patches. Then, a Continuous Trajectory guided Motion Estimation (CTME) module is proposed to track the continuous motion trajectory of each patch through events. Finally, intermediate frames at any given time are generated through global motion optimization and frame refinement. Moreover, we collect a real-world dataset that features fast non-linear motion. Extensive experiments show that our method outperforms prior arts in both motion estimation and frame interpolation quality.",https://openaccess.thecvf.com/content/CVPR2025/html/Liu_TimeTracker_Event-based_Continuous_Point_Tracking_for_Video_Frame_Interpolation_with_CVPR_2025_paper.html,background,tracking;reconstruction_restoration;temporal_modeling;datasets_benchmarks,reference,TimeTracker supplies event-side continuous tracking and interpolation evidence but no SNN.,discussion,task_generalization;datasets,reference,Continuous trajectories provide a credible Event Cloud task extension.,retained_reference,no,Codex semantic review of complete title + complete official abstract,not_needed,
CVPR2025-1714,Towards Effective and Sparse Adversarial Attack on Spiking Neural Networks via Breaking Invisible Surrogate Gradients,2025,CVPR,,yes,yes,1e0237ef695781c86c2aad109fccad5d73429ceb59b56ad2345ab1faf07988b8,"Spiking neural networks (SNNs) have shown their competence in handling spatial-temporal event-based data with low energy consumption. Similar to conventional artificial neural networks (ANNs), SNNs are also vulnerable to gradient-based adversarial attacks, wherein gradients are calculated by spatial-temporal back-propagation (STBP) and surrogate gradients (SGs). However, the SGs may be invisible for an inference-only model as they do not influence the inference results, and current gradient-based attacks are ineffective for binary dynamic images captured by the dynamic vision sensor (DVS). While some approaches addressed the issue of invisible SGs through universal SGs, their SGs lack a correlation with the victim model, resulting in sub-optimal performance. Moreover, the imperceptibility of existing SNN-based binary attacks is still insufficient. In this paper, we introduce an innovative potential-dependent surrogate gradient (PDSG) method to establish a robust connection between the SG and the model, thereby enhancing the adaptability of adversarial attacks across various models with invisible SGs. Additionally, we propose the sparse dynamic attack (SDA) to effectively attack binary dynamic images. Utilizing a generation-reduction paradigm, SDA can fully optimize the sparsity of adversarial perturbations. Experimental results demonstrate that our PDSG and SDA outperform state-of-the-art SNN-based attacks across various models and datasets. Specifically, our PDSG achieves 100% attack success rate on ImageNet, and our SDA obtains 82% attack success rate by modifying only 0.24% of the pixels on CIFAR10DVS. The code is available at https://github.com/ryime/PDSG-SDA .",https://openaccess.thecvf.com/content/CVPR2025/html/Lun_Towards_Effective_and_Sparse_Adversarial_Attack_on_Spiking_Neural_Networks_CVPR_2025_paper.html,included,robustness_open_challenges;event_to_spike,reference,"The attack explicitly targets SNNs on binary DVS data and exposes event-stream-specific robustness issues, but it is peripheral to the main architecture/training narrative.",exclude,,exclude,Adversarial attack design is outside SECNet's TPAMI method direction.,retained_reference,no,Codex semantic review of complete title + complete official abstract,not_needed,
CVPR2025-0668,VISTREAM: Improving Computation Efficiency of Visual Streaming Perception via Law-of-Charge-Conservation Inspired Spiking Neural Network,2025,CVPR,,yes,yes,bc57af2bc80a24922c352106322ab683bccc338a08a47bece4843654d9daf8f4,"Visual streaming perception (VSP) involves online intelligent processing of sequential frames captured by vision sensors, enabling real-time decision-making in applications such as autonomous driving, UAVs, and AR/VR. However, the computational efficiency of VSP on edge devices remains a challenge due to power constraints and the underutilization of temporal dependencies between frames. While spiking neural networks (SNNs) offer biologically inspired event-driven processing with potential energy benefits, their practical advantage over artificial neural networks (ANNs) for VSP tasks remains unproven.In this work, we introduce a novel framework, VISTREAM, which leverages the Law of Charge Conservation (LoCC) property in ST-BIF neurons and a differential encoding (DiffEncode) scheme to optimize SNN inference for VSP. By encoding temporal differences between neighboring frames and eliminating frequent membrane resets, VISTREAM achieves significant computational efficiency while maintaining accuracy equivalent to its ANN counterpart. We provide theoretical proofs of equivalence and validate VISTREAM across diverse VSP tasks, including object detection, tracking, and segmentation, demonstrating substantial energy savings without compromising performance.",https://openaccess.thecvf.com/content/CVPR2025/html/You_VISTREAM_Improving_Computation_Efficiency_of_Visual_Streaming_Perception_via_Law-of-Charge-Conservation_CVPR_2025_paper.html,exclude,,exclude,VISTREAM uses SNNs on conventional frame streams and therefore does not belong to the event-camera intersection.,watch,scalability_efficiency;snn_hybrid,reference,Differential streaming inference is adjacent efficiency inspiration but not an Event Cloud method.,retained_reference,no,Codex semantic review of complete title + complete official abstract,not_needed,
ICCV2025-0894,A Linear N-Point Solver for Structure and Motion from Asynchronous Tracks,2025,ICCV,,no,yes,d8d711fb93ae6b53670d63a7f10934c9a83f333df390969aa9da989258f2ee56,"Structure and continuous motion estimation from point correspondences is a fundamental problem in computer vision that has been powered by well-known algorithms such as the familiar 5-point or 8-point algorithm. However, despite their acclaim, these algorithms are limited to processing point correspondences originating from a pair of views each one representing an instantaneous capture of the scene. Yet, in the case of rolling shutter cameras, or more recently, event cameras, this synchronization breaks down. In this work, we present a unified approach for structure and linear motion estimation from 2D point correspondences with arbitrary timestamps, from an arbitrary set of views. By formulating the problem in terms of first-order dynamics and leveraging a constant velocity motion model, we derive a novel, linear point incidence relation allowing for the efficient recovery of both linear velocity and 3D points with predictable degeneracies and solution multiplicities. Owing to its general formulation, it can handle correspondences from a wide range of sensing modalities such as global shutter, rolling shutter, and event cameras, and can even combine correspondences from different collocated sensors. We validate the effectiveness of our solver on both simulated and real-world data, where we show consistent improvement across all modalities when compared to recent approaches. We believe our work opens the door to efficient structure and motion estimation from asynchronous data.",https://openaccess.thecvf.com/content/ICCV2025/html/Su_A_Linear_N-Point_Solver_for_Structure_and_Motion_from_Asynchronous_ICCV_2025_paper.html,exclude,,exclude,The general asynchronous geometric solver merely supports event-camera tracks as one modality and has no SNN relevance.,exclude,,exclude,Its geometric formulation is outside SECNet's learning architecture.,excluded_from_active_corpus,no,Codex semantic review of complete title + complete official abstract,not_needed,
ICCV2025-0209,Asynchronous Event Error-Minimizing Noise for Safeguarding Event Dataset,2025,ICCV,,yes,yes,8190fb8c106299fd1fa7f2b95d65c7b14fe2ca3fcf5971b41fd210338687f86d,"With more event datasets being released online, safeguarding the event dataset against unauthorized usage has become a serious concern for data owners. Unlearnable Examples are proposed to prevent the unauthorized exploitation of image datasets. However, it's unclear how to create unlearnable asynchronous event streams to prevent event misuse. In this work, we propose the first unlearnable event stream generation method to prevent unauthorized training from event datasets. A new form of asynchronous event error-minimizing noise is proposed to perturb event streams, tricking the unauthorized model into learning embedded noise instead of realistic features. To be compatible with the sparse event, a projection strategy is presented to sparsify the noise to render our unlearnable event streams (UEvs). Extensive experiments demonstrate that our method effectively protects event data from unauthorized exploitation, while preserving their utility for legitimate use. We hope our UEvs contribute to the advancement of secure and trustworthy event dataset sharing. Code is available at: https://github.com/rfww/uevs.",https://openaccess.thecvf.com/content/ICCV2025/html/Wang_Asynchronous_Event_Error-Minimizing_Noise_for_Safeguarding_Event_Dataset_ICCV_2025_paper.html,background,robustness_open_challenges;datasets_benchmarks,reference,"Unlearnable event streams raise a dataset-security issue on the event-camera side, without SNN-specific processing.",exclude,,exclude,Dataset protection is outside SECNet's extension direction.,retained_reference,no,Codex semantic review of complete title + complete official abstract,not_needed,
ICCV2025-1790,ClearSight: Human Vision-Inspired Solutions for Event-Based Motion Deblurring,2025,ICCV,,yes,yes,4995a6809497c58343946e8c5e326375d00a45cf5249627d1f83bcd12bf85074,"Motion deblurring addresses the challenge of image blur caused by camera or scene movement. Event cameras provide motion information that is encoded in the asynchronous event streams. To efficiently leverage the temporal information of event streams, we employ Spiking Neural Networks (SNNs) for motion feature extraction and Artificial Neural Networks (ANNs) for color information processing. Due to the non-uniform distribution and inherent redundancy of event data, existing cross-modal feature fusion methods exhibit certain limitations. Inspired by the visual attention mechanism in the human visual system, this study introduces a bioinspired dual-drive hybrid network (BDHNet). Specifically, the Neuron Configurator Module (NCM) is designed to dynamically adjust neuron configurations based on cross-modal features, thereby focusing the spikes in blurry regions and adapting to varying blurry scenarios dynamically. Additionally, the Region of Blurry Attention Module (RBAM) is introduced to generate a blurry mask in an unsupervised manner, effectively extracting motion clues from the event features and guiding more accurate cross-modal feature fusion. Extensive subjective and objective evaluations demonstrate that our method outperforms current state-of-the-art methods on both synthetic and real-world datasets.",https://openaccess.thecvf.com/content/ICCV2025/html/Lin_ClearSight_Human_Vision-Inspired_Solutions_for_Event-Based_Motion_Deblurring_ICCV_2025_paper.html,anchor,architecture;temporal_modeling;reconstruction_restoration;event_to_spike,core,ClearSight directly combines SNN event-motion extraction with ANN color processing and adaptive neuron configuration for event-guided deblurring.,discussion,snn_hybrid;task_generalization;scalability_efficiency,reference,"ClearSight is a useful event-SNN hybrid comparator from the advisor group, but it is not part of SECNet's Event Cloud/Fourier method chain.",survey_core,no,Codex semantic review of complete title + complete official abstract,not_needed,
ICCV2025-0953,Continuous-Time Human Motion Field from Event Cameras,2025,ICCV,,yes,yes,47aac513b7b7581cae40f37200989846178edd837dafcd4400482c26c275f732,"This paper addresses the challenges of estimating a continuous-time field from a stream of events. Existing Human Mesh Recovery (HMR) methods rely predominantly on frame-based approaches, which are prone to aliasing and inaccuracies due to limited temporal resolution and motion blur. In this work, we predict a continuous-time human motion field from events caused by human motion. Prior state-of-the-art methods rely on computationally intensive optimization across a fixed number of poses at high frame rates, which becomes prohibitively expensive as we increase the temporal resolution. In comparison, our model leverages a recurrent feed-forward neural network to predict human motion in the latent space of possible human motions. We present the first work that replaces traditional event volume-based discrete-time pre-dictions with a continuous human motion field represented as a time-implicit function, enabling parallel pose queries at arbitrary temporal resolutions. To advance the evaluation of continuous-time human pose estimation, we introduce the Beam-splitter Event Agile Human Motion Dataset--a hardware-synchronized high-speed human dataset tailored for this purpose. EvHuman improves joint errors by 23.8 % compared to previous event human methods, while reducing the computational time by 69%.",https://openaccess.thecvf.com/content/ICCV2025/html/Wang_Continuous-Time_Human_Motion_Field_from_Event_Cameras_ICCV_2025_paper.html,background,pose_depth_segmentation;temporal_modeling;datasets_benchmarks,reference,Continuous-time human motion fields provide event-side task and representation background without SNNs.,discussion,task_generalization;datasets,reference,Arbitrary-time motion queries offer a concrete temporal generalization direction.,retained_reference,no,Codex semantic review of complete title + complete official abstract,not_needed,
ICCV2025-1940,Depth Any Event Stream: Enhancing Event-based Monocular Depth Estimation via Dense-to-Sparse Distillation,2025,ICCV,,yes,yes,2c181272ec855903ff6158e625e5bf6ff7c3cc6214e839c1dbd603b415f44896,"With the superior sensitivity of event cameras to high-speed motion and extreme lighting conditions, event-based monocular depth estimation has gained popularity to predict structural information about surrounding scenes in challenging environments. However, the scarcity of labeled event data constrains prior supervised learning methods. Unleashing the promising potential of the existing RGB-based depth foundation model, DAM, we propose Depth Any Event stream (EventDAM) to achieve high-performance event based monocular depth estimation in an annotation-free manner. EventDAM effectively combines paired dense RGB images with sparse event data by incorporating three key cross-modality components: Sparsity-aware Feature Mixture (SFM), Sparsity-aware Feature Distillation (SFD), and Sparsity-invariant Consistency Module (SCM). With the proposed sparsity metric, SFM mixes features from RGB images and event data to generate auxiliary depth predictions, while SFD facilitates adaptive feature distillation. Furthermore, SCM ensures output consistency across varying sparsity levels in event data, thereby endowing EventDAM with zero shot capabilities across diverse scenes. Extensive experiments across a variety of benchmark datasets, compared to approaches using diverse input modalities, robustly substantiate the generalization and zero-shot capabilities of EventDAM.",https://openaccess.thecvf.com/content/ICCV2025/html/Zhu_Depth_Any_Event_Stream_Enhancing_Event-based_Monocular_Depth_Estimation_via_ICCV_2025_paper.html,background,pose_depth_segmentation;learning;event_to_spike,reference,EventDAM is non-spiking depth background on dense-to-sparse distillation and event sparsity.,discussion,task_generalization;scalability_efficiency,reference,Sparsity-aware transfer is useful for generalization beyond classification.,retained_reference,no,Codex semantic review of complete title + complete official abstract,not_needed,
ICCV2025-1066,Depth AnyEvent: A Cross-Modal Distillation Paradigm for Event-Based Monocular Depth Estimation,2025,ICCV,,yes,yes,84fe4a8f7b8b8692a241a6b75928359b38376545a536a258d102508aa8d3537b,"Event cameras capture sparse, high-temporal-resolution visual information, making them particularly suitable for challenging environments with high-speed motion and strongly varying lighting conditions. However, the lack of large datasets with dense ground-truth depth annotations hinders learning-based monocular depth estimation from event data. To address this limitation, we propose a cross-modal distillation paradigm to generate dense proxy labels leveraging a Vision Foundation Model (VFM). Our strategy requires an event stream spatially aligned with RGB frames, a simple setup even available off-the-shelf, and exploits the robustness of large-scale VFMs.Additionally, we propose to adapt VFMs, either a vanilla one like Depth Anything v2 (DAv2), or deriving from it a novel recurrent architecture to infer depth from monocular event cameras. We evaluate our approach using synthetic and real-world datasets, demonstrating that i) our cross-modal paradigm achieves competitive performance compared to fully supervised methods without requiring expensive depth annotations, and ii) our VFM-based models achieve state-of-the-art performance",https://openaccess.thecvf.com/content/ICCV2025/html/Bartolomei_Depth_AnyEvent_A_Cross-Modal_Distillation_Paradigm_for_Event-Based_Monocular_Depth_ICCV_2025_paper.html,background,pose_depth_segmentation;learning,reference,Depth AnyEvent supplies cross-modal distillation and recurrent event depth background but no SNN.,discussion,task_generalization,reference,Foundation-model distillation is a plausible task-extension strategy.,retained_reference,no,Codex semantic review of complete title + complete official abstract,not_needed,
ICCV2025-0081,E-NeMF: Event-based Neural Motion Field for Novel Space-time View Synthesis of Dynamic Scenes,2025,ICCV,,no,yes,0493707a28bfa00a749e8b3eb0c682ab403d3312c97faefc950ca455b8fb06a5,"Synthesizing novel space-time views from a monocular video is a highly ill-posed problem, and its effectiveness relies on accurately reconstructing motion and appearance of the dynamic scene.Frame-based methods for novel space-time view synthesis in dynamic scenes rely on simplistic motion assumptions due to the absence of inter-frame cues, which makes them fall in complex motion. Event camera captures inter-frame cues with high temporal resolution, which makes it hold the promising potential to handle high speed and complex motion. However, it is still difficult due to the event noise and sparsity. To mitigate the impact caused by event noise and sparsity, we propose E-NeMF, which alleviates the impact of event noise with Parametric Motion Representation and mitigates the event sparsity with Flow Prediction Module. Experiments on multiple real-world datasets demonstrate our superior performance in handling high-speed and complex motion.",https://openaccess.thecvf.com/content/ICCV2025/html/Liu_E-NeMF_Event-based_Neural_Motion_Field_for_Novel_Space-time_View_Synthesis_ICCV_2025_paper.html,exclude,,exclude,Event-based novel-view synthesis is a specialized non-SNN reconstruction task.,exclude,,exclude,Neural motion fields are outside SECNet's method path.,excluded_from_active_corpus,no,Codex semantic review of complete title + complete official abstract,not_needed,
ICCV2025-1798,Efficient Event Camera Data Pretraining with Adaptive Prompt Fusion,2025,ICCV,,yes,yes,3439fefae46571d9b15965ed1dfdf734ac2726f4b33b41d22dfde98b6b09b923,"Applying pretraining-finetuning paradigm to event cameras presents significant challenges due to the scarcity of large-scale event datasets and the inherently sparse nature of event data, which increases the risk of overfitting during extensive pretraining.In this paper, we explore the transfer of pretrained image knowledge to the domain of event cameras to address this challenge. The key to our approach lies in adapting event data representations to align with image pretrained models while simultaneously integrating spatiotemporal information and mitigating data sparsity. To achieve this, we propose a lightweight SpatioTemporal information fusion Prompting (STP) method, which progressively fuses the spatiotemporal characteristics of event data through a dynamic perception module with multi-scale spatiotemporal receptive fields, enabling compatibility with image pretrained models.STP enhances event data representation by capturing local information within a large receptive field and performing global information exchange along the temporal dimension. This strategy effectively reduces sparse regions in event data while refining fine-grained details, all while preserving its inherent spatiotemporal structure. Our method significantly outperforms previous state-of-the-art approaches across classification, semantic segmentation, and optical flow estimation tasks. For instance, it achieves a top-1 accuracy of 68.87% (+4.04%) on N-ImageNet with only 1/10 of the pretraining parameters and 1/3 of the training epochs.",https://openaccess.thecvf.com/content/ICCV2025/html/Liang_Efficient_Event_Camera_Data_Pretraining_with_Adaptive_Prompt_Fusion_ICCV_2025_paper.html,background,learning;representation_slicing;temporal_modeling,reference,"STP is valuable event-side pretraining and representation adaptation across multiple tasks, but non-spiking.",discussion,task_generalization;scalability_efficiency,reference,Efficient pretraining and temporal prompting can support a broader SECNet extension.,retained_reference,no,Codex semantic review of complete title + complete official abstract,not_needed,
ICCV2025-1096,Efficient Spiking Point Mamba for Point Cloud Analysis,2025,ICCV,,yes,yes,6502640932933d31ef05b2ed274470f1c9f612bb7dd709303055e78d98e74402,"Bio-inspired Spiking Neural Networks (SNNs) provide an energy-efficient way to extract 3D spatio-temporal features. However, existing 3D SNNs have struggled with long-range dependencies until the recent emergence of Mamba, which offers superior computational efficiency and sequence modeling capability. In this work, we propose Spiking Point Mamba (SPM), the first Mamba-based SNN in the 3D domain. Naively adapting Mamba to 3D SNNs, though, is hindered by temporal dynamics mismatch and spike-induced information loss. Thus, we first introduce Hierarchical Dynamic Encoding (HDE), an improved direct encoding method that effectively introduces dynamic temporal mechanism. Then, we propose Spiking Mamba Block (SMB), which builds upon Mamba while learning inter-time-step features and minimizing information loss caused by spikes. Finally, to further boost performance, we adopt an asymmetric SNN-ANN architecture for spike-based pre-training and finetune. Compared with the previous state-of-the-art SNN models, SPM improves overall accuracy by +6.2%, +6.1%, and +7.4% on three variants of ScanObjectNN, and boosts instance mIOU by +1.9% on ShapeNetPart. Meanwhile, its energy consumption is at most 12.6x lower than that of its ANN counterpart. Code: https://github.com/PeppaWu/SPM.",https://openaccess.thecvf.com/content/ICCV2025/html/Wu_Efficient_Spiking_Point_Mamba_for_Point_Cloud_Analysis_ICCV_2025_paper.html,background,architecture;temporal_modeling;efficiency_hardware,reference,"Spiking Point Mamba combines SNNs, point inputs, and Mamba but uses ordinary 3D point clouds rather than event-camera Event Clouds.",watch,event_cloud_point;snn_hybrid;scalability_efficiency,reference,"Point-based SNN processing is a distant comparator, but the input is an ordinary 3D point cloud and the Mamba component is outside the extension.",retained_reference,no,Codex semantic review of complete title + complete official abstract,not_needed,
ICCV2025-2555,EMatch: A Unified Framework for Event-based Optical Flow and Stereo Matching,2025,ICCV,,yes,yes,574687bbe62fa1095a34039b7a9525781ec369d9445ac93b68ff9a9aaeac6f92,"Event cameras have shown promise in vision applications like optical flow estimation and stereo matching with many specialized architectures. However, existing works only focus event data within the confines of task-specific domains, overlooking the correlations between tasks across the temporal and spatial domains. In this paper, we propose a novel matching-based framework for event cameras to estimate flow and disparity simultaneously in a shared representation space, reformulating them as a unified pixel-wise correspondence matching problem. Specifically, our method utilizes a Temporal Recurrent Network to aggregate asynchronous event features across temporal or spatial domains, and a Spatial Contextual Attention to enhance knowledge transfer across event flows via temporal or spatial interactions. By utilizing a shared pixel-wise feature similarities module, our network performs optical flow estimation from temporal event segments and stereo matching from spatial event segments simultaneously. Our unified model inherently supports multi-task unification and cross-task transfer, which facilitate training and streamline deployment. Without the need for retraining on specific tasks, our model can effectively handle both event-based flow and stereo estimation, achieving state-of-the-art performance on both tasks. Our code will be released upon acceptance.",https://openaccess.thecvf.com/content/ICCV2025/html/Zhang_EMatch_A_Unified_Framework_for_Event-based_Optical_Flow_and_Stereo_ICCV_2025_paper.html,background,temporal_modeling;pose_depth_segmentation,reference,EMatch gives non-spiking event-side shared representation across flow and stereo.,discussion,task_generalization,reference,Multi-task unification and cross-task transfer are concrete TPAMI extension ideas.,retained_reference,no,Codex semantic review of complete title + complete official abstract,not_needed,
ICCV2025-0096,EMoTive: Event-guided Trajectory Modeling for 3D Motion Estimation,2025,ICCV,,yes,yes,ce5f0227b4641ed7b4277e41b7f8f1390c5acdf6c920e7e471a9d05c7a3d9de2,"Visual 3D motion estimation aims to infer the motion of 2D pixels in 3D space based on visual cues. The key challenge arises from depth variation induced spatio-temporal motion inconsistencies, disrupting the assumptions of local spatial or temporal motion smoothness in previous motion estimation frameworks. In contrast, event cameras offer new possibilities for 3D motion estimation through continuous adaptive pixel-level responses to scene changes. This paper presents EMoTive, a novel event-based framework that models spatio-temporal trajectories via event-guided non-uniform parametric curves, effectively characterizing locally heterogeneous spatio-temporal motion. Specifically, we first introduce Event Kymograph - an event projection method that leverages a continuous temporal projection kernel and decouples spatial observations to encode fine-grained temporal evolution explicitly. For motion representation, we introduce a density-aware adaptation mechanism to fuse spatial and temporal features under event guidance, coupled with a non-uniform rational curve parameterization framework to adaptively model heterogeneous trajectories. The final 3D motion estimation is achieved through multi-temporal sampling of parametric trajectories, yielding optical flow and depth motion fields. To facilitate evaluation, we introduce CarlaEvent3D, a multi-dynamic synthetic dataset for comprehensive validation. Extensive experiments on both this dataset and a real-world benchmark demonstrate the effectiveness of the proposed method.",https://openaccess.thecvf.com/content/ICCV2025/html/Wan_EMoTive_Event-guided_Trajectory_Modeling_for_3D_Motion_Estimation_ICCV_2025_paper.html,background,temporal_modeling;pose_depth_segmentation;datasets_benchmarks,reference,"EMoTive contributes continuous event trajectory representation for 3D motion, but no SNN.",discussion,event_cloud_point;task_generalization;datasets,reference,Continuous event projection and trajectory modeling are useful Event Cloud comparators.,retained_reference,no,Codex semantic review of complete title + complete official abstract,not_needed,
ICCV2025-0830,Enhanced Event-based Dense Stereo via Cross-Sensor Knowledge Distillation,2025,ICCV,,yes,yes,05e4279945d25c373f695da090e8881540399986387b4da6ac09116e4fa73a9b,"Accurate stereo matching under fast motion and extreme lighting conditions is a challenge for many vision applications. Event cameras have the advantages of low latency and high dynamic range, thus providing a reliable solution to this challenge. However, since events are sparse, this makes it an ill-posed problem to obtain dense disparity using only events. In this work, we propose a novel framework for event-based dense stereo via cross-sensor knowledge distillation. Specifically, a multi-level intensity-to-event distillation strategy is designed to maximize the potential of long-range information, local texture details, and task-related knowledge of the intensity images. Simultaneously, to enforce the cross-view consistency, an intensity-event joint left-right consistency module is proposed. With our framework, extensive dense and structural information contained in intensity images is distilled to the event branch. Therefore, retaining only the events can predict dense disparities during inference, preserving the low latency characteristics of the events. Adequate experiments conducted on the MVSEC and DSEC datasets demonstrate that our method exhibits superior stereo matching performance than baselines, both quantitatively and qualitatively.",https://openaccess.thecvf.com/content/ICCV2025/html/Zhang_Enhanced_Event-based_Dense_Stereo_via_Cross-Sensor_Knowledge_Distillation_ICCV_2025_paper.html,background,pose_depth_segmentation;learning,reference,Cross-sensor distillation for event stereo is non-spiking background on sparse-to-dense transfer.,watch,task_generalization,reference,It offers a transfer recipe for dense tasks but is not central.,retained_reference,no,Codex semantic review of complete title + complete official abstract,not_needed,
ICCV2025-0631,EvaGaussians: Event Stream Assisted Gaussian Splatting from Blurry Images,2025,ICCV,,no,yes,604071ad5a0c85df14a40ab583b5c349ef86a9abdf02346082a2a9d81dc84d9e,"3D Gaussian Splatting (3D-GS) has demonstrated exceptional capabilities in synthesizing novel views of 3D scenes. However, its training is heavily reliant on high-quality images and precise camera poses. Meeting these criteria can be challenging in non-ideal real-world conditions, where motion-blurred images frequently occur due to high-speed camera movements.To address these challenges, we introduce Event Stream Assisted Gaussian Splatting (EvaGaussians), a novel approach that harnesses event streams captured by event cameras to facilitate the learning of high-quality 3D-GS from motion-blurred images. Capitalizing on the high temporal resolution and dynamic range offered by event streams, we seamlessly integrate them into the initialization and optimization of 3D-GS, thereby enhancing the acquisition of high-fidelity novel views with intricate texture details. We also contribute two novel datasets comprising RGB frames, event streams, and corresponding camera parameters, featuring a wide variety of scenes and various camera motions. The comparison results reveal that our approach not only excels in generating high-fidelity novel views, but also offers improved training and inference efficiency. Video and code are available at the project page.",https://openaccess.thecvf.com/content/ICCV2025/html/Yu_EvaGaussians_Event_Stream_Assisted_Gaussian_Splatting_from_Blurry_Images_ICCV_2025_paper.html,exclude,,exclude,Event-assisted Gaussian splatting is a specialized non-SNN reconstruction line.,exclude,,exclude,No SECNet-relevant method relation is present.,excluded_from_active_corpus,no,Codex semantic review of complete title + complete official abstract,not_needed,
ICCV2025-1773,EVDM: Event-based Real-world Video Deblurring with Mamba,2025,ICCV,,yes,yes,f9828a655be923ef02e6568c1c44e955e99f55f558080d4b2afd06b027941a60,"Existing event-based video deblurring methods face limitations in extracting and fusing long-range spatiotemporal motion information from events, primarily due to restricted receptive fields or low computational efficiency, resulting in suboptimal deblurring performance.To address these issues, we introduce the state space model, which leverages linear complexity and global receptive fields for long-range modeling, and propose EVDM, a novel Event-based Video Deblurring framework with Mamba. The framework consists of: (1) Motion Clue Extraction Mamba (MCEM), which employs an event self-reconstruction loss to ensure the completeness of details when extracting long-range motion information. (2) Motion-aware Intra-frame Fusion Mamba (MIFM) and Inter-frame Temporal Propagation Mamba (ITPM), which utilize the motion-aware state space to perform cross-modal fusion and inter-frame information exchange guided by motion clues. Consequently, EVDM achieves superior detail restoration in blurred regions while ensuring temporal motion consistency across frames. Additionally, to overcome the limitation of fixed exposure ratios in existing event-frame paired datasets, we introduce T-RED, a high-quality, high-resolution dataset with varying exposure time ratios. T-RED provides more realistic and complex data for event-based video deblurring research. Experiments on multiple datasets demonstrate that EVDM outperforms previous SOTA methods.",https://openaccess.thecvf.com/content/ICCV2025/html/Sun_EVDM_Event-based_Real-world_Video_Deblurring_with_Mamba_ICCV_2025_paper.html,background,reconstruction_restoration;temporal_modeling;datasets_benchmarks,reference,"EVDM supplies event-side Mamba long-range modeling and a realistic deblurring dataset, without SNNs.",exclude,,exclude,Its event-deblurring Mamba architecture is outside the confirmed extension direction.,retained_reference,no,Codex semantic review of complete title + complete official abstract,not_needed,
ICCV2025-1791,Event-aided Dense and Continuous Point Tracking: Everywhere and Anytime,2025,ICCV,,yes,yes,16a734935c7cf50d7e8192a680c5a36f52d1b7e4109fe40f8527d876e2b9541d,"Recent point tracking methods have made great strides in recovering the trajectories of any point (especially key points) in long video sequences associated with large motions. However, the spatial and temporal granularities of point trajectories remain constrained by limited motion estimation accuracy and video frame rate. Leveraging the high temporal resolution and motion sensitivity of event cameras, we introduce event data for the first time to recover spatially dense and temporally continuous trajectories of every point at any time. Specifically, we define the dense and continuous point trajectory representation as estimating multiple control points of curves for each pixel and model the movement of sparse events triggered along continuous point trajectories. Building on this, we propose a novel multi-frame iterative streaming framework that first estimates local inter-frame motion representations from two consecutive frames with inter-frame events, then aggregates them into a global long-term motion representation to utilize input full video and event data with an arbitrary number of frames. Extensive experiments on simulated and real data demonstrate the significant improvement of our framework over state-of-the-art methods and the crucial role of introducing events to model continuous point trajectories.",https://openaccess.thecvf.com/content/ICCV2025/html/Wan_Event-aided_Dense_and_Continuous_Point_Tracking_Everywhere_and_Anytime_ICCV_2025_paper.html,background,tracking;temporal_modeling,reference,Dense continuous point tracking is useful event-side temporal task background but non-spiking.,discussion,task_generalization;scalability_efficiency,reference,Streaming continuous trajectories are a credible extension target.,retained_reference,no,Codex semantic review of complete title + complete official abstract,not_needed,
ICCV2025-0082,Event-based Tiny Object Detection: A Benchmark Dataset and Baseline,2025,ICCV,,yes,yes,d927dea622023c043a1ccd7143ba6d425205fdf5a888aff80d447027d3834593,"Small object detection (SOD) in anti-UAV task is a challenging problem due to the small size of UAVs and complex backgrounds. Traditional frame-based cameras struggle to detect small objects in complex environments due to their low frame rates, limited dynamic range, and data redundancy. Event cameras, with microsecond temporal resolution and high dynamic range, provide a more effective solution for SOD. However, existing event-based object detection datasets are limited in scale, feature large targets size, and lack diverse backgrounds, making them unsuitable for SOD benchmarks. In this paper, we introduce a Event-based Small object detection (EVSOD) dataset (namely EV-UAV), the first large-scale, highly diverse benchmark for anti-UAV tasks. It includes 147 sequences with over 2.3 million event-level annotations, featuring extremely small targets (averaging 6.8 x 5.4 pixels) and diverse scenarios such as urban clutter and extreme lighting conditions. Furthermore, based on the observation that small moving targets form continuous curves in spatiotemporal event point clouds, we propose Event based Sparse Segmentation Network (EV-SpSegNet), a novel baseline for event segmentation in point cloud space, along with a Spatiotemporal Correlation (STC) loss that leverages motion continuity to guide the network in retaining target events. Extensive experiments on the EV-UAV dataset demonstrate the superiority of our method and provide a benchmark for future research in EVSOD.",https://openaccess.thecvf.com/content/ICCV2025/html/Chen_Event-based_Tiny_Object_Detection_A_Benchmark_Dataset_and_Baseline_ICCV_2025_paper.html,background,detection;datasets_benchmarks;representation_slicing,reference,"EV-UAV and its point-space baseline provide event-side small-object benchmark and Event Cloud evidence, without SNNs.",discussion,event_cloud_point;datasets;task_generalization,reference,Point-space sparse detection directly tests Event Cloud generalization.,retained_reference,no,Codex semantic review of complete title + complete official abstract,not_needed,
ICCV2025-1691,Event-based Visual Vibrometry,2025,ICCV,,no,yes,1a40f9170d52b973c265340e590ad44b339d83b38a457ac5d9633ebc992f8bf0,"Visual vibrometry has emerged as a powerful technique for remote acquisition of audio and the physical properties of materials. To capture high-frequency vibrations, frame-based approaches often require a high-speed video camera and bright lighting to compensate for the short exposure time. In this paper, we introduce event-based visual vibrometry, a new high-speed visual vibration sensing method using an event camera. By leveraging the high temporal resolution and low bandwidth characteristics of event cameras, event-based visual vibrometry enables high-speed vibration sensing under ambient lighting conditions with improved data efficiency. Specifically, we leverage a hybrid camera system and propose an event-based subtle motion estimation framework that integrates an optimization-based approach based on the event generation model and a motion refinement network. We demonstrate our method by capturing vibration caused by audio sources and estimating material properties for various objects.",https://openaccess.thecvf.com/content/ICCV2025/html/Zhou_Event-based_Visual_Vibrometry_ICCV_2025_paper.html,exclude,,exclude,Event visual vibrometry is a specialized sensing application without SNN relevance.,exclude,,exclude,Vibration sensing is outside SECNet.,excluded_from_active_corpus,no,Codex semantic review of complete title + complete official abstract,checked_conference_pdf,The method estimates physical vibration motion and later analyzes motion spectra for audio/material sensing; it does not contribute a neural FFT module transferable to SECNet/SNN coupling.
ICCV2025-0889,Event-boosted Deformable 3D Gaussians for Dynamic Scene Reconstruction,2025,ICCV,,no,yes,e392c7a3b5b633acab42c82dcff9dc5b0af7ea522bbde5e0d32dfbbd8325487a,"Deformable 3D Gaussian Splatting (3D-GS) is limited by missing intermediate motion information due to the low temporal resolution of RGB cameras. To address this, we introduce the first approach combining event cameras, which capture high-temporal-resolution, continuous motion data, with deformable 3D-GS for dynamic scene reconstruction. We observe that threshold modeling for events plays a crucial role in achieving high-quality reconstruction. Therefore, we propose a GS-Threshold Joint Modeling strategy, creating a mutually reinforcing process that greatly improves both 3D reconstruction and threshold modeling. Moreover, we introduce a Dynamic-Static Decomposition strategy that first identifies dynamic areas by exploiting the inability of static Gaussians to represent motions, then applies a buffer-based soft decomposition to separate dynamic and static areas. This strategy accelerates rendering by avoiding unnecessary deformation in static areas, and focuses on dynamic areas to enhance fidelity. Additionally, we contribute the first event-inclusive 4D benchmark with synthetic and real-world dynamic scenes, on which our method achieves state-of-the-art performance.",https://openaccess.thecvf.com/content/ICCV2025/html/Xu_Event-boosted_Deformable_3D_Gaussians_for_Dynamic_Scene_Reconstruction_ICCV_2025_paper.html,exclude,,exclude,Event-boosted deformable 3DGS is specialized non-SNN scene reconstruction.,exclude,,exclude,Gaussian reconstruction is outside the advisor method chain.,excluded_from_active_corpus,no,Codex semantic review of complete title + complete official abstract,not_needed,
ICCV2025-2643,Event-guided HDR Reconstruction with Diffusion Priors,2025,ICCV,,no,yes,e889a3cb0c2786ab4faa7ad4016c8cce2f3938d1ac60109790c7693954b5817a,"Events provide High Dynamic Range (HDR) intensity change which can guide Low Dynamic Range (LDR) image for HDR reconstruction. However, events only provide temporal intensity differences and it is still ill-posed in over-/under-exposed areas due to missing initial reference brightness and color information. With strong generation ability, diffusion models have shown their potential for tackling ill-posed problems. Therefore, we introduce conditional diffusion models to hallucinate missing information. Whereas, directly adopting events and LDR image as conditions is complicated for diffusion models to sufficiently utilize their information. Thus we introduce a pretrained events-image encoder tailored for HDR reconstruction and a pyramid fusion module to provide HDR conditions, which can be efficiently and effectively utilized by the diffusion model. Moreover, the generation results of diffusion models usually exhibit distortion, particularly for fine-grained details. To better preserve fidelity and suppress distortion, we propose a fine-grained detail recovery approach using a histogram-based structural loss. Experiments on real and synthetic data show the effectiveness of the proposed method in terms of both detail preservation and information hallucination.",https://openaccess.thecvf.com/content/ICCV2025/html/Yang_Event-guided_HDR_Reconstruction_with_Diffusion_Priors_ICCV_2025_paper.html,exclude,,exclude,Diffusion-based event HDR reconstruction is peripheral non-SNN imaging.,exclude,,exclude,HDR hallucination does not support SECNet's goals.,excluded_from_active_corpus,no,Codex semantic review of complete title + complete official abstract,not_needed,
ICCV2025-1099,"Event-guided Unified Framework for Low-light Video Enhancement, Frame Interpolation, and Deblurring",2025,ICCV,,yes,yes,4b5a9214e413f428f9a0be13fafe3c9223fef4cf734ffe25479aed2d7ea8f9f8,"In low-light environments, longer exposure times are commonly used to enhance image visibility; however, this inevitably leads to motion blur. Even with a long exposure time, videos captured in low-light environments still suffer from issues such as low visibility, low contrast, and color distortion. Additionally, the long exposure time results in videos with a low frame rate. Therefore, videos captured in low-light exhibit low visibility and motion blur, as well as low frame rates. To overcome these limitations, we propose a novel problem aimed at transforming motion-blurred, low-frame-rate videos with poor visibility in low-light environments into high-frame-rate videos while simultaneously enhancing their visibility. To tackle this challenge, we leverage the unique advantages of event cameras, which capture scene changes asynchronously, providing superior temporal resolution and a wider dynamic range compared to conventional frame-based cameras. These properties make event cameras particularly effective in reducing motion blur, compensating for low frame rates, and enhancing visibility in low-light conditions. To this end, we developed a hybrid camera system that integrates two RGB cameras and an event camera, capturing a dedicated dataset for this task and proposing novel network architectures to effectively address this problem. The project pages are available at https://sites.google.com/view/eledi-iccv.",https://openaccess.thecvf.com/content/ICCV2025/html/Kim_Event-guided_Unified_Framework_for_Low-light_Video_Enhancement_Frame_Interpolation_and_ICCV_2025_paper.html,background,reconstruction_restoration;datasets_benchmarks,reference,The unified event-guided restoration framework shows multi-task event capability but no SNN.,watch,task_generalization;datasets,reference,"Task unification is adjacent inspiration, though restoration is distant from SECNet.",retained_reference,no,Codex semantic review of complete title + complete official abstract,not_needed,
ICCV2025-0703,EventUPS: Uncalibrated Photometric Stereo Using an Event Camera,2025,ICCV,,no,yes,ce1a2d74221d012acee1e8a879e714c62a4bb1b82b2c7d4e4a6cda355290ec07,"We present EventUPS, the first uncalibrated photometric stereo (UPS) method using an event camera--a neuromorphic sensor that asynchronously detects brightness changes with microsecond resolution. Traditional frame-based UPS methods are hindered by high bandwidth demands and limited use in dynamic scenes. These methods require dense image correspondence under varying illumination and are incompatible with the fundamentally different sensing paradigm of event data. Our approach introduces three key innovations: an augmented null space formulation that directly relates each event to joint constraints on surface normals and lighting, naturally handling ambient illumination; a continuous parameterization of time-varying illumination that connects asynchronous events to synchronized lighting estimation; and a lighting fixture with known relative geometry that reduces ambiguity to a convex-concave uncertainty. We validate EventUPS using a custom-built LED lighting system. Experimental results show that our method achieves accuracy surpassing its frame-based counterpart while requiring only 5% of the data bandwidth.",https://openaccess.thecvf.com/content/ICCV2025/html/Liang_EventUPS_Uncalibrated_Photometric_Stereo_Using_an_Event_Camera_ICCV_2025_paper.html,exclude,,exclude,Event photometric stereo is specialized geometry and not part of SNN-event integration.,exclude,,exclude,No SECNet-relevant relation is present.,excluded_from_active_corpus,no,Codex semantic review of complete title + complete official abstract,not_needed,
ICCV2025-1538,EvRT-DETR: Latent Space Adaptation of Image Detectors for Event-based Vision,2025,ICCV,,yes,yes,cbdc3ea0736a767697a60c89e655dd86e12020c4f739c701875db5222c6c0d78,"Event-based cameras (EBCs) have emerged as a bio-inspired alternative to traditional cameras, offering advantages in power efficiency, temporal resolution, and high dynamic range. However, the development of image analysis methods for EBCs is challenging due to the sparse and asynchronous nature of the data. This work addresses the problem of object detection for EBC cameras. The current approaches to EBC object detection focus on constructing complex data representations and rely on specialized architectures. We introduce I2EvDet (Image-to-Event Detection), a novel adaptation framework that bridges mainstream object detection with temporal event data processing. First, we demonstrate that a Real-Time DEtection TRansformer, or RT-DETR, a state-of-the-art natural image detector, trained on a simple image-like representation of the EBC data achieves performance comparable to specialized EBC methods. Next, as part of our framework, we develop an efficient adaptation technique that transforms image-based detectors into event-based detection models by modifying their frozen latent representation space through minimal architectural additions. The resulting EvRT-DETR model reaches state-of-the-art performance on the standard benchmark datasets Gen1 (mAP +2.3) and 1Mpx/Gen4 (mAP +1.4). These results demonstrate a fundamentally new approach to EBC object detection through principled adaptation of mainstream architectures, offering an efficient alternative with potential applications to other temporal visual domains.",https://openaccess.thecvf.com/content/ICCV2025/html/Torbunov_EvRT-DETR_Latent_Space_Adaptation_of_Image_Detectors_for_Event-based_Vision_ICCV_2025_paper.html,background,detection;representation_slicing;learning,reference,"EvRT-DETR is event-side evidence for adapting image detectors to simple event representations, but non-spiking.",discussion,task_generalization;scalability_efficiency,reference,Minimal latent adaptation is a useful comparator for event-model specialization.,retained_reference,no,Codex semantic review of complete title + complete official abstract,not_needed,
ICCV2025-1983,Exploiting Frequency Dynamics for Enhanced Multimodal Event-based Action Recognition,2025,ICCV,,yes,yes,6484498460ddfd38acc8f92d3e9f4061e2847113ea3f19861611dbf2d652e6f2,"While event cameras excel in capturing microsecond temporal dynamics, they suffer from sparse spatial representations compared to traditional RGB data. Thus, multi-modal event-based action recognition approaches aim to synergize complementary strengths by independently extracting and integrating paired RGB-Event features. However, this paradigm inevitably introduces additional data acquisition costs, while eroding the inherent privacy advantages of event-based sensing. Drawing inspiration from event-to-image reconstruction, texture-enriched visual representation directly reconstructed from asynchronous event streams is a promising solution. In response, we propose an Enhanced Multimodal Perceptual (EMP) framework that hierarchically explores multimodal cues (e.g., edges and textures) from raw event streams through two synergistic innovations spanning representation to feature levels. Specifically, we introduce Cross-Modal Frequency Enhancer (CFE) that leverages complementary frequency characteristics between reconstructed frames and stacked frames to refine event representations. Furthermore, to achieve unified feature encoding across modalities, we develop High-Frequency Guided Selector (HGS) for semantic consistency token selection guided by dynamic edge features while suppressing redundant multimodal information interference adaptively. Extensive experiments on four benchmark datasets demonstrate the superior effectiveness of our proposed framework.",https://openaccess.thecvf.com/content/ICCV2025/html/Cao_Exploiting_Frequency_Dynamics_for_Enhanced_Multimodal_Event-based_Action_Recognition_ICCV_2025_paper.html,background,classification_recognition;temporal_modeling;representation_slicing,reference,EMP provides non-spiking event-side evidence on frequency-guided multimodal recognition.,method_chain,fourier_fft;frequency;task_generalization,required,"The PDF applies 3D FFT to stacked and reconstructed event frames, learns a frequency filter, and returns through iFFT, making it a direct event-side FFT representation design.",advisor_required,no,Codex semantic review of complete title + complete official abstract,checked_conference_pdf,"CFE applies 3D FFT to two event-derived frame modalities, frequency filtering, and iFFT."
ICCV2025-0099,From Sharp to Blur: Unsupervised Domain Adaptation for 2D Human Pose Estimation Under Extreme Motion Blur Using Event Cameras,2025,ICCV,,no,yes,4a96772c8cc5331d0f143008abd5d5c6a7db2290340af25e74bb217729291bbc,"Human pose estimation is critical for applications such as rehabilitation, sports analytics, and AR/VR systems. However, rapid motion and low-light conditions often introduce motion blur, significantly degrading pose estimation due to the domain gap between sharp and blurred images. Most datasets assume stable conditions, making models trained on sharp images struggle in blurred environments. To address this, we introduce a novel domain adaptation approach that leverages event cameras, which capture high temporal resolution motion data and are inherently robust to motion blur. Using event-based augmentation, we generate motion-aware blurred images, effectively bridging the domain gap between sharp and blurred domains without requiring paired annotations. Additionally, we develop a student-teacher framework that iteratively refines pseudo-labels, leveraging mutual uncertainty masking to eliminate incorrect labels and enable more effective learning. Experimental results demonstrate that our approach outperforms conventional domain-adaptive human pose estimation methods, achieving robust pose estimation under motion blur without requiring annotations in the target domain. Our findings highlight the potential of event cameras as a scalable and effective solution for domain adaptation in real-world motion blur environments. Our project codes are available at https://github.com/kmax2001/EvSharp2Blur.",https://openaccess.thecvf.com/content/ICCV2025/html/Kim_From_Sharp_to_Blur_Unsupervised_Domain_Adaptation_for_2D_Human_ICCV_2025_paper.html,exclude,,exclude,Event-based domain adaptation for blurred RGB pose is peripheral and does not use SNNs.,exclude,,exclude,The method does not materially connect to SECNet.,excluded_from_active_corpus,no,Codex semantic review of complete title + complete official abstract,not_needed,
ICCV2025-2599,LLaFEA: Frame-Event Complementary Fusion for Fine-Grained Spatiotemporal Understanding in LMMs,2025,ICCV,,yes,yes,079f6f4b207f0f8065f44022edf00f0f17303031d6a0f08aa47c119215f42be4,"Large multimodal models (LMMs) excel in scene understanding but struggle with fine-grained spatiotemporal reasoning due to weak alignment between linguistic and visual representations. Existing methods map textual positions and durations into the visual space encoded from frame-based videos, but suffer from temporal sparsity that limits language-vision temporal coordination. To address this issue, we introduce LLaFEA (Large Language and Frame-Event Assistant) to leverage event cameras for temporally dense perception and frame-event fusion. Our approach employs a cross-attention mechanism to integrate complementary spatial and temporal features, followed by self-attention matching for global spatio-temporal associations. We further embed textual position and duration tokens into the fused visual space to enhance fine-grained alignment. This unified framework ensures robust spatio-temporal coordinate alignment, enabling LMMs to interpret scenes at any position and any time. In addition, we construct a dataset of real-world frames-events with coordinate instructions and conduct extensive experiments to validate the effectiveness of the proposed method.",https://openaccess.thecvf.com/content/ICCV2025/html/Zhou_LLaFEA_Frame-Event_Complementary_Fusion_for_Fine-Grained_Spatiotemporal_Understanding_in_LMMs_ICCV_2025_paper.html,exclude,,exclude,Frame-event large multimodal modeling is broad event vision without SNN relevance to the focused survey.,watch,task_generalization;datasets,reference,It is only a distant signal for broader semantic tasks.,retained_reference,no,Codex semantic review of complete title + complete official abstract,not_needed,
ICCV2025-1638,Low-Light Image Enhancement Using Event-Based Illumination Estimation,2025,ICCV,,no,yes,f480f3bae10423483d342954caa41443a765e94857fc5e64276b0f91fa202cfa,"Low-light image enhancement (LLIE) aims to improve the visibility of images captured in poorly lit environments. Prevalent event-based solutions primarily utilize events triggered by motion, i.e., ""motion events"" to strengthen only the edge texture, while leaving the high dynamic range and excellent low-light responsiveness of event cameras largely unexplored. This paper instead opens a new avenue from the perspective of estimating the illumination using ""temporal-mapping"" events, i.e., by converting the timestamps of events triggered by a transmittance modulation into brightness values. The resulting fine-grained illumination cues facilitate a more effective decomposition and enhancement of the reflectance component in low-light images through the proposed Illumination-aided Reflectance Enhancement module. Furthermore, the degradation model of temporal-mapping events under low-light condition is investigated for realistic training data synthesis. To address the lack of datasets under this regime, we construct a beam-splitter setup and collect EvLowLight dataset that includes images, temporal-mapping events, and motion events. Extensive experiments across 5 synthetic datasets and our real-world EvLowLight dataset substantiate that the devised pipeline, dubbed RetinEV, excels in producing well-illuminated, high dynamic range images, outperforming previous state-of-the-art event-based methods by up to 6.62 dB, while maintaining an efficient inference speed of 35.6 frames per second on a 640x480 image. Codes and datasets: https://github.com/AHupuJR/RetinEV.",https://openaccess.thecvf.com/content/ICCV2025/html/Sun_Low-Light_Image_Enhancement_Using_Event-Based_Illumination_Estimation_ICCV_2025_paper.html,exclude,,exclude,Event-based low-light enhancement is specialized non-SNN computational imaging.,exclude,,exclude,Illumination estimation is outside SECNet.,excluded_from_active_corpus,no,Codex semantic review of complete title + complete official abstract,not_needed,
ICCV2025-2618,MATE: Motion-Augmented Temporal Consistency for Event-based Point Tracking,2025,ICCV,,yes,yes,abb7bf693da3162902d65847008182ac75be8154480495df4175e79e10a6ee76,"Tracking Any Point (TAP) plays a crucial role in motion analysis. Video-based approaches rely on iterative local matching for tracking, but they assume linear motion during the blind time between frames, which leads to point loss under large displacements or nonlinear motion. The high temporal resolution and motion blur-free characteristics of event cameras provide continuous, fine-grained motion information, capturing subtle variations with microsecond precision. This paper presents an event-based framework for tracking any point, which tackles the challenges posed by spatial sparsity and motion sensitivity in events through two tailored modules. Specifically, to resolve ambiguities caused by event sparsity, a motion-guidance module incorporates kinematic vectors into the local matching process. Additionally, a variable motion aware module is integrated to ensure temporally consistent responses that are insensitive to varying velocities, thereby enhancing matching precision.To validate the effectiveness of the approach, two event dataset for tracking any point is constructed by simulation. The method improves the Survival_ 50 metric by 17.9% over event-only tracking of any point baseline. Moreover, on standard feature tracking benchmarks, it outperforms all existing methods, even those that combine events and video frames.",https://openaccess.thecvf.com/content/ICCV2025/html/Han_MATE_Motion-Augmented_Temporal_Consistency_for_Event-based_Point_Tracking_ICCV_2025_paper.html,background,tracking;temporal_modeling;datasets_benchmarks,reference,MATE supplies event-only point-tracking and velocity-robust temporal modeling evidence.,discussion,task_generalization;datasets,reference,Motion-adaptive point tracking is a plausible Event Cloud extension.,retained_reference,no,Codex semantic review of complete title + complete official abstract,not_needed,
ICCV2025-1060,PRE-Mamba: A 4D State Space Model for Ultra-High-Frequent Event Camera Deraining,2025,ICCV,,yes,yes,b9114d9ff20113c9613f50796daf1b39a923a44f2e313cdaae0ba272dc3f5b79,"Event cameras excel in high temporal resolution and dynamic range but suffer from dense noise in rainy conditions. Existing event deraining methods face trade-offs between temporal precision, deraining effectiveness, and computational efficiency. In this paper, we propose PRE-Mamba, a novel point-based event camera deraining framework that fully exploits the spatiotemporal characteristics of raw event and rain. Our framework introduces a 4D event cloud representation that integrates dual temporal scales to preserve high temporal precision, a Spatio-Temporal Decoupling and Fusion module (STDF) that enhances deraining capability by enabling shallow decoupling and interaction of temporal and spatial information, and a Multi-Scale State Space Model (MS3M) that captures deeper rain dynamics across dual-temporal and multi-spatial scales with linear computational complexity. Enhanced by frequency-domain regularization, PRE-Mamba achieves superior performance (0.95 SR, 0.91 NR, and 0.4s/M events) with only 0.26M parameters on EventRain-27K, a comprehensive dataset with labeled synthetic and real-world sequences. Moreover, our method generalizes well across varying rain intensities, viewpoints, and even snowy conditions. Code and dataset: https://github.com/softword-tt/PRE-Mamba.",https://openaccess.thecvf.com/content/ICCV2025/html/Ruan_PRE-Mamba_A_4D_State_Space_Model_for_Ultra-High-Frequent_Event_Camera_ICCV_2025_paper.html,background,representation_slicing;temporal_modeling;reconstruction_restoration,reference,"PRE-Mamba provides point-based 4D Event Cloud processing and event-sequence frequency regularization, but no SNN; its Mamba backbone is not a survey axis.",discussion,event_cloud_point;fourier_fft;frequency;scalability_efficiency,helpful,"The PDF applies a 1D FFT regularization loss directly to predicted and ground-truth event-label sequences, explicitly avoiding an inference FFT layer. Read this loss and Event Cloud interface only; the Mamba/SSM backbone is outside the planned extension.",advisor_helpful,no,Codex semantic review of complete title + complete official abstract,checked_conference_pdf,PRE-Mamba applies a 1D FFT regularization loss to predicted and ground-truth event-label sequences and explicitly avoids an inference FFT layer; only this loss and Event Cloud interface are Advisor-relevant.
ICCV2025-1311,SAMPLE: Semantic Alignment through Temporal-Adaptive Multimodal Prompt Learning for Event-Based Open-Vocabulary Action Recognition,2025,ICCV,,yes,yes,e4fab06ffbfd4a6327acac7a9da9ec3b00ec31eca87e0e981e33747042a6d5e9,"Open-vocabulary action recognition (OVAR) extends recognition systems to identify unseen action categories. While large-scale vision-language models (VLMs) like CLIP have enabled OVAR in image domains, their adaptation to event data remains underexplored. Event cameras offer high temporal resolution and inherent privacy preservation, making them suitable for capturing fine-grained motion dynamics. However, leveraging event data for OVAR presents challenges: 1) bridging the domain gap between static image-based models and event streams, and 2) preserving the generalization capabilities of pretrained VLMs in open-vocabulary settings. In this paper, we propose SAMPLE, a lightweight adaptation of VLMs for event-based action recognition, balancing supervised and open-vocabulary performance. We introduce a Temporal-Adaptive Multimodal Prompt Learning strategy that can be divided into: 1) Unimodal prompt on both the event and text branches to learn the data distribution 2) Event-Text cross-modal prompt for representation space alignment 3) Temporal-Adaptive prompt to model temporal dependencies across event data. Extensive evaluations demonstrate that SAMPLE outperforms prior methods across fully supervised, few-shot, base-to-novel and zero-shot settings. Notably, in zero-shot scenarios, SAMPLE achieves gains of +15.46%, +29.76%, and +23.79% on SeAct, DVS128Gesture, and PAF respectively with less commute cost. Our codes are released at https://github.com/JingWang-self/SAMPLE.",https://openaccess.thecvf.com/content/ICCV2025/html/Wang_SAMPLE_Semantic_Alignment_through_Temporal-Adaptive_Multimodal_Prompt_Learning_for_Event-Based_ICCV_2025_paper.html,background,classification_recognition;temporal_modeling,reference,SAMPLE is event-only open-vocabulary action recognition and temporal prompting background.,discussion,task_generalization,reference,Open-vocabulary recognition offers a concrete generalization extension.,retained_reference,no,Codex semantic review of complete title + complete official abstract,not_needed,
ICCV2025-0738,Separation for Better Integration: Disentangling Edge and Motion in Event-based Deblurring,2025,ICCV,,yes,yes,4c70eb4ff11849eb5bdeae53ee510049d2279b8953890cb5fd6ed4dbec50a1c0,"Traditional motion deblurring methods struggle to effectively model motion information within the exposure time. Recently, event cameras have attracted significant research interest for its ability to model motion cues over the exposure duration. However, these methods directly fuse event features with image, overlooking the intrinsic heterogeneity of events. In this paper, we identify that the event modality contains two conflicting types of information: edge features and motion cues. Events accumulated over a short exposure period capture sharp edge details but lose motion information, while those accumulated over a long exposure period blur edge details due to motion. To address this issue, we propose a simple yet effective approach to disentangle these two cues from event features and employ an edge-aware sharpening module along with motion-driven scale-adaptive deblurring module to fully leverage both. Specifically, the first module aids in restoring sharp edges by leveraging the clear edge features provided by events, while the second module leverages motion cues to learn diverse blur kernels, adaptively adjusting the receptive field for optimal deblurring. Extensive experiments on synthetic and real-world datasets validate the effectiveness of our approach and yield a substantial improvement over state-of-the-art single-frame methods and surpasses most multi-frame-based methods. Code will be publicly available.",https://openaccess.thecvf.com/content/ICCV2025/html/Zhu_Separation_for_Better_Integration_Disentangling_Edge_and_Motion_in_Event-based_ICCV_2025_paper.html,background,reconstruction_restoration;representation_slicing,reference,"Edge-motion disentanglement is useful event-side representation evidence for deblurring, without SNNs.",watch,frequency,reference,Separating event cues is adjacent representation inspiration.,retained_reference,no,Codex semantic review of complete title + complete official abstract,not_needed,
ICCV2025-0339,Simultaneous Motion And Noise Estimation with Event Cameras,2025,ICCV,,yes,yes,80592667a415d1b416e9c64769c299cc77a60208ceb97c61be1f3ac33d199e44,"Event cameras are emerging vision sensors whose noise is challenging to characterize. Existing denoising methods for event cameras are often designed in isolation and thus consider other tasks, such as motion estimation, separately (i.e., sequentially after denoising). However, motion is an intrinsic part of event data, since scene edges cannot be sensed without motion. We propose, to the best of our knowledge, the first method that simultaneously estimates motion in its various forms (e.g., ego-motion, optical flow) and noise. The method is flexible, as it allows replacing the one-step motion estimation of the widely-used Contrast Maximization framework with any other motion estimator, such as deep neural networks. The experiments show that the proposed method achieves state-of-the-art results on the E-MLB denoising benchmark and competitive results on the DND21 benchmark, while demonstrating effectiveness across motion estimation and intensity reconstruction tasks. Our approach advances event-data denoising theory and expands practical denoising use-cases via open-source code. Project page: https://github.com/tub-rip/ESMD",https://openaccess.thecvf.com/content/ICCV2025/html/Shiba_Simultaneous_Motion_And_Noise_Estimation_with_Event_Cameras_ICCV_2025_paper.html,background,robustness_open_challenges;temporal_modeling,reference,Joint event motion/noise estimation supplies important event-camera noise theory and task interaction background.,discussion,task_generalization;scalability_efficiency,reference,Noise robustness is a concrete real-world SECNet extension issue.,retained_reference,no,Codex semantic review of complete title + complete official abstract,not_needed,
ICCV2025-2608,SpikePack: Enhanced Information Flow in Spiking Neural Networks with High Hardware Compatibility,2025,ICCV,,yes,yes,0ad28a22c717a92e041c298883be868cf8e0d2f8c258b28855502c171905118b,"Spiking Neural Networks (SNNs) hold promise for energy-efficient, biologically inspired computing. We identify substantial information loss during spike transmission, linked to temporal dependencies in traditional Leaky Integrate-and-Fire (LIF) neurons--a key factor potentially limiting SNN performance. Existing SNN architectures also underutilize modern GPUs, constrained by single-bit spike storage and isolated weight-spike operations that restrict computational efficiency. We introduce SpikePack, a neuron model designed to reduce transmission loss while preserving essential features like membrane potential reset and leaky integration. SpikePack achieves constant \mathcal O (1) time and space complexity, enabling efficient parallel processing on GPUs and also supporting serial inference on existing SNN hardware accelerators. Compatible with standard Artificial Neural Network (ANN) architectures, SpikePack facilitates near-lossless ANN-to-SNN conversion across various networks. Experimental results on tasks such as image classification, detection, and segmentation show SpikePack achieves significant gains in accuracy and efficiency for both directly trained and converted SNNs over state-of-the-art models. Tests on FPGA-based platforms further confirm cross-platform flexibility, delivering high performance and enhanced sparsity. By enhancing information flow and rethinking SNN-ANN integration, SpikePack advances efficient SNN deployment across diverse hardware platforms.",https://openaccess.thecvf.com/content/ICCV2025/html/Shen_SpikePack_Enhanced_Information_Flow_in_Spiking_Neural_Networks_with_High_ICCV_2025_paper.html,background,architecture;learning;efficiency_hardware,reference,"SpikePack contributes generic SNN information flow, conversion, and measured FPGA evidence without event-camera data.",discussion,snn_hybrid;hardware;scalability_efficiency,reference,Its hardware-compatible hybrid deployment is a strong SNN extension comparator.,retained_reference,no,Codex semantic review of complete title + complete official abstract,not_needed,
ICCV2025-1894,SpiLiFormer: Enhancing Spiking Transformers with Lateral Inhibition,2025,ICCV,,yes,yes,e6aa808c6df5ac88c4786f7448b4a5081562fd2edab17542bd111bc3b5ff6f22,"Spiking Neural Networks (SNNs) based on Transformers have garnered significant attention due to their superior performance and high energy efficiency. However, the spiking attention modules of most existing Transformer-based SNNs are adapted from those of analog Transformers, failing to fully address the issue of over-allocating attention to irrelevant contexts. To fix this fundamental yet overlooked issue, we propose a Lateral Inhibition-inspired Spiking Transformer (SpiLiFormer). It emulates the brain's lateral inhibition mechanism, guiding the model to enhance attention to relevant tokens while suppressing attention to irrelevant ones. Our model achieves state-of-the-art (SOTA) performance across multiple datasets, including CIFAR-10 (+0.45%), CIFAR-100 (+0.48%), CIFAR10-DVS (+2.70%), N-Caltech101 (+1.94%), and ImageNet-1K (+1.6%). Notably, on the ImageNet-1K dataset, SpiLiFormer (69.9M parameters, 4 time steps, 384 resolution) outperforms E-SpikeFormer (173.0M parameters, 8 time steps, 384 resolution), a SOTA spiking Transformer, by 0.46% using only 39% of the parameters and half the time steps. The code and model checkpoints are publicly available at https://github.com/KirinZheng/SpiLiFormer.",https://openaccess.thecvf.com/content/ICCV2025/html/Zheng_SpiLiFormer_Enhancing_Spiking_Transformers_with_Lateral_Inhibition_ICCV_2025_paper.html,background,architecture;efficiency_hardware,reference,SpiLiFormer is generic Spiking Transformer background; DVS benchmarks alone do not make it an intersection paper.,watch,snn_hybrid;scalability_efficiency,reference,Lateral inhibition is adjacent architecture inspiration.,retained_reference,no,Codex semantic review of complete title + complete official abstract,not_needed,
ICCV2025-1131,STD-GS: Exploring Frame-Event Interaction for SpatioTemporal-Disentangled Gaussian Splatting to Reconstruct High-Dynamic Scene,2025,ICCV,,no,yes,d912ed47c7d40ab165ef94eed1f2fb243c81387fe6c1b4501e59d5ca246e5299,"High-dynamic scene reconstruction aims to represent static background with rigid spatial features and dynamic objects with deformed continuous spatiotemporal features. Typically, existing methods adopt unified representation model (e.g., Gaussian) to directly match the spatiotemporal features of dynamic scene from frame camera. However, this unified paradigm fails in the potential discontinuous temporal features of objects due to frame imaging and the heterogeneous spatial features between background and objects. In this work, we introduce event camera to compensate for frame camera, and propose a spatiotemporal-disentangled Gaussian splatting framework for high-dynamic scene reconstruction. As for dynamic scene, we figure out that background and objects have appearance discrepancy in frame-based spatial features and motion discrepancy in event-based temporal features, which motivates us to distinguish the spatiotemporal features between background and objects via clustering. As for dynamic object, we discover that Gaussian representations and event data share the consistent spatiotemporal characteristic, which could serve as a prior to guide the spatiotemporal disentanglement of object Gaussians. Within Gaussian splatting framework, the cumulative scene-object disentanglement can improve the spatiotemporal discrimination between background and objects to render the time-continuous dynamic scene. Extensive experiments are performed to verify the superiority of our method.",https://openaccess.thecvf.com/content/ICCV2025/html/Zhou_STD-GS_Exploring_Frame-Event_Interaction_for_SpatioTemporal-Disentangled_Gaussian_Splatting_to_Reconstruct_ICCV_2025_paper.html,exclude,,exclude,Frame-event Gaussian reconstruction is specialized non-SNN scene rendering.,exclude,,exclude,It is outside SECNet's task and method scope.,excluded_from_active_corpus,no,Codex semantic review of complete title + complete official abstract,not_needed,
ICCV2025-2463,SuperEvent: Cross-Modal Learning of Event-based Keypoint Detection for SLAM,2025,ICCV,,yes,yes,79d80bb7bc7d776f410928db7b4bd8697db956c04c3923cadd50eb8c6586f048,"Event-based keypoint detection and matching holds significant potential, enabling the integration of event sensors into highly optimized Visual SLAM systems developed for frame cameras over decades of research. Unfortunately, existing approaches struggle with the motion-dependent appearance of keypoints and the complex noise prevalent in event streams, resulting in severely limited feature matching capabilities and poor performance on downstream tasks. To mitigate this problem, we propose SuperEvent, a data-driven approach to predict stable keypoints with expressive descriptors. Due to the absence of event datasets with ground truth keypoint labels, we leverage existing frame-based keypoint detectors on readily available event-aligned and synchronized gray-scale frames for self-supervision: we generate temporally sparse keypoint pseudo-labels considering that events are a product of both scene appearance and camera motion. Combined with our novel, information-rich event representation, we enable SuperEvent to effectively learn robust keypoint detection and description in event streams. Finally, we demonstrate the usefulness of SuperEvent by its integration into a modern sparse keypoint and descriptor-based SLAM framework originally developed for traditional cameras, surpassing the state-of-the-art in event-based SLAM by a wide margin. Source code is available at https://ethz-mrl.github.io/SuperEvent/.",https://openaccess.thecvf.com/content/ICCV2025/html/Burkhardt_SuperEvent_Cross-Modal_Learning_of_Event-based_Keypoint_Detection_for_SLAM_ICCV_2025_paper.html,background,representation_slicing;learning;robustness_open_challenges,reference,"SuperEvent supplies event-side keypoint representation, self-supervision, and noise robustness without SNNs.",discussion,task_generalization,reference,Stable event keypoints provide a useful downstream generalization test.,retained_reference,no,Codex semantic review of complete title + complete official abstract,not_needed,
ICCV2025-1879,TESPEC: Temporally-Enhanced Self-Supervised Pretraining for Event Cameras,2025,ICCV,,yes,yes,711982e8625206a16361d36c92dcb214f25727f7fa2ae32309169e15dabf3397,"Long-term temporal information is crucial for event-based perception tasks, as raw events only encode pixel brightness changes. Recent works show that when trained from scratch, recurrent models achieve better results than feedforward models in these tasks. However, when leveraging self-supervised pre-trained weights, feedforward models can outperform their recurrent counterparts. Current self-supervised learning (SSL) methods for event-based pre-training largely mimic RGB image-based approaches. They pre-train feedforward models on raw events within a short time interval, ignoring the temporal information of events. In this work, we introduce TESPEC, a self-supervised pre-training framework tailored for learning spatio-temporal information. TESPEC is well-suited for recurrent models, as it is the first framework to leverage long event sequences during pre-training. TESPEC employs the masked image modeling paradigm with a new reconstruction target. We design a novel method to accumulate events into pseudo grayscale videos containing high-level semantic information about the underlying scene, which is robust to sensor noise and reduces motion blur. Reconstructing this target thus requires the model to reason about long-term history of events. Extensive experiments demonstrate our state-of-the-art results in downstream tasks, including object detection, semantic segmentation, and monocular depth estimation. Project webpage: https://mhdmohammadi.github.io/TESPEC_webpage.",https://openaccess.thecvf.com/content/ICCV2025/html/Mohammadi_TESPEC_Temporally-Enhanced_Self-Supervised_Pretraining_for_Event_Cameras_ICCV_2025_paper.html,background,learning;temporal_modeling;detection;pose_depth_segmentation,reference,"TESPEC is strong event-specific long-sequence pretraining background across dense tasks, but non-spiking.",discussion,task_generalization;scalability_efficiency,reference,Long-sequence pretraining is a substantive direction for scaling SECNet beyond supervised classification.,retained_reference,no,Codex semantic review of complete title + complete official abstract,not_needed,
ICCV2025-1528,Unleashing the Temporal Potential of Stereo Event Cameras for Continuous-Time 3D Object Detection,2025,ICCV,,yes,yes,6655c52ae99a33620f5e1ce29076920ed33ce9dfb5efc3186e857e0826c2d874,"3D object detection is essential for autonomous systems, enabling precise localization and dimension estimation. While LiDAR and RGB cameras are widely used, their fixed frame rates create perception gaps in high-speed scenarios. Event cameras, with their asynchronous nature and high temporal resolution, offer a solution by capturing motion continuously. The recent approach, which integrates event cameras with conventional sensors for continuous-time detection, struggles in fast-motion scenarios due to its dependency on synchronized sensors. We propose a novel stereo 3D object detection framework that relies solely on event cameras, eliminating the need for conventional 3D sensors. To compensate for the lack of semantic and geometric information in event data, we introduce a dual filter mechanism that extracts both. Additionally, we enhance regression by aligning bounding boxes with object-centric information. Experiments show that our method outperforms prior approaches in dynamic environments, demonstrating the potential of event cameras for robust, continuous-time 3D perception. The code is available at https://github.com/mickeykang16/Ev-Stereo3D.",https://openaccess.thecvf.com/content/ICCV2025/html/Kang_Unleashing_the_Temporal_Potential_of_Stereo_Event_Cameras_for_Continuous-Time_ICCV_2025_paper.html,background,detection;temporal_modeling,reference,Stereo event-only continuous-time 3D detection is task background without SNNs.,discussion,task_generalization;scalability_efficiency,reference,Continuous-time 3D detection is a demanding temporal extension benchmark.,retained_reference,no,Codex semantic review of complete title + complete official abstract,not_needed,
ICCV2025-1001,Unsupervised Joint Learning of Optical Flow and Intensity with Event Cameras,2025,ICCV,,yes,yes,6ae9578c17bd8d931bd1f81fe695e5bb90ee7cdab13d5f58f6b0a7edbcd5d189,"Event cameras rely on motion to obtain information about scene appearance. This means that appearance and motion are inherently linked: either both are present and recorded in the event data, or neither is captured. Previous works treat the recovery of these two visual quantities as separate tasks, which does not fit with the above-mentioned nature of event cameras and overlooks the inherent relations between them. We propose an unsupervised learning framework that jointly estimates optical flow (motion) and image intensity (appearance) using a single network. From the data generation model, we newly derive the event-based photometric error as a function of optical flow and image intensity. This error is further combined with the contrast maximization framework to form a comprehensive loss function that provides proper constraints for both flow and intensity estimation. Exhaustive experiments show our method's state-of-the-art performance: in optical flow estimation, it reduces EPE by 20% and AE by 25% compared to unsupervised approaches, while delivering competitive intensity estimation results, particularly in high dynamic range scenarios. Our method also achieves shorter inference time than all other optical flow methods and many of the image reconstruction methods, while they output only one quantity. Project page: https://github.com/tub-rip/E2FAI",https://openaccess.thecvf.com/content/ICCV2025/html/Guo_Unsupervised_Joint_Learning_of_Optical_Flow_and_Intensity_with_Event_ICCV_2025_paper.html,background,learning;temporal_modeling;reconstruction_restoration,reference,"Joint unsupervised event flow and intensity estimation supplies event-side learning theory, but no SNN.",watch,task_generalization,reference,Joint motion/appearance learning is adjacent task inspiration.,retained_reference,no,Codex semantic review of complete title + complete official abstract,not_needed,
ICLR2025-1551,DeepTAGE: Deep Temporal-Aligned Gradient Enhancement for Optimizing Spiking Neural Networks,2025,ICLR,,yes,yes,9340f5ed3665d98d536ceb3a5525a16f31c0f756b76686b21b37e0f5a4227f1a,"Spiking Neural Networks (SNNs), with their biologically inspired spatio-temporal dynamics and spike-driven processing, are emerging as a promising low-power alternative to traditional Artificial Neural Networks (ANNs). However, the complex neuronal dynamics and non-differentiable spike communication mechanisms in SNNs present substantial challenges for efficient training. By analyzing the membrane potentials in spiking neurons, we found that their distributions can increasingly deviate from the firing threshold as time progresses, which tends to cause diminished backpropagation gradients and unbalanced optimization. To address these challenges, we propose Deep Temporal-Aligned Gradient Enhancement (DeepTAGE), a novel approach that improves optimization gradients in SNNs from both internal surrogate gradient functions and external supervision methods. Our DeepTAGE dynamically adjusts surrogate gradients in accordance with the membrane potential distribution across different time steps, enhancing their respective gradients in a temporal-aligned manner that promotes balanced training. Moreover, to mitigate issues of gradient vanishing or deviating during backpropagation, DeepTAGE incorporates deep supervision at both spatial (network stages) and temporal (time steps) levels to ensure more effective and robust network optimization. Importantly, our method can be seamlessly integrated into existing SNN architectures without imposing additional inference costs or requiring extra control modules. We validate the efficacy of DeepTAGE through extensive experiments on static benchmarks (CIFAR10, CIFAR100, and ImageNet-1k) and a neuromorphic dataset (DVS-CIFAR10), demonstrating significant performance improvements.",https://proceedings.iclr.cc/paper_files/paper/2025/hash/6b6492cd06db22bac024506e9ed0925e-Abstract-Conference.html,background,learning;temporal_modeling,reference,DeepTAGE addresses generic SNN temporal gradients; DVS-CIFAR10 is benchmark-only.,watch,snn_hybrid,reference,Temporal gradient alignment may support an SNN branch.,retained_reference,no,Codex semantic review of complete title + complete official abstract,not_needed,
ICLR2025-2782,Improving Generalization and Robustness in SNNs Through Signed Rate Encoding and Sparse Encoding Attacks,2025,ICLR,,yes,yes,41d1c6420c99498284ffa991fd6ff2c3192865b37ed0267962d0127c92f68c39,"Rate-encoded spiking neural networks (SNNs) are known to offer superior adversarial robustness compared to direct-encoded SNNs but have relatively poor generalization on clean input. While the latter offers good generalization on clean input it suffers poor adversarial robustness under standard training. A key reason for this difference is the input noise introduced by the rate encoding, which encodes a pixel intensity with $T$ independent Bernoulli samples. To improve the generalization of rate-encoded SNNs, we propose the *signed rate encoding* (sRATE) that allows mean centering of the input and helps reduce the randomness introduced by the encoding, resulting in improved clean accuracy. In contrast to rate encoding, where input restricted to $[0,1]^d$ is encoded in $\\{0,1\\}^{d\times T}$, the signed rate encoding allows input in $[-1,1]^d$ to be encoded with spikes in $\\{-1,0,1\\}^{d\times T}$, where positive (negative) inputs are encoded with positive (negative) spikes. We further construct efficient \textit{Sparse Encoding Attack} (SEA) on standard and signed rate encoded input, which performs $l_0$-norm restricted adversarial attack in the discrete encoding space. We prove the theoretical optimality of the attack under the first-order approximation of the loss and compare it empirically with the existing attacks on the input space. Adversarial training performed with SEA, under signed rate encoding, offers superior adversarial robustness to the existing attacks and itself. Experiments conducted on standard datasets show the effectiveness of sign rate encoding in improving accuracy across all settings including adversarial robustness. The code is available at https://github.com/BhaskarMukhoty/SignedRateEncoding",https://proceedings.iclr.cc/paper_files/paper/2025/hash/bfde7fb279709eff53faa074b45840d8-Abstract-Conference.html,background,event_to_spike;robustness_open_challenges,reference,"Signed rate encoding and sparse attacks provide SNN encoding/robustness foundations on standard data, not event-camera streams.",exclude,,exclude,The robustness focus is outside SECNet.,retained_reference,no,Codex semantic review of complete title + complete official abstract,not_needed,
ICLR2025-3346,Improving the Sparse Structure Learning of Spiking Neural Networks from the View of Compression Efficiency,2025,ICLR,,yes,yes,7a72e525c24ce9a960ee7c4228d34aec09c3893a35999f6bcab89f7f42ebe4eb,"The human brain utilizes spikes for information transmission and dynamically reorganizes its network structure to boost energy efficiency and cognitive capabilities throughout its lifespan. Drawing inspiration from this spike-based computation, Spiking Neural Networks (SNNs) have been developed to construct event-driven models that emulate this efficiency. Despite these advances, deep SNNs continue to suffer from over-parameterization during training and inference, a stark contrast to the brain’s ability to self-organize. Furthermore, existing sparse SNNs are challenged by maintaining optimal pruning levels due to a static pruning ratio, resulting in either under or over-pruning.In this paper, we propose a novel two-stage dynamic structure learning approach for deep SNNs, aimed at maintaining effective sparse training from scratch while optimizing compression efficiency. The first stage evaluates the compressibility of existing sparse subnetworks within SNNs using the PQ index, which facilitates an adaptive determination of the rewiring ratio for synaptic connections based on data compression insights. In the second stage, this rewiring ratio critically informs the dynamic synaptic connection rewiring process, including both pruning and regrowth. This approach significantly improves the exploration of sparse structures training in deep SNNs, adapting sparsity dynamically from the point view of compression efficiency.Our experiments demonstrate that this sparse training approach not only aligns with the performance of current deep SNNs models but also significantly improves the efficiency of compressing sparse SNNs. Crucially, it preserves the advantages of initiating training with sparse models and offers a promising solution for implementing Edge AI on neuromorphic hardware.",https://proceedings.iclr.cc/paper_files/paper/2025/hash/e7fd2c0a1a6f956c94024e955b34cc43-Abstract-Conference.html,background,architecture;efficiency_hardware,reference,Dynamic sparse SNN training supports efficiency background without event-camera integration.,watch,scalability_efficiency;hardware;snn_hybrid,reference,Sparse training is adjacent deployment inspiration.,retained_reference,no,Codex semantic review of complete title + complete official abstract,not_needed,
ICLR2025-2660,P-SPIKESSM: HARNESSING PROBABILISTIC SPIKING STATE SPACE MODELS FOR LONG-RANGE DEPENDENCY TASKS,2025,ICLR,,yes,yes,48e7c59ec40a558ee94e346892c792f14d24f1555b7a9545266624d90df2e35c,"Spiking neural networks (SNNs) are posited as a computationally efficient and biologically plausible alternative to conventional neural architectures, with their core computational framework primarily using the leaky integrate-and-fire (LIF) neuron model. However, the limited hidden state representation of LIF neurons, characterized by a scalar membrane potential, and sequential spike generation process, poses challenges for effectively developing scalable spiking models to address long-range dependencies in sequence learning tasks. In this study, we develop a scalable probabilistic spiking learning framework for long-range dependency tasks leveraging the fundamentals of state space models. Unlike LIF neurons that rely on the deterministic Heaviside function for a sequential process of spike generation, we introduce a SpikeSampler layer that samples spikes stochastically based on an SSM-based neuronal model while allowing parallel computations. To address non-differentiability of the spiking operation and enable effective training, we also propose a surrogate function tailored for the stochastic nature of the SpikeSampler layer. To enhance inter-neuron communication, we introduce the SpikeMixer block, which integrates spikes from neuron populations in each layer. This is followed by a ClampFuse layer, incorporating a residual connection to capture complex dependencies, enabling scalability of the model. Our models attain state-of-the-art performance among SNN models across diverse long-range dependency tasks, encompassing the Long Range Arena benchmark, permuted sequential MNIST, and the Speech Command dataset and demonstrate sparse spiking pattern highlighting its computational efficiency.",https://proceedings.iclr.cc/paper_files/paper/2025/hash/b75ce884441c983f7357a312ffa02a3c-Abstract-Conference.html,background,temporal_modeling;architecture;efficiency_hardware,reference,Probabilistic spiking SSMs are important long-range SNN architecture background but are not evaluated on event cameras.,watch,snn_hybrid;scalability_efficiency,reference,A probabilistic spiking SSM is only a distant SNN comparator because SSM/Mamba is explicitly outside the planned extension.,retained_reference,no,Codex semantic review of complete title + complete official abstract,not_needed,
ICLR2025-3479,QP-SNN: Quantized and Pruned Spiking Neural Networks,2025,ICLR,,yes,yes,8ebbe44e1aa4840e51b8c3bed5e8fc90c82d05735f0f763a369394a17f1f6df0,"Brain-inspired Spiking Neural Networks (SNNs) leverage sparse spikes to encode information and operate in an asynchronous event-driven manner, offering a highly energy-efficient paradigm for machine intelligence. However, the current SNN community focuses primarily on performance improvement by developing large-scale models, which limits the applicability of SNNs in resource-limited edge devices. In this paper, we propose a hardware-friendly and lightweight SNN, aimed at effectively deploying high-performance SNN in resource-limited scenarios. Specifically, we first develop a baseline model that integrates uniform quantization and structured pruning, called QP-SNN baseline. While this baseline significantly reduces storage demands and computational costs, it suffers from performance decline. To address this, we conduct an in-depth analysis of the challenges in quantization and pruning that lead to performance degradation and propose solutions to enhance the baseline's performance. For weight quantization, we propose a weight rescaling strategy that utilizes bit width more effectively to enhance the model's representation capability. For structured pruning, we propose a novel pruning criterion using the singular value of spatiotemporal spike activities to enable more accurate removal of redundant kernels. Extensive experiments demonstrate that integrating two proposed methods into the baseline allows QP-SNN to achieve state-of-the-art performance and efficiency, underscoring its potential for enhancing SNN deployment in edge intelligence computing.",https://proceedings.iclr.cc/paper_files/paper/2025/hash/f04aef8513b788a69229cede8c8cb5a8-Abstract-Conference.html,background,architecture;efficiency_hardware,reference,QP-SNN supplies generic quantization/pruning deployment evidence without event data.,watch,hardware;scalability_efficiency;snn_hybrid,reference,It is adjacent edge-deployment work.,retained_reference,no,Codex semantic review of complete title + complete official abstract,not_needed,
ICLR2025-0522,Quantized Spike-driven Transformer,2025,ICLR,,yes,yes,22d4a105918e19995e5f1c3f5c86df95cffc96cc89a3af8be8891fc96537aa50,"Spiking neural networks (SNNs) are emerging as a promising energy-efficient alternative to traditional artificial neural networks (ANNs) due to their spike-driven paradigm.However, recent research in the SNN domain has mainly focused on enhancing accuracy by designing large-scale Transformer structures, which typically rely on substantial computational resources, limiting their deployment on resource-constrained devices.To overcome this challenge, we propose a quantized spike-driven Transformer baseline (QSD-Transformer), which achieves reduced resource demands by utilizing a low bit-width parameter. Regrettably, the QSD-Transformer often suffers from severe performance degradation.In this paper, we first conduct empirical analysis and find that the bimodal distribution of quantized spike-driven self-attention (Q-SDSA) leads to spike information distortion (SID) during quantization, causing significant performance degradation. To mitigate this issue, we take inspiration from mutual information entropy and propose a bi-level optimization strategy to rectify the information distribution in Q-SDSA.Specifically, at the lower level, we introduce an information-enhanced LIF to rectify the information distribution in Q-SDSA.At the upper level, we propose a fine-grained distillation scheme for the QSD-Transformer to align the distribution in Q-SDSA with that in the counterpart ANN.By integrating the bi-level optimization strategy, the QSD-Transformer can attain enhanced energy efficiency without sacrificing its high-performance advantage.We validate the QSD-Transformer on various visual tasks, and experimental results indicate that our method achieves state-of-the-art results in the SNN domain.For instance, when compared to the prior SNN benchmark on ImageNet, the QSD-Transformer achieves 80.3\% top-1 accuracy, accompanied by significant reductions of 6.0$\times$ and 8.1$\times$ in power consumption and model size, respectively. Code is available at https://github.com/bollossom/QSD-Transformer.",https://proceedings.iclr.cc/paper_files/paper/2025/hash/25c0fe7b157821dd3140727dc07461da-Abstract-Conference.html,background,architecture;efficiency_hardware;learning,reference,Quantized Spike-driven Transformer is generic hardware-oriented SNN background.,discussion,hardware;scalability_efficiency;snn_hybrid,reference,Its quantized attention and distillation provide a practical deployment comparator.,retained_reference,no,Codex semantic review of complete title + complete official abstract,not_needed,
ICLR2025-1232,Rethinking Spiking Neural Networks from an Ensemble Learning Perspective,2025,ICLR,,yes,yes,4000c224e8c4fd59f0b0841df0a561f529b830fcb4fb403aa902dfcd6a2ff0d8,"Spiking neural networks (SNNs) exhibit superior energy efficiency but suffer from limited performance. In this paper, we consider SNNs as ensembles of temporal subnetworks that share architectures and weights, and highlight a crucial issue that affects their performance: excessive differences in initial states (neuronal membrane potentials) across timesteps lead to unstable subnetwork outputs, resulting in degraded performance. To mitigate this, we promote the consistency of the initial membrane potential distribution and output through membrane potential smoothing and temporally adjacent subnetwork guidance, respectively, to improve overall stability and performance. Moreover, membrane potential smoothing facilitates forward propagation of information and backward propagation of gradients, mitigating the notorious temporal gradient vanishing problem. Our method requires only minimal modification of the spiking neurons without adapting the network structure, making our method generalizable and showing consistent performance gains in 1D speech, 2D object, and 3D point cloud recognition tasks. In particular, on the challenging CIFAR10-DVS dataset, we achieved 83.20\% accuracy with only four timesteps. This provides valuable insights into unleashing the potential of SNNs.",https://proceedings.iclr.cc/paper_files/paper/2025/hash/5543342b8c45c0cba04f832390cfb23c-Abstract-Conference.html,background,temporal_modeling;learning,reference,Temporal subnetwork consistency explains generic SNN dynamics; DVS-CIFAR10 is benchmark-only.,watch,snn_hybrid,reference,Temporal stabilization is adjacent SNN inspiration.,retained_reference,no,Codex semantic review of complete title + complete official abstract,not_needed,
ICLR2025-0595,RGB-Event ISP: The Dataset and Benchmark,2025,ICLR,,no,yes,7677ae398e79cfd4a0c8eee45394f148636530cdde40ad92c126afe8b5b832b3,"Event-guided imaging has received significant attention due to its potential to revolutionize instant imaging systems. However, the prior methods primarily focus on enhancing RGB images in a post-processing manner, neglecting the challenges of image signal processor (ISP) dealing with event sensor and the benefits events provide for reforming the ISP process. To achieve this, we conduct the first research on event-guided ISP. First, we present a new event-RAW paired dataset, collected with a novel but still confidential sensor that records pixel-level aligned events and RAW images. This dataset includes 3373 RAW images with $2248\times 3264$ resolution and their corresponding events, spanning 24 scenes with 3 exposure modes and 3 lenses. Second, we propose a convential ISP pipeline to generate good RGB frames as reference. This convential ISP pipleline performs basic ISP operations, e.g., demosaicing, white balancing, denoising and color space transforming, with a ColorChecker as reference. Third, we classify the existing learnable ISP methods into 3 classes, and select multiple methods to train and evaluate on our new dataset. Lastly, since there is no prior work for reference, we propose a simple event-guided ISP method and test it on our dataset. We further put forward key technical challenges and future directions in RGB-Event ISP. In summary, to the best of our knowledge, this is the very first research focusing on event-guided ISP, and we hope it will inspire the community.",https://proceedings.iclr.cc/paper_files/paper/2025/hash/2a25d9d873e9ae6d242c62e36f89ee3a-Abstract-Conference.html,exclude,,exclude,Event-guided ISP is specialized imaging infrastructure without SNN relevance.,exclude,,exclude,ISP design is outside SECNet.,excluded_from_active_corpus,no,Codex semantic review of complete title + complete official abstract,not_needed,
ICLR2025-1177,SpikeLLM: Scaling up Spiking Neural Network to Large Language Models via Saliency-based Spiking,2025,ICLR,,no,yes,58db791365502a6d2eebbc076461a30da7f03fbd374079883dfec6d909ac1aed,"Recent advancements in large language models (LLMs) with billions of parameters have improved performance in various applications, but their inference processes demand significant energy and computational resources. In contrast, the human brain, with approximately 86 billion neurons, is much more energy-efficient than LLMs with similar parameters. Inspired by this, we redesign 7$\sim$70 billion parameter LLMs using bio-plausible spiking mechanisms, emulating the efficient behavior of the human brain. We propose the first spiking large language model, SpikeLLM. Coupled with the proposed model, two essential approaches are proposed to improve spike training efficiency: Generalized Integrate-and-Fire (GIF) neurons to compress spike length from $T$ to $\frac{T}{L} \log_2 L$ bits, and an Optimal Brain Spiking framework to divide outlier channels and allocate different $T$ for GIF neurons, which further compresses spike length to approximate $log_2T$ bits. The necessity of spike-driven LLM is proved by comparison with quantized LLMs with similar operations. In the OmniQuant pipeline, SpikeLLM reduces 11.01\% WikiText2 perplexity and improves 2.55\% accuracy of common scene reasoning on a LLAMA-7B W4A4 model. In the GPTQ pipeline, SpikeLLM achieves direct additive in linear layers, significantly exceeding PB-LLMs. Our code is publicly available at https://github.com/Xingrun-Xing2/SpikeLLM.",https://proceedings.iclr.cc/paper_files/paper/2025/hash/510e7d39fce008a3e31de54b8f5be9ac-Abstract-Conference.html,exclude,,exclude,Spiking large language models are outside event-camera vision.,exclude,,exclude,No SECNet relation is present.,excluded_from_active_corpus,no,Codex semantic review of complete title + complete official abstract,not_needed,
ICLR2025-0872,Spiking Vision Transformer with Saccadic Attention,2025,ICLR,,yes,yes,dc0df38c8c98710791a332b5d31c9d3c7372a90c33a269c301389ed6bcc0bcf5,"The combination of Spiking Neural Networks (SNNs) and Vision Transformers (ViTs) holds potential for achieving both energy efficiency and high performance, particularly suitable for edge vision applications. However, a significant performance gap still exists between SNN-based ViTs and their ANN counterparts. Here, we first analyze why SNN-based ViTs suffer from limited performance and identify a mismatch between the vanilla self-attention mechanism and spatio-temporal spike trains. This mismatch results in degraded spatial relevance and limited temporal interactions. To address these issues, we draw inspiration from biological saccadic attention mechanisms and introduce an innovative Saccadic Spike Self-Attention (SSSA) method. Specifically, in the spatial domain, SSSA employs a novel spike distribution-based method to effectively assess the relevance between Query and Key pairs in SNN-based ViTs. Temporally, SSSA employs a saccadic interaction module that dynamically focuses on selected visual areas at each timestep and significantly enhances whole scene understanding through temporal interactions.Building on the SSSA mechanism, we develop a SNN-based Vision Transformer (SNN-ViT). Extensive experiments across various visual tasks demonstrate that SNN-ViT achieves state-of-the-art performance with linear computational complexity. The effectiveness and efficiency of the SNN-ViT highlight its potential for power-critical edge vision applications.",https://proceedings.iclr.cc/paper_files/paper/2025/hash/3c85f70d3fd83f4fba47e117e5429f35-Abstract-Conference.html,background,architecture;temporal_modeling;efficiency_hardware,reference,Saccadic spiking attention is generic SNN vision architecture background without event-camera input.,discussion,snn_hybrid;scalability_efficiency,reference,Its spike-specific spatial-temporal attention is a useful comparator.,retained_reference,no,Codex semantic review of complete title + complete official abstract,not_needed,
ICLR2025-2158,Temporal Flexibility in Spiking Neural Networks: Towards Generalization Across Time Steps and Deployment Friendliness,2025,ICLR,,yes,yes,0fe5bd88e7172642b54ffd69a21e07f341badd11223ebffe6c3bf9d7d479d3ee,"Spiking Neural Networks (SNNs), models inspired by neural mechanisms in the brain, allow for energy-efficient implementation on neuromorphic hardware. However, SNNs trained with current direct training approaches are constrained to a specific time step. This ""temporal inflexibility"" 1) hinders SNNs' deployment on time-step-free fully event-driven chips and 2) prevents energy-performance balance based on dynamic inference time steps. In this study, we first explore the feasibility of training SNNs that generalize across different time steps. We then introduce Mixed Time-step Training (MTT), a novel method that improves the temporal flexibility of SNNs, making SNNs adaptive to diverse temporal structures. During each iteration of MTT, random time steps are assigned to different SNN stages, with spikes transmitted between stages via communication modules. After training, the weights are deployed and evaluated on both time-stepped and fully event-driven platforms. Experimental results show that models trained by MTT gain remarkable temporal flexibility, friendliness for both event-driven and clock-driven deployment (nearly lossless on N-MNIST and 10.1\% higher than standard methods on CIFAR10-DVS), enhanced network generalization, and near SOTA performance. To the best of our knowledge, this is the first work to report the results of large-scale SNN deployment on fully event-driven scenarios.",https://proceedings.iclr.cc/paper_files/paper/2025/hash/960842d58e6608407137f542a7b3f3be-Abstract-Conference.html,background,temporal_modeling;efficiency_hardware;learning,core,Mixed timestep training and fully event-driven deployment provide important SNN deployment background; DVS datasets are evaluation only.,discussion,hardware;scalability_efficiency;snn_hybrid,reference,Time-step-flexible deployment is directly relevant to evaluating a future SNN branch.,survey_core,no,Codex semantic review of complete title + complete official abstract,not_needed,
ICLR2025-1006,TS-LIF: A Temporal Segment Spiking Neuron Network for Time Series Forecasting,2025,ICLR,,yes,yes,174efa7609e20391000cc015807dc38c7721a59a0c522ab65c5a996d9db05996,"Spiking Neural Networks (SNNs) offer a promising, biologically inspired approach for processing spatiotemporal data, particularly for time series forecasting.However, conventional neuron models like the Leaky Integrate-and-Fire (LIF) struggle to capture long-term dependencies and effectively process multi-scale temporal dynamics.To overcome these limitations, we introduce the Temporal Segment Leaky Integrate-and-Fire (TS-LIF) model, featuring a novel dual-compartment architecture.The dendritic and somatic compartments specialize in capturing distinct frequency components, providing functional heterogeneity that enhances the neuron's ability to process both low- and high-frequency information.Furthermore, the newly introduced direct somatic current injection reduces information loss during intra-neuronal transmission, while dendritic spike generation improves multi-scale information extraction.We provide a theoretical stability analysis of the TS-LIF model and explain how each compartment contributes to distinct frequency response characteristics.Experimental results show that TS-LIF outperforms traditional SNNs in time series forecasting, demonstrating better accuracy and robustness, even with missing data.TS-LIF advances the application of SNNs in time-series forecasting, providing a biologically inspired approach that captures complex temporal dynamics and offers potential for practical implementation in diverse forecasting scenarios.",https://proceedings.iclr.cc/paper_files/paper/2025/hash/45bd303ea32a8193d3c19de5d5eaf138-Abstract-Conference.html,exclude,,exclude,TS-LIF targets generic time-series forecasting and does not materially support event-camera integration.,watch,frequency,reference,Its dual-frequency neuron is only distant inspiration for frequency-aware temporal modeling.,retained_reference,no,Codex semantic review of complete title + complete official abstract,not_needed,
ICML2025-0323,A Chaotic Dynamics Framework Inspired by Dorsal Stream for Event Signal Processing,2025,ICML,,yes,yes,f77ef94a0b4805306259562a7ab0bffefa26c03a5079f99e42581e6d794d6902,"Event cameras are bio-inspired vision sensors that encode visual information with high dynamic range, high temporal resolution, and low latency. Current state-of-the-art event stream processing methods rely on end-to-end deep learning techniques. However, these models are heavily dependent on data structures, limiting their stability and generalization capabilities across tasks, thereby hindering their deployment in real-world scenarios. To address this issue, we propose a chaotic dynamics event signal processing framework inspired by the dorsal visual pathway of the brain. Specifically, we utilize Continuous-coupled Neural Network (CCNN) to encode the event stream. CCNN encodes polarity-invariant event sequences as periodic signals and polarity-changing event sequences as chaotic signals. We then use continuous wavelet transforms to analyze the dynamical states of CCNN neurons and establish the high-order mappings of the event stream. The effectiveness of our method is validated through integration with conventional classification networks, achieving state-of-the-art classification accuracy on the N-Caltech101 and N-CARS datasets, with results of 84.3% and 99.9%, respectively. Our method improves the accuracy of event camera-based object classification while significantly enhancing the generalization and stability of event representation.",https://proceedings.mlr.press/v267/chen25am.html,background,representation_slicing;temporal_modeling;classification_recognition,reference,"The official abstract describes continuous coupled-neuron dynamics, continuous wavelet analysis, and a conventional classifier, but does not establish a binary-spiking SNN pipeline.",discussion,polarity;wavelet_time_frequency;frequency;task_generalization,reference,"Its event-stream dynamical encoding and continuous wavelet analysis provide a useful non-Fourier time-frequency contrast, but not a direct FFT or established SNN mechanism.",retained_reference,no,Codex semantic review of complete title + complete official abstract,official_abstract_resolved,The official abstract establishes continuous wavelet analysis and a conventional classifier; no binary-spiking claim is made.
ICML2025-1484,BSO: Binary Spiking Online Optimization Algorithm,2025,ICML,,yes,yes,99482acf4abb3d51fd088cc742234179be8cbae65d50042145cb4b51c5aff440,"Binary Spiking Neural Networks (BSNNs) offer promising efficiency advantages for resource-constrained computing. However, their training algorithms often require substantial memory overhead due to latent weights storage and temporal processing requirements. To address this issue, we propose Binary Spiking Online (BSO) optimization algorithm, a novel online training algorithm that significantly reduces training memory. BSO directly updates weights through flip signals under the online training framework. These signals are triggered when the product of gradient momentum and weights exceeds a threshold, eliminating the need for latent weights during training. To enhance performance, we propose T-BSO, a temporal-aware variant that leverages the inherent temporal dynamics of BSNNs by capturing gradient information across time steps for adaptive threshold adjustment. Theoretical analysis establishes convergence guarantees for both BSO and T-BSO, with formal regret bounds characterizing their convergence rates. Extensive experiments demonstrate that both BSO and T-BSO achieve superior optimization performance compared to existing training methods for BSNNs. The codes are available at https://github.com/hamingsi/BSO.",https://proceedings.mlr.press/v267/liang25r.html,background,learning;efficiency_hardware,reference,Binary online SNN optimization is generic training background without event-camera data.,watch,hardware;snn_hybrid,reference,Low-memory online training is adjacent deployment work.,retained_reference,no,Codex semantic review of complete title + complete official abstract,not_needed,
ICML2025-2578,Delay-DSGN: A Dynamic Spiking Graph Neural Network with Delay Mechanisms for Evolving Graph,2025,ICML,,no,yes,8a4c7b475c3de84e402f4caddf239e2e5cc48a820d815f39073be6b6d40571b7,"Dynamic graph representation learning using Spiking Neural Networks (SNNs) exploits the temporal spiking behavior of neurons, offering advantages in capturing the temporal evolution and sparsity of dynamic graphs. However, existing SNN-based methods often fail to effectively capture the impact of latency in information propagation on node representations. To address this, we propose Delay-DSGN, a dynamic spiking graph neural network incorporating a learnable delay mechanism. By leveraging synaptic plasticity, the model dynamically adjusts connection weights and propagation speeds, enhancing temporal correlations and enabling historical data to influence future representations. Specifically, we introduce a Gaussian delay kernel into the neighborhood aggregation process at each time step, adaptively delaying historical information to future time steps and mitigating information forgetting. Experiments on three large-scale dynamic graph datasets demonstrate that Delay-DSGN outperforms eight state-of-the-art methods, achieving the best results in node classification tasks. We also theoretically derive the constraint conditions between the Gaussian kernel’s standard deviation and size, ensuring stable training and preventing gradient explosion and vanishing issues.",https://proceedings.mlr.press/v267/wang25dm.html,exclude,,exclude,Dynamic graph SNNs are outside event-camera vision and not needed for the focused intersection.,exclude,,exclude,Graph delay learning does not concretely relate to SECNet.,excluded_from_active_corpus,no,Codex semantic review of complete title + complete official abstract,not_needed,
ICML2025-0988,Differential Coding for Training-Free ANN-to-SNN Conversion,2025,ICML,,yes,yes,c8c8cf2fb603ce1577f7a416a6bb3916fc93819ec83e7a572852ff4ac7887839,"Spiking Neural Networks (SNNs) exhibit significant potential due to their low energy consumption. Converting Artificial Neural Networks (ANNs) to SNNs is an efficient way to achieve high-performance SNNs. However, many conversion methods are based on rate coding, which requires numerous spikes and longer time-steps compared to directly trained SNNs, leading to increased energy consumption and latency. This article introduces differential coding for ANN-to-SNN conversion, a novel coding scheme that reduces spike counts and energy consumption by transmitting changes in rate information rather than rates directly, and explores its application across various layers. Additionally, the threshold iteration method is proposed to optimize thresholds based on activation distribution when converting Rectified Linear Units (ReLUs) to spiking neurons. Experimental results on various Convolutional Neural Networks (CNNs) and Transformers demonstrate that the proposed differential coding significantly improves accuracy while reducing energy consumption, particularly when combined with the threshold iteration method, achieving state-of-the-art performance. The source codes of the proposed method are available at https://github.com/h-z-h-cell/ANN-to-SNN-DCGS.",https://proceedings.mlr.press/v267/huang25i.html,background,event_to_spike;learning;efficiency_hardware,reference,Differential coding is useful ANN-to-SNN conversion and spike-encoding background without event-camera streams.,discussion,snn_hybrid;hardware;scalability_efficiency,reference,Differential sparse coding is a relevant deployment comparator.,retained_reference,no,Codex semantic review of complete title + complete official abstract,not_needed,
ICML2025-1579,Efficient ANN-SNN Conversion with Error Compensation Learning,2025,ICML,,yes,yes,2f044f8d290ad01fd3a47141c3e85f58a808d45a6336a6a5f98de6003970cd7f,"Artificial neural networks (ANNs) have demonstrated outstanding performance in numerous tasks, but deployment in resource-constrained environments remains a challenge due to their high computational and memory requirements. Spiking neural networks (SNNs) operate through discrete spike events and offer superior energy efficiency, providing a bio-inspired alternative. However, current ANN-to-SNN conversion often results in significant accuracy loss and increased inference time due to conversion errors such as clipping, quantization, and uneven activation. This paper proposes a novel ANN-to-SNN conversion framework based on error compensation learning. We introduce a learnable threshold clipping function, dual-threshold neurons, and an optimized membrane potential initialization strategy to mitigate the conversion error. Together, these techniques address the clipping error through adaptive thresholds, dynamically reduce the quantization error through dual-threshold neurons, and minimize the non-uniformity error by effectively managing the membrane potential. Experimental results on CIFAR-10, CIFAR-100, ImageNet datasets show that our method achieves high-precision and ultra-low latency among existing conversion methods. Using only two time steps, our method significantly reduces the inference time while maintains competitive accuracy of 94.75% on CIFAR-10 dataset under ResNet-18 structure. This research promotes the practical application of SNNs on low-power hardware, making efficient real-time processing possible.",https://proceedings.mlr.press/v267/liu25bl.html,background,learning;efficiency_hardware,reference,Error-compensated ANN-SNN conversion supports low-latency conversion background only.,watch,snn_hybrid;hardware,reference,It may support an SNN deployment branch.,retained_reference,no,Codex semantic review of complete title + complete official abstract,not_needed,
ICML2025-2940,Efficient Logit-based Knowledge Distillation of Deep Spiking Neural Networks for Full-Range Timestep Deployment,2025,ICML,,yes,yes,83dccbef50c16941a261185b36e5405af917b263e664406e090978ecb7db9896,"Spiking Neural Networks (SNNs) are emerging as a brain-inspired alternative to traditional Artificial Neural Networks (ANNs), prized for their potential energy efficiency on neuromorphic hardware. Despite this, SNNs often suffer from accuracy degradation compared to ANNs and face deployment challenges due to fixed inference timesteps, which require retraining for adjustments, limiting operational flexibility. To address these issues, our work considers the spatio-temporal property inherent in SNNs, and proposes a novel distillation framework for deep SNNs that optimizes performance across full-range timesteps without specific retraining, enhancing both efficacy and deployment adaptability. We provide both theoretical analysis and empirical validations to illustrate that training guarantees the convergence of all implicit models across full-range timesteps. Experimental results on CIFAR-10, CIFAR-100, CIFAR10-DVS, and ImageNet demonstrate state-of-the-art performance among distillation-based SNNs training methods. Our code is available at https://github.com/Intelli-Chip-Lab/snn_temporal_decoupling_distillation.",https://proceedings.mlr.press/v267/yu25y.html,background,learning;temporal_modeling;efficiency_hardware,reference,Full-range timestep distillation is generic SNN training/deployment background; DVS is benchmark-only.,discussion,snn_hybrid;hardware;scalability_efficiency,reference,Flexible timestep deployment is a useful hybrid comparator.,retained_reference,no,Codex semantic review of complete title + complete official abstract,not_needed,
ICML2025-0642,Efficient Parallel Training Methods for Spiking Neural Networks with Constant Time Complexity,2025,ICML,,yes,yes,75e232fc480b2df2e58e41cf0d82b0978b80fb77d122fc98a2ce01e55f662e2c,"Spiking Neural Networks (SNNs) often suffer from high time complexity $O(T)$ due to the sequential processing of $T$ spikes, making training computationally expensive. In this paper, we propose a novel Fixed-point Parallel Training (FPT) method to accelerate SNN training without modifying the network architecture or introducing additional assumptions. FPT reduces the time complexity to $O(K)$, where $K$ is a small constant (usually $K=3$), by using a fixed-point iteration form of Leaky Integrate-and-Fire (LIF) neurons for all $T$ timesteps. We provide a theoretical convergence analysis of FPT and demonstrate that existing parallel spiking neurons can be viewed as special cases of our approach. Experimental results show that FPT effectively simulates the dynamics of original LIF neurons, significantly reducing computational time without sacrificing accuracy. This makes FPT a scalable and efficient solution for real-world applications, particularly for long-duration simulations.",https://proceedings.mlr.press/v267/feng25e.html,background,learning;temporal_modeling;efficiency_hardware,reference,Constant-time parallel SNN training provides scalability background without event-camera integration.,discussion,scalability_efficiency;snn_hybrid,reference,Parallel long-duration simulation directly informs scalable SNN experimentation.,retained_reference,no,Codex semantic review of complete title + complete official abstract,not_needed,
ICML2025-3218,EvFocus: Learning to Reconstruct Sharp Images from Out-of-Focus Event Streams,2025,ICML,,no,yes,be89bbc650f324d72e690e19c2e03ea000651f5620cba15e730769c4420e2766,"Event cameras are innovative sensors that capture brightness changes as asynchronous events rather than traditional intensity frames. These cameras offer substantial advantages over conventional cameras, including high temporal resolution, high dynamic range, and the elimination of motion blur. However, defocus blur, a common image quality degradation resulting from out-of-focus lenses, complicates the challenge of event-based imaging. Due to the unique imaging mechanism of event cameras, existing focusing algorithms struggle to operate efficiently on sparse event data. In this work, we propose EvFocus, a novel architecture designed to reconstruct sharp images from defocus event streams for the first time. Our work includes the development of an event-based out-of-focus camera model and a simulator to generate realistic defocus event streams for robust training and testing. EvDefous integrates a temporal information encoder, a blur-aware two-branch decoder, and a reconstruction and re-defocus module to effectively learn and correct defocus blur. Extensive experiments on both simulated and real-world datasets demonstrate that EvFocus outperforms existing methods across varying lighting conditions and blur sizes, proving its robustness and practical applicability in event-based defocus imaging.",https://proceedings.mlr.press/v267/zhu25n.html,exclude,,exclude,Event-camera defocus reconstruction is specialized non-SNN imaging.,exclude,,exclude,Defocus correction is outside SECNet.,excluded_from_active_corpus,no,Codex semantic review of complete title + complete official abstract,not_needed,
ICML2025-0864,Faster and Stronger: When ANN-SNN Conversion Meets Parallel Spiking Calculation,2025,ICML,,yes,yes,3d1bf063a6079ae32f44f49fb4b994dcff0a0d258740cd100360f849a834c901,"Spiking Neural Network (SNN), as a brain-inspired and energy-efficient network, is currently facing the pivotal challenge of exploring a suitable and efficient learning framework. The predominant training methodologies, namely Spatial-Temporal Back-propagation (STBP) and ANN-SNN Conversion, are encumbered by substantial training overhead or pronounced inference latency, which impedes the advancement of SNNs in scaling to larger networks and navigating intricate application domains. In this work, we propose a novel parallel conversion learning framework, which establishes a mathematical mapping relationship between each time-step of the parallel spiking neurons and the cumulative spike firing rate. We theoretically validate the lossless and sorting properties of the conversion process, as well as pointing out the optimal shifting distance for each step. Furthermore, by integrating the above framework with the distribution-aware error calibration technique, we can achieve efficient conversion towards more general activation functions or training-free circumstance. Extensive experiments have confirmed the significant performance advantages of our method for various conversion cases under ultra-low time latency. To our best knowledge, this is the first work which jointly utilizes parallel spiking calculation and ANN-SNN Conversion, providing a highly promising approach for SNN supervised training. Code is available at https://github.com/hzc1208/Parallel_Conversion.",https://proceedings.mlr.press/v267/hao25c.html,background,learning;efficiency_hardware,reference,Parallel ANN-SNN conversion is general low-latency SNN training background.,discussion,snn_hybrid;scalability_efficiency;hardware,reference,Parallel conversion is a practical route for an efficient SNN extension.,retained_reference,no,Codex semantic review of complete title + complete official abstract,not_needed,
ICML2025-2762,Hybrid Spiking Vision Transformer for Object Detection with Event Cameras,2025,ICML,,yes,yes,0fbf68868cda33fb26e0861e4be66216f5f1587a9fbefed7e17411efcedbf826,"Event-based object detection has attracted increasing attention for its high temporal resolution, wide dynamic range, and asynchronous address-event representation. Leveraging these advantages, spiking neural networks (SNNs) have emerged as a promising approach, offering low energy consumption and rich spatiotemporal dynamics. To further enhance the performance of event-based object detection, this study proposes a novel hybrid spike vision Transformer (HsVT) model. The HsVT model integrates a spatial feature extraction module to capture local and global features, and a temporal feature extraction module to model time dependencies and long-term patterns in event sequences. This combination enables HsVT to capture spatiotemporal features, improving its capability in handling complex event-based object detection tasks. To support research in this area, we developed the Fall Detection dataset as a benchmark for event-based object detection tasks. The Fall DVS detection dataset protects facial privacy and reduces memory usage thanks to its event-based representation. Experimental results demonstrate that HsVT outperforms existing SNN methods and achieves competitive performance compared to ANN-based models, with fewer parameters and lower energy consumption.",https://proceedings.mlr.press/v267/xu25e.html,anchor,architecture;temporal_modeling;detection;datasets_benchmarks;efficiency_hardware,core,"HsVT directly develops a hybrid Spiking Vision Transformer for event-camera detection, with a new DVS dataset and energy/parameter evidence.",discussion,snn_hybrid;task_generalization;datasets;hardware,reference,It is a strong hybrid detection and dataset comparator for future SECNet work.,survey_core,no,Codex semantic review of complete title + complete official abstract,not_needed,
ICML2025-0826,ReverB-SNN: Reversing Bit of the Weight and Activation for Spiking Neural Networks,2025,ICML,,yes,yes,2cfd64be121f547d851ab45fb4d98d2bd3af101fb487a2d90a543c7b69fd2f44,"The Spiking Neural Network (SNN), a biologically inspired neural network infrastructure, has garnered significant attention recently. SNNs utilize binary spike activations for efficient information transmission, replacing multiplications with additions, thereby enhancing energy efficiency. However, binary spike activation maps often fail to capture sufficient data information, resulting in reduced accuracy. To address this challenge, we advocate reversing the bit of the weight and activation, called ReverB , inspired by recent findings that highlight greater accuracy degradation from quantizing activations compared to weights. Specifically, our method employs real-valued spike activations alongside binary weights in SNNs. This preserves the event-driven and multiplication-free advantages of standard SNNs while enhancing the information capacity of activations. Additionally, we introduce a trainable factor within binary weights to adaptively learn suitable weight amplitudes during training, thereby increasing network capacity. To maintain efficiency akin to vanilla ReverB , our trainable binary weight SNNs are converted back to standard form using a re-parameterization technique during inference. Extensive experiments across various network architectures and datasets, both static and dynamic, demonstrate that our approach consistently outperforms state-of-the-art methods.",https://proceedings.mlr.press/v267/guo25t.html,background,architecture;efficiency_hardware,reference,ReverB-SNN is generic mixed-precision SNN architecture background without event-camera integration.,watch,snn_hybrid;hardware,reference,Its hardware-friendly reparameterization is adjacent.,retained_reference,no,Codex semantic review of complete title + complete official abstract,not_needed,
ICML2025-2800,Self-cross Feature based Spiking Neural Networks for Efficient Few-shot Learning,2025,ICML,,no,yes,c8bbafd0ed0bbea1e96eac7243e4038404165bf4fe7cb741252b8e5e68602982,"Deep neural networks (DNNs) excel in computer vision tasks, especially, few-shot learning (FSL), which is increasingly important for generalizing from limited examples. However, DNNs are computationally expensive with scalability issues in real world. Spiking Neural Networks (SNNs), with their event-driven nature and low energy consumption, are particularly efficient in processing sparse and dynamic data, though they still encounter difficulties in capturing complex spatiotemporal features and performing accurate cross-class comparisons. To further enhance the performance and efficiency of SNNs in few-shot learning, we propose a few-shot learning framework based on SNNs, which combines a self-feature extractor module and a cross-feature contrastive module to refine feature representation and reduce power consumption. We apply the combination of temporal efficient training loss and InfoNCE loss to optimize the temporal dynamics of spike trains and enhance the discriminative power. Experimental results show that the proposed FSL-SNN significantly improves the classification performance on the neuromorphic dataset N-Omniglot, and also achieves competitive performance to ANNs on static datasets such as CUB and miniImageNet with low power consumption.",https://proceedings.mlr.press/v267/xu25aq.html,exclude,,exclude,Few-shot SNN learning on N-Omniglot does not establish event-camera integration and is not essential background.,exclude,,exclude,Few-shot classification is too distant from SECNet's present needs.,excluded_from_active_corpus,no,Codex semantic review of complete title + complete official abstract,not_needed,
ICML2025-2341,Sorbet: A Neuromorphic Hardware-Compatible Transformer-Based Spiking Language Model,2025,ICML,,no,yes,15b0ac466132f22b213ac3b003dbb7c93483dd0601fde56bb09ea91ea53ae37a,"For reasons such as privacy, there are use cases for language models at the edge. This has given rise to small language models targeted for deployment in resource-constrained devices where energy efficiency is critical. Spiking neural networks (SNNs) offer a promising solution due to their energy efficiency, and there are already works on realizing transformer-based models on SNNs. However, key operations like softmax and layer normalization (LN) are difficult to implement on neuromorphic hardware, and many of these early works sidestepped them. To address these challenges, we introduce Sorbet, a transformer-based spiking language model that is more neuromorphic hardware-compatible. Sorbet incorporates a novel shifting-based softmax called PTsoftmax and a BitShifting-based PowerNorm (BSPN), both designed to replace the respective energy-intensive operations. By leveraging knowledge distillation and model quantization, Sorbet achieved a highly compressed binary weight model that maintains competitive performance while achieving $27.16\times$ energy savings compared to BERT. We validate Sorbet through extensive testing on the GLUE benchmark and a series of ablation studies, demonstrating its potential as an energy-efficient solution for language model inference. Our code is publicly available at https://github.com/Kaiwen-Tang/Sorbet",https://proceedings.mlr.press/v267/tang25l.html,exclude,,exclude,Spiking language-model hardware work is outside visual event streams.,exclude,,exclude,No SECNet relation is present.,excluded_from_active_corpus,no,Codex semantic review of complete title + complete official abstract,not_needed,
ICML2025-3251,SpikeVideoFormer: An Efficient Spike-Driven Video Transformer with Hamming Attention and $\mathcalO(T)$ Complexity,2025,ICML,,yes,yes,95a6bb7818090424b5e6b2a47171e4a4e53657871aa4ad926ba8e63426f66688,"Spiking Neural Networks (SNNs) have shown competitive performance to Artificial Neural Networks (ANNs) in various vision tasks, while offering superior energy efficiency. However, existing SNN-based Transformers primarily focus on single-image tasks, emphasizing spatial features while not effectively leveraging SNNs’ efficiency in video-based vision tasks. In this paper, we introduce SpikeVideoFormer, an efficient spike-driven video Transformer, featuring linear temporal complexity $\mathcal{O}(T)$. Specifically, we design a spike-driven Hamming attention (SDHA) which provides a theoretically guided adaptation from traditional real-valued attention to spike-driven attention. Building on SDHA, we further analyze various spike-driven space-time attention designs and identify an optimal scheme that delivers appealing performance for video tasks, while maintaining only linear temporal complexity. The generalization ability and efficiency of our model are demonstrated across diverse downstream video tasks, including classification, human pose tracking, and semantic segmentation. Empirical results show our method achieves state-of-the-art (SOTA) performance compared to existing SNN approaches, with over 15% improvement on the latter two tasks. Additionally, it matches the performance of recent ANN-based methods while offering significant efficiency gains, achieving $\times 16$, $\times 10$ and $\times 5$ improvements on the three tasks. https://github.com/JimmyZou/SpikeVideoFormer",https://proceedings.mlr.press/v267/zou25b.html,background,architecture;temporal_modeling;efficiency_hardware;tracking;pose_depth_segmentation,reference,"SpikeVideoFormer is generic spiking video architecture and task background, using frame videos rather than event cameras.",discussion,snn_hybrid;scalability_efficiency;task_generalization,reference,Linear-time multi-task video modeling is a useful temporal architecture comparator.,retained_reference,no,Codex semantic review of complete title + complete official abstract,not_needed,
ICML2025-2680,SpikF: Spiking Fourier Network for Efficient Long-term Prediction,2025,ICML,,yes,yes,ef3faa1558c01c20ac471691cf9158dcabfadfb38ffd3016acb2254bf31bbdc5,"Spiking Neural Networks (SNNs) have demonstrated remarkable potential across many domains, including computer vision and natural language processing, owing to their energy efficiency and biological plausibility. However, their application in long-term prediction tasks remains underexplored, which is primarily due to two critical challenges: (1) current SNN encoding methods are unable to effectively encode long temporal information, leading to increased computational complexity and energy consumption; (2) though Transformer-based models have achieved state-of-the-art accuracy in temporal prediction tasks, the absence of proper positional encoding for spiking self-attention restricts Spiking Transformer from effectively utilizing positional information, resulting in performance degradation. To address these challenges, we introduce an attention-free framework, Spik ing F ourier Network ( SpikF ), that encodes input sequences in patches and employs an innovative frequency domain selection mechanism to effectively utilize the sequential properties of time-series data. Extensive evaluations on eight well-established long-term prediction datasets demonstrate that SpikF achieves an averaged $1.9\%$ reduction in Mean Absolute Error (MAE) compared to state-of-the-art models, while lowering total energy consumption by $3.16\times$. Our code is available at https://github.com/WWJ-creator/SpikF.",https://proceedings.mlr.press/v267/wu25m.html,exclude,,exclude,Spiking Fourier time-series forecasting is outside event-camera vision.,method_chain,fourier_fft;frequency;snn_hybrid,required,"The official abstract establishes a Spiking Fourier Network with frequency-domain selection for long sequences, providing direct SNN-side Fourier foundations.",advisor_required,no,Codex semantic review of complete title + complete official abstract,official_abstract_resolved,The official abstract explicitly establishes a Spiking Fourier Network and frequency-domain selection; exact axis is deferred to reading.
ICML2025-0181,Temporal Misalignment in ANN-SNN Conversion and its Mitigation via Probabilistic Spiking Neurons,2025,ICML,,yes,yes,4f898f406cd0cd86f53efa6ecff3a9f398995f776b71c185c4917ff7f32416e1,"Spiking Neural Networks (SNNs) offer a more energy-efficient alternative to Artificial Neural Networks (ANNs) by mimicking biological neural principles, establishing them as a promising approach to mitigate the increasing energy demands of large-scale neural models. However, fully harnessing the capabilities of SNNs remains challenging due to their discrete signal processing and temporal dynamics. ANN-SNN conversion has emerged as a practical approach, enabling SNNs to achieve competitive performance on complex machine learning tasks. In this work, we identify a phenomenon in the ANN-SNN conversion framework, termed temporal misalignment , in which random spike rearrangement across SNN layers leads to performance improvements. Based on this observation, we introduce biologically plausible two-phase probabilistic (TPP) spiking neurons, further enhancing the conversion process. We demonstrate the advantages of our proposed method both theoretically and empirically through comprehensive experiments on CIFAR-10/100, CIFAR10-DVS, and ImageNet across a variety of architectures, achieving state-of-the-art results.",https://proceedings.mlr.press/v267/bojkovic25a.html,background,learning;temporal_modeling,reference,Temporal misalignment in ANN-SNN conversion is general conversion theory; DVS is benchmark-only.,watch,snn_hybrid,reference,Probabilistic spikes may support conversion but not Event Cloud processing.,retained_reference,no,Codex semantic review of complete title + complete official abstract,not_needed,
ICML2025-1843,Time to Spike? Understanding the Representational Power of Spiking Neural Networks in Discrete Time,2025,ICML,,yes,yes,76ab6614c34498ad3bea71df29cb013db003259a070ada62cb692199e23628e5,"Recent years have seen significant progress in developing spiking neural networks (SNNs) as a potential solution to the energy challenges posed by conventional artificial neural networks (ANNs). However, our theoretical understanding of SNNs remains relatively limited compared to the ever-growing body of literature on ANNs. In this paper, we study a discrete-time model of SNNs based on leaky integrate-and-fire (LIF) neurons, referred to as discrete-time LIF-SNNs, a widely used framework that still lacks solid theoretical foundations. We demonstrate that discrete-time LIF-SNNs realize piecewise constant functions defined on polyhedral regions, and more importantly, we quantify the network size required to approximate continuous functions. Moreover, we investigate the impact of latency (number of time steps) and depth (number of layers) on the complexity of the input space partitioning induced by discrete-time LIF-SNNs. Our analysis highlights the importance of latency and contrasts these networks with ANNs that use piecewise linear activation functions. Finally, we present numerical experiments to support our theoretical findings.",https://proceedings.mlr.press/v267/nguyen25a.html,background,temporal_modeling;architecture,reference,Discrete-time LIF-SNN expressivity and latency theory provide foundational background without event-camera data.,exclude,,exclude,The theory is not directly actionable for SECNet.,retained_reference,no,Codex semantic review of complete title + complete official abstract,not_needed,
ICML2025-2813,Training High Performance Spiking Neural Network by Temporal Model Calibration,2025,ICML,,yes,yes,b6840bd3b19cad60d3b898305b96f172643b72cef2a723676564d719ffa28ef1,"Spiking Neural Networks (SNNs) are considered promising energy-efficient models due to their dynamic capability to process spatial-temporal spike information. Existing work has demonstrated that SNNs exhibit temporal heterogeneity, which leads to diverse outputs of SNNs at different time steps and has the potential to enhance their performance. Although SNNs obtained by direct training methods achieve state-of-the-art performance, current methods introduce limited temporal heterogeneity through the dynamics of spiking neurons or network structures. They lack the improvement of temporal heterogeneity through the lens of the gradient. In this paper, we first conclude that the diversity of the temporal logit gradients in current methods is limited. This leads to insufficient temporal heterogeneity and results in temporally miscalibrated SNNs with degraded performance. Based on the above analysis, we propose a Temporal Model Calibration (TMC) method, which can be seen as a logit gradient rescaling mechanism across time steps. Experimental results show that our method can improve the temporal logit gradient diversity and generate temporally calibrated SNNs with enhanced performance. In particular, our method achieves state-of-the-art accuracy on ImageNet, DVSCIFAR10, and N-Caltech101. Codes are available at https://github.com/zju-bmi-lab/TMC.",https://proceedings.mlr.press/v267/yan25c.html,background,learning;temporal_modeling,reference,Temporal model calibration is generic SNN training; DVS datasets are benchmark-only.,watch,snn_hybrid,reference,It may support SNN training but is not method-chain work.,retained_reference,no,Codex semantic review of complete title + complete official abstract,not_needed,
ICML2025-2938,TS-SNN: Temporal Shift Module for Spiking Neural Networks,2025,ICML,,yes,yes,bf4d65016cd337f714d7282890084049285652022c06c4973519099ea2ce9516,"Spiking Neural Networks (SNNs) are increasingly recognized for their biological plausibility and energy efficiency, positioning them as strong alternatives to Artificial Neural Networks (ANNs) in neuromorphic computing applications. SNNs inherently process temporal information by leveraging the precise timing of spikes, but balancing temporal feature utilization with low energy consumption remains a challenge. In this work, we introduce Temporal Shift module for Spiking Neural Networks (TS-SNN), which incorporates a novel Temporal Shift (TS) module to integrate past, present, and future spike features within a single timestep via a simple yet effective shift operation. A residual combination method prevents information loss by integrating shifted and original features. The TS module is lightweight, requiring only one additional learnable parameter, and can be seamlessly integrated into existing architectures with minimal additional computational cost. TS-SNN achieves state-of-the-art performance on benchmarks like CIFAR-10 (96.72%), CIFAR-100 (80.28%), and ImageNet (70.61%) with fewer timesteps, while maintaining low energy consumption. This work marks a significant step forward in developing efficient and accurate SNN architectures.",https://proceedings.mlr.press/v267/yu25w.html,background,temporal_modeling;architecture;efficiency_hardware,reference,Temporal shift is useful generic SNN dynamics/efficiency background without event-camera streams.,discussion,snn_hybrid;scalability_efficiency,reference,Cheap temporal mixing is a concrete alternative to heavier memory modules.,retained_reference,no,Codex semantic review of complete title + complete official abstract,not_needed,
ICML2025-3117,TTFSFormer: A TTFS-based Lossless Conversion of Spiking Transformer,2025,ICML,,yes,yes,2820612d9bb70f9c11387b7668c2667e795d529300763662e3dbe157eaecac04,"ANN-to-SNN conversion has emerged as a key approach to train Spiking Neural Networks (SNNs), particularly for Transformer architectures, as it maps pre-trained ANN parameters to SNN equivalents without requiring retraining, thereby preserving ANN accuracy while eliminating training costs. Among various coding methods used in ANN-to-SNN conversion, time-to-first-spike (TTFS) coding, which allows each neuron to at most one spike, offers significantly lower energy consumption. However, while previous TTFS-based SNNs have achieved comparable performance with convolutional ANNs, the attention mechanism and nonlinear layers in Transformer architectures remains a challenge by existing SNNs with TTFS coding. This paper proposes a new neuron structure for TTFS coding that expands its representational range and enhances the capability to process nonlinear functions, along with detailed designs of nonlinear neurons for different layers in Transformer. Experimental results on different models demonstrate that our proposed method can achieve high accuracy with significantly lower energy consumption. To the best of our knowledge, this is the first work to focus on converting Transformer to SNN with TTFS coding.",https://proceedings.mlr.press/v267/zhao25n.html,background,event_to_spike;learning;efficiency_hardware,reference,TTFS Transformer conversion provides coding and energy background without event-camera integration.,watch,snn_hybrid;hardware,reference,TTFS is a possible deployment alternative.,retained_reference,no,Codex semantic review of complete title + complete official abstract,not_needed,
ICML2025-2726,When Every Millisecond Counts: Real-Time Anomaly Detection via the Multimodal Asynchronous Hybrid Network,2025,ICML,,yes,yes,2da246e76e0f8605d97a514f10ce1412165791abf4bf54e140a7014a2307697e,"Anomaly detection is essential for the safety and reliability of autonomous driving systems. Current methods often focus on detection accuracy but neglect response time, which is critical in time-sensitive driving scenarios. In this paper, we introduce real-time anomaly detection for autonomous driving, prioritizing both minimal response time and high accuracy. We propose a novel multimodal asynchronous hybrid network that combines event streams from event cameras with image data from RGB cameras. Our network utilizes the high temporal resolution of event cameras through an asynchronous Graph Neural Network and integrates it with spatial features extracted by a CNN from RGB images. This combination effectively captures both the temporal dynamics and spatial details of the driving environment, enabling swift and precise anomaly detection. Extensive experiments on benchmark datasets show that our approach outperforms existing methods in both accuracy and response time, achieving millisecond-level real-time performance.",https://proceedings.mlr.press/v267/xiao25a.html,background,detection;temporal_modeling;efficiency_hardware,reference,The event-RGB asynchronous graph network provides event-side real-time anomaly-detection evidence but is non-spiking.,watch,task_generalization;scalability_efficiency,reference,Millisecond asynchronous fusion is adjacent deployment/task inspiration.,retained_reference,no,Codex semantic review of complete title + complete official abstract,not_needed,
NeurIPS2025-1661,"A Scalable, Causal, and Energy Efficient Framework for Neural Decoding with Spiking Neural Networks",2025,NeurIPS,Main Conference Track,no,yes,2b24a4b367c554ccb0ae128adc3322ab722b5f5b22908aa60ba06d2923f0fc05,"Brain-computer interfaces (BCIs) promise to enable vital functions, such as speech and prosthetic control, for individuals with neuromotor impairments. Central to their success are neural decoders, models that map neural activity to intended behavior. Current learning-based decoding approaches fall into two classes: simple, causal models that lack generalization, or complex, non-causal models that generalize and scale offline but struggle in real-time settings. Both face a common challenge, their reliance on power-hungry artificial neural network backbones, which makes integration into real-world, resource-limited systems difficult. Spiking neural networks (SNNs) offer a promising alternative. Because they operate causally (i.e. only on present and past inputs) these models are suitable for real-time use, and their low energy demands make them ideal for battery-constrained environments. To this end, we introduce Spikachu: a scalable, causal, and energy-efficient neural decoding framework based on SNNs . Our approach processes binned spikes directly by projecting them into a shared latent space, where spiking modules, adapted to the timing of the input, extract relevant features; these latent representations are then integrated and decoded to generate behavioral predictions. We evaluate our approach on 113 recording sessions from 6 non-human primates, totaling 43 hours of recordings. Our method outperforms causal baselines when trained on single sessions using between 2.26× and 418.81× less energy. Furthermore, we demonstrate that scaling up training to multiple sessions and subjects improves performance and enables few-shot transfer to unseen sessions, subjects, and tasks. Overall, Spikachu introduces a scalable, online-compatible neural decoding framework based on SNNs, whose performance is competitive relative to state-of-the-art models while consuming orders of magnitude less energy.",https://papers.nips.cc/paper_files/paper/2025/hash/47387bb0aeb97785f608c11f2f4bb091-Abstract-Conference.html,exclude,,exclude,SNN neural decoding concerns biological recordings rather than event-camera streams.,exclude,,exclude,BCI decoding is outside SECNet.,excluded_from_active_corpus,no,Codex semantic review of complete title + complete official abstract,not_needed,
NeurIPS2025-5700,Activity Pruning for Efficient Spiking Neural Networks,2025,NeurIPS,Main Conference Track,yes,yes,af03a4531574c55d25404e6a0c65ad3d22052bd5f97e3c497b0caea29d4f1009,"While sparse coding plays an important role in promoting the efficiency of biological neural systems, it has not been fully utilized by artificial models as the activation sparsity is not well suited to the current structure of deep networks. Spiking Neural Networks (SNNs), with their event-driven characteristics, offer a more natural platform for leveraging activation sparsity. In this work, we specifically target the reduction of neuronal activity, which directly leads to lower computational cost and facilitates efficient SNN deployment on Neuromorphic hardware. We begin by analyzing the limitations of existing activity regularization methods and identifying critical challenges in training sparse SNNs. To address these issues, we propose a modified neuron model, AT-LIF, coupled with a threshold adaptation technique that stabilizes training and effectively suppresses spike activity. Through extensive experiments on multiple datasets, we demonstrate that our approach achieves significant reductions in average firing rates and synaptic operations without sacrificing much accuracy. Furthermore, we show that our method complements weight-based pruning techniques and successfully trains an SNN with only 0.06 average firing rate and 2.22M parameters on ImageNet, highlighting its potential for building highly efficient and scalable SNN models. Code is available at https://github.com/putshua/Activity-Pruning-SNN.",https://papers.nips.cc/paper_files/paper/2025/hash/fa12d67b5939c37ea8a4659c31a08d2c-Abstract-Conference.html,background,efficiency_hardware;architecture,reference,Activity pruning provides generic SNN sparsity and operation-count background without event cameras.,discussion,scalability_efficiency;hardware;snn_hybrid,reference,Firing-rate reduction is a useful deployment comparator.,retained_reference,no,Codex semantic review of complete title + complete official abstract,not_needed,
NeurIPS2025-5157,Adaptive Fission: Post-training Encoding for Low-latency Spike Neural Networks,2025,NeurIPS,Main Conference Track,yes,yes,c83d153b05c5013ebfec6919772b80d6ee5b4d7af820de464beaa425362fe3ad,"Spiking Neural Networks (SNNs) often rely on rate coding, where high-precision inference depends on long time-steps, leading to significant latency and energy cost—especially for ANN-to-SNN conversions. To address this, we propose Adaptive Fission, a post-training encoding technique that selectively splits high-sensitivity neurons into groups with varying scales and weights. This enables neuron-specific, on-demand precision and threshold allocation while introducing minimal spatial overhead. As a generalized form of population coding, it seamlessly applies to a wide range of pretrained SNN architectures without requiring additional training or fine-tuning. Experiments on neuromorphic hardware demonstrate up to 80\% reductions in latency and power consumption without degrading accuracy.",https://papers.nips.cc/paper_files/paper/2025/hash/e2e0a9004132490db1be58bffa419268-Abstract-Conference.html,background,event_to_spike;efficiency_hardware,reference,"Adaptive population coding contributes low-latency SNN encoding and measured neuromorphic evidence, but no event-camera input.",discussion,hardware;snn_hybrid;scalability_efficiency,reference,Post-training latency reduction is relevant to an SNN extension.,retained_reference,no,Codex semantic review of complete title + complete official abstract,not_needed,
NeurIPS2025-4946,Adaptive Surrogate Gradients for Sequential Reinforcement Learning in Spiking Neural Networks,2025,NeurIPS,Main Conference Track,no,yes,336b873198240cfa6a015cef4213b3a1a615d7e2a72c7d96b33e63478c66df39,"Neuromorphic computing systems are set to revolutionize energy-constrained robotics by achieving orders-of-magnitude efficiency gains, while enabling native temporal processing. Spiking Neural Networks (SNNs) represent a promising algorithmic approach for these systems, yet their application to complex control tasks faces two critical challenges: (1) the non-differentiable nature of spiking neurons necessitates surrogate gradients with unclear optimization properties, and (2) the stateful dynamics of SNNs require training on sequences, which in reinforcement learning (RL) is hindered by limited sequence lengths during early training, preventing the network from bridging its warm-up period. We address these challenges by systematically analyzing surrogate gradient slope settings, showing that shallower slopes increase gradient magnitude in deeper layers but reduce alignment with true gradients. In supervised learning, we find no clear preference for fixed or scheduled slopes. The effect is much more pronounced in RL settings, where shallower slopes or scheduled slopes lead to a $\times2.1$ improvement in both training and final deployed performance. Next, we propose a novel training approach that leverages a privileged guiding policy to bootstrap the learning process, while still exploiting online environment interactions with the spiking policy. Combining our method with an adaptive slope schedule for a real-world drone position control task, we achieve an average return of 400 points, substantially outperforming prior techniques, including Behavioral Cloning and TD3BC, which achieve at most –200 points under the same conditions. This work advances both the theoretical understanding of surrogate gradient learning in SNNs and practical training methodologies for neuromorphic controllers demonstrated in real-world robotic systems.",https://papers.nips.cc/paper_files/paper/2025/hash/d94b46ec30adee2bbb134f813fc9dde0-Abstract-Conference.html,exclude,,exclude,SNN reinforcement learning and drone control do not address event-camera processing.,exclude,,exclude,Control-policy training is outside SECNet.,excluded_from_active_corpus,no,Codex semantic review of complete title + complete official abstract,not_needed,
NeurIPS2025-3401,Bipolar Self-attention for Spiking Transformers,2025,NeurIPS,Main Conference Track,yes,yes,de97a6d08aef884cb434e81de26967d632260bcf5496f5af539ca306cac54e85,"Harnessing the event-driven characteristic, Spiking Neural Networks (SNNs) present a promising avenue toward energy-efficient Transformer architectures. However, existing Spiking Transformers still suffer significant performance gaps compared to their Artificial Neural Network counterparts. Through comprehensive analysis, we attribute this gap to these two factors. First, the binary nature of spike trains limits Spiking Self-attention (SSA)’s capacity to capture negative–negative and positive–negative membrane potential interactions on Querys and Keys. Second, SSA typically omits Softmax functions to avoid energy-intensive multiply-accumulate operations, thereby failing to maintain row-stochasticity constraints on attention scores. To address these issues, we propose a Bipolar Self-attention (BSA) paradigm, effectively modeling multi-polar membrane potential interactions with a fully spike-driven characteristic. Specifically, we demonstrate that ternary matrix multiplication provides a closer approximation to real-valued computation on both distribution and local correlation, enabling clear differentiation between homopolar and heteropolar interactions. Moreover, we propose a shift-based Softmax approximation named Shiftmax, which efficiently achieves low-entropy activation and partly maintains row-stochasticity without non-linear operation, enabling precise attention allocation. Extensive experiments show that BSA achieves substantial performance improvements across various tasks, including image classification, semantic segmentation, and event-based tracking. These results establish its potential as a fundamental building block for energy-efficient Spiking Transformers.",https://papers.nips.cc/paper_files/paper/2025/hash/9316cfcb0a81e53a1f35b4353f115571-Abstract-Conference.html,background,architecture;efficiency_hardware,reference,Bipolar spiking attention is generic SNN architecture background; event tracking is one downstream evaluation rather than event-specific design.,discussion,snn_hybrid;hardware;task_generalization,reference,Its spike-driven attention is a useful comparator.,retained_reference,no,Codex semantic review of complete title + complete official abstract,not_needed,
NeurIPS2025-0035,DERD-Net: Learning Depth from Event-based Ray Densities,2025,NeurIPS,Main Conference Track,yes,yes,6676b8fce8893abc2c881024f76c6b6a9c5faae80346738f38d362c1c529a4e3,"Event cameras offer a promising avenue for multi-view stereo depth estimation and Simultaneous Localization And Mapping (SLAM) due to their ability to detect blur-free 3D edges at high-speed and over broad illumination conditions. However, traditional deep learning frameworks designed for conventional cameras struggle with the asynchronous, stream-like nature of event data, as their architectures are optimized for discrete, image-like inputs. We propose a scalable, flexible and adaptable framework for pixel-wise depth estimation with event cameras in both monocular and stereo setups. The 3D scene structure is encoded into disparity space images (DSIs), representing spatial densities of rays obtained by back-projecting events into space via known camera poses. Our neural network processes local subregions of the DSIs combining 3D convolutions and a recurrent structure to recognize valuable patterns for depth prediction. Local processing enables fast inference with full parallelization and ensures constant ultra-low model complexity and memory costs, regardless of camera resolution. Experiments on standard benchmarks (MVSEC and DSEC datasets) demonstrate unprecedented effectiveness: (i) using purely monocular data, our method achieves comparable results to existing stereo methods; (ii) when applied to stereo data, it strongly outperforms all state-of-the-art (SOTA) approaches, reducing the mean absolute error by at least 42\%; (iii) our method also allows for increases in depth completeness by more than 3-fold while still yielding a reduction in median absolute error of at least 30\%. Given its remarkable performance and effective processing of event-data, our framework holds strong potential to become a standard approach for using deep learning for event-based depth estimation and SLAM.",https://papers.nips.cc/paper_files/paper/2025/hash/019ef89617d539b15ed610ce8d1b76e1-Abstract-Conference.html,background,pose_depth_segmentation;representation_slicing;efficiency_hardware,reference,"DERD-Net supplies scalable event-ray density representation for depth, but no SNN.",discussion,event_cloud_point;scalability_efficiency;task_generalization,reference,Resolution-independent local event-ray processing is relevant to scalable Event Cloud design.,retained_reference,no,Codex semantic review of complete title + complete official abstract,not_needed,
NeurIPS2025-4192,Distil-E2D: Distilling Image-to-Depth Priors for Event-Based Monocular Depth Estimation,2025,NeurIPS,Main Conference Track,yes,yes,a88e6084d8c868645817c120ce0e26cece79fb383d95f71e52a9df376e770028,"Event cameras are neuromorphic vision sensors that asynchronously capture pixel-level intensity changes with high temporal resolution and dynamic range. These make them well suited for monocular depth estimation under challenging lighting conditions. However, progress in event-based monocular depth estimation remains constrained by the quality of supervision: LiDAR-based depth labels are inherently sparse, spatially incomplete, and prone to artifacts. Consequently, these signals are suboptimal for learning dense depth from sparse events. To address this problem, we propose Distil-E2D, a framework that distills depth priors from the image domain into the event domain by generating dense synthetic pseudolabels from co-recorded APS or RGB frames using foundational depth models. These pseudolabels complement sparse LiDAR depths with dense semantically rich supervision informed by large-scale image-depth datasets. To reconcile discrepancies between synthetic and real depths, we introduce a Confidence-Guided Calibrated Depth Loss that learns nonlinear depth alignment and adaptively weights supervision by alignment confidence. Additionally, our architecture integrates past predictions via a Context Transformer and employs a Dual-Decoder Training scheme that enhances encoder representations by jointly learning metric and relative depth abstractions. Experiments on benchmark datasets show that Distil-E2D achieves state-of-the-art performance in event-based monocular depth estimation across both event-only and event+APS settings.",https://papers.nips.cc/paper_files/paper/2025/hash/b6fa3ed9624c184bd73e435123bd576a-Abstract-Conference.html,background,pose_depth_segmentation;learning,reference,Image-to-event depth distillation is non-spiking event-side learning background.,watch,task_generalization,reference,It offers a dense-task transfer strategy.,retained_reference,no,Codex semantic review of complete title + complete official abstract,not_needed,
NeurIPS2025-1018,E-MoFlow: Learning Egomotion and Optical Flow from Event Data via Implicit Regularization,2025,NeurIPS,Main Conference Track,no,yes,ca07e215dc041654a260ae8865dacd80772a6e78cfd9a93ef3f9768b2a0f2d82,"The estimation of optical flow and 6-DoF ego-motion—two fundamental tasks in 3-D vision—has typically been addressed independently. For neuromorphic vision (e.g., event cameras), however, the lack of robust data association makes solving the two problems separately an ill-posed challenge, especially in the absence of supervision via ground truth. Existing works mitigate this ill-posedness by either enforcing the smoothness of the flow field via an explicit variational regularizer or leveraging explicit structure-and-motion priors in the parametrization to improve event alignment. The former notably introduces bias in results and computational overhead, while the latter—which parametrizes the optical flow in terms of the scene depth and the camera motion—often converges to suboptimal local minima. To address these issues, we propose an unsupervised pipeline that jointly optimizes egomotion and flow via implicit spatial-temporal and geometric regularization. First, by modeling camera's egomotion as a continuous spline and optical flow as an implicit neural representation, our method inherently embeds spatial-temporal coherence through inductive biases. Second, we incorporate structure-and-motion priors through differential geometric constraints, bypassing explicit depth estimation while maintaining rigorous geometric consistency. As a result, our framework (called \textbf{E-MoFlow}) unifies egomotion and optical flow estimation via implicit regularization under a fully unsupervised paradigm. Experiments demonstrate its versatility to general 6-DoF motion scenarios, achieving state-of-the-art performance among unsupervised methods and competitive even with supervised approaches. Code will be released upon acceptance.",https://papers.nips.cc/paper_files/paper/2025/hash/2b7539f0892fdb0e096a2b718c6890f9-Abstract-Conference.html,exclude,,exclude,Unsupervised event geometry for flow and egomotion is specialized non-SNN methodology.,exclude,,exclude,Its implicit geometric optimization is outside SECNet.,excluded_from_active_corpus,no,Codex semantic review of complete title + complete official abstract,not_needed,
NeurIPS2025-2890,EF-3DGS: Event-Aided Free-Trajectory 3D Gaussian Splatting,2025,NeurIPS,Main Conference Track,no,yes,011c7823a33c1c34788c32058568c6af2b1ef3148a6204dc721b379004c65969,"Scene reconstruction from casually captured videos has wide real-world applications. Despite recent progress, existing methods relying on traditional cameras tend to fail in high-speed scenarios due to insufficient observations and inaccurate pose estimation. Event cameras, inspired by biological vision, record pixel-wise intensity changes asynchronously with high temporal resolution and low latency, providing valuable scene and motion information in blind inter-frame intervals. In this paper, we introduce the event cameras to aid scene construction from a casually captured video for the first time, and propose Event-Aided Free-Trajectory 3DGS, called EF-3DGS, which seamlessly integrates the advantages of event cameras into 3DGS through three key components. First, we leverage the Event Generation Model (EGM) to fuse events and frames, enabling continuous supervision between discrete frames. Second, we extract motion information through Contrast Maximization (CMax) of warped events, which calibrates camera poses and provides gradient-domain constraints for 3DGS. Third, to address the absence of color information in events, we combine photometric bundle adjustment (PBA) with a Fixed-GS training strategy that separates structure and color optimization, effectively ensuring color consistency across different views. We evaluate our method on the public Tanks and Temples benchmark and a newly collected real-world dataset, RealEv-DAVIS. Our method achieves up to 3dB higher PSNR and 40% lower Absolute Trajectory Error (ATE) compared to state-of-the-art methods under challenging high-speed scenarios.",https://papers.nips.cc/paper_files/paper/2025/hash/7cdc4122c4d12cc80a62e6a6af555f5a-Abstract-Conference.html,exclude,,exclude,Event-aided 3D Gaussian splatting is specialized non-SNN reconstruction.,exclude,,exclude,No SECNet-relevant relation is present.,excluded_from_active_corpus,no,Codex semantic review of complete title + complete official abstract,not_needed,
NeurIPS2025-3724,Enhanced Self-Distillation Framework for Efficient Spiking Neural Network Training,2025,NeurIPS,Main Conference Track,yes,yes,a27d68159ecdb83bee2820d0dedf2e28c54b06b0df44e6a9ab73c08c94f7c240,"Spiking Neural Networks (SNNs) exhibit exceptional energy efficiency on neuromorphic hardware due to their sparse activation patterns. However, conventional training methods based on surrogate gradients and Backpropagation Through Time (BPTT) not only lag behind Artificial Neural Networks (ANNs) in performance, but also incur significant computational and memory overheads that grow linearly with the temporal dimension. To enable high-performance SNN training under limited computational resources, we propose an enhanced self-distillation framework, jointly optimized with rate-based backpropagation. Specifically, the firing rates of intermediate SNN layers are projected onto lightweight ANN branches, and high-quality knowledge generated by the model itself is used to optimize substructures through the ANN pathways. Unlike traditional self-distillation paradigms, we observe that low-quality self-generated knowledge may hinder convergence. To address this, we decouple the teacher signal into reliable and unreliable components, ensuring that only reliable knowledge is used to guide the optimization of the model. Extensive experiments on CIFAR-10, CIFAR-100, CIFAR10-DVS, and ImageNet demonstrate that our method reduces training complexity while achieving high-performance SNN training. Our code is available at https://github.com/Intelli-Chip-Lab/enhanced-self-distillation-framework-for-snn.",https://papers.nips.cc/paper_files/paper/2025/hash/a1cb36e60c6c6f0b1c66a042580040d4-Abstract-Conference.html,background,learning;efficiency_hardware,reference,Rate-based SNN self-distillation supplies scalable training background; DVS is benchmark-only.,discussion,snn_hybrid;scalability_efficiency,reference,ANN branches and reduced training complexity are relevant hybrid comparators.,retained_reference,no,Codex semantic review of complete title + complete official abstract,not_needed,
NeurIPS2025-1835,EPA: Boosting Event-based Video Frame Interpolation with Perceptually Aligned Learning,2025,NeurIPS,Main Conference Track,no,yes,f4530758ed5355c5eb4e91b793b4c9fc6c81442eead7917b2c697ce99a5de59e,"Event cameras, with their capacity to provide high temporal resolution information between frames, are increasingly utilized for video frame interpolation (VFI) in challenging scenarios characterized by high-speed motion and significant occlusion. However, prevalent issues of blur and distortion within the keyframes and ground truth data used for training and inference in these demanding conditions are frequently overlooked. This oversight impedes the perceptual realism and multi-scene generalization capabilities of existing event-based VFI (E-VFI) methods when generating interpolated frames. Motivated by the observation that semantic-perceptual discrepancies between degraded and pristine images are considerably smaller than their image-level differences, we introduce EPA. This novel E-VFI framework diverges from approaches reliant on direct image-level supervision by constructing multilevel, degradation-insensitive semantic perceptual supervisory signals to enhance the perceptual realism and multi-scene generalization of the model's predictions. Specifically, EPA operates in two phases: it first employs a DINO-based perceptual extractor, a customized style adapter, and a reconstruction generator to derive multi-layered, degradation-insensitive semantic-perceptual features ($\mathcal{S}$). Second, a novel Bidirectional Event-Guided Alignment (BEGA) module utilizes deformable convolutions to align perceptual features from keyframes to ground truth with inter-frame temporal guidance extracted from event signals. By decoupling the learning process from direct image-level supervision, EPA enhances model robustness against degraded keyframes and unreliable ground truth information. Extensive experiments demonstrate that this approach yields interpolated frames more consistent with human perceptual preferences. *The code will be released upon acceptance.*",https://papers.nips.cc/paper_files/paper/2025/hash/4ec0b6648bdf487a2f1c815924339022-Abstract-Conference.html,exclude,,exclude,Perceptual event video interpolation is specialized non-SNN restoration.,exclude,,exclude,It is outside SECNet's direction.,excluded_from_active_corpus,no,Codex semantic review of complete title + complete official abstract,not_needed,
NeurIPS2025-1126,Event-based HDR Structured Light,2025,NeurIPS,Main Conference Track,no,yes,fa8f7336a09fd87f783cb93ebf04130d778c944af817f4b7d42cfdea43d17c9a,"Event-based structured light (SL) systems have attracted increasing attention for their potential in high-performance 3D measurement. Despite the inherent HDR capability of event cameras, reflective and absorptive surfaces still cause event cluttering and absence, which produce overexposed and underexposed regions that degrade the reconstruction quality. In this work, we present the first HDR 3D measurement framework specifically designed for event-based SL systems. First, we introduce a multi-contrast HDR coding strategy that facilitates imaging of areas with different reflectance. Second, to alleviate inter-frame interference caused by overexposed and underexposed areas, we propose a universal confidence-driven stereo matching strategy. Specifically, we estimate a confidence map as the fusion weight for features via an energy-guided confidence estimation. Further, we propose the confidence propagation volume, an innovative cost volume that offers both effective suppression of inter-frame interference and strong representation capability. Third, we contribute an event-based SL simulator and propose the first event-based HDR SL dataset. We also collect a real-world benchmarking dataset with ground truth. We validate the effectiveness of our method with the proposed confidence-driven strategy on both synthetic and real-world datasets. Experimental results demonstrate that our proposed HDR framework enables accurate 3D measurement even under extreme conditions.",https://papers.nips.cc/paper_files/paper/2025/hash/3056e3b2266c62ec11b110933db92284-Abstract-Conference.html,exclude,,exclude,Event-based HDR structured light is specialized sensing without SNN relevance.,exclude,,exclude,The active 3D system is outside SECNet.,excluded_from_active_corpus,no,Codex semantic review of complete title + complete official abstract,not_needed,
NeurIPS2025-4786,Event-Driven Dynamic Scene Depth Completion,2025,NeurIPS,Main Conference Track,yes,yes,d47f9d1cc1e463483c2216efbe0ad8f881de27eb81925a28c9e42d62e0a0793a,"Depth completion in dynamic scenes poses significant challenges due to rapid ego-motion and object motion, which can severely degrade the quality of input modalities such as RGB images and LiDAR measurements. Conventional RGB-D sensors often struggle to align precisely and capture reliable depth under such conditions. In contrast, event cameras with their high temporal resolution and sensitivity to motion at the pixel level provide complementary cues that are beneficial in dynamic environments. To this end, we propose EventDC, the first event-driven depth completion framework. It consists of two key components: Event-Modulated Alignment (EMA) and Local Depth Filtering (LDF). Both modules adaptively learn the two fundamental components of convolution operations: offsets and weights conditioned on motion-sensitive event streams. In the encoder, EMA leverages events to modulate the sampling positions of RGB-D features to achieve pixel redistribution for improved alignment and fusion. In the decoder, LDF refines depth estimations around moving objects by learning motion-aware masks from events. Additionally, EventDC incorporates two loss terms to further benefit global alignment and enhance local depth recovery. Moreover, we establish the first benchmark for event-based depth completion comprising one real-world and two synthetic datasets to facilitate future research. Extensive experiments on this benchmark demonstrate the superiority of our EventDC. Project page .",https://papers.nips.cc/paper_files/paper/2025/hash/d2781f7df8825bbde6cef55adfbcd283-Abstract-Conference.html,background,pose_depth_segmentation;datasets_benchmarks;temporal_modeling,reference,EventDC provides event-side dynamic depth completion and benchmark coverage without SNNs.,discussion,datasets;task_generalization,reference,Dynamic depth is a credible task extension.,retained_reference,no,Codex semantic review of complete title + complete official abstract,not_needed,
NeurIPS2025-5007,Event-Guided Consistent Video Enhancement with Modality-Adaptive Diffusion Pipeline,2025,NeurIPS,Main Conference Track,no,yes,f1a95ba77aa174b90ab3858b054b19df97174e57fa8cd3d90771cee44430c0d5,"Recent advancements in low-light video enhancement (LLVE) have increasingly leveraged both RGB and event cameras to improve video quality under challenging conditions. However, existing approaches share two key drawbacks. First, they are tuned for steady low-light scenes, so their performance drops when illumination varies. Second, they assume every sensing modality is always available, while real systems may lose or corrupt one of them. These limitations make the methods brittle in dynamic, real-world settings. In this paper, we propose EVDiffuser, a novel framework for consistent LLVE that integrates RGB and event data through a modality-adaptive diffusion pipeline. By harnessing the powerful priors of video diffusion models, EVDiffuser enables consistent video enhancement and generalization to diverse scenarios under varying illumination, where RGB or events may even be absent. Specifically, we first design a modality-agnostic conditioning mechanism based on a diffusion pipeline by treating the two modalities as optional conditions, which is fine-tuned using augmented and integrated datasets. Furthermore, we introduce a modality-adaptive guidance rescaling that dynamically adjusts the contribution of each modality according to sensor-specific characteristics. Additionally, we establish a benchmark that accounts for varying illumination and diverse real-world scenarios, facilitating future research on consistent event-guided LLVE. Our experiments demonstrate state-of-the-art performance across challenging scenarios (i.e., varying illumination) and sensor-based settings (e.g., event-only, RGB-only), highlighting the generalization of our framework.",https://papers.nips.cc/paper_files/paper/2025/hash/dc3be1574e0f86d76e32a0229bb1f6be-Abstract-Conference.html,exclude,,exclude,Event-guided diffusion video enhancement is peripheral non-SNN restoration.,exclude,,exclude,It is outside SECNet's core concerns.,excluded_from_active_corpus,no,Codex semantic review of complete title + complete official abstract,not_needed,
NeurIPS2025-2692,EventMG: Efficient Multilevel Mamba-Graph Learning for Spatiotemporal Event Representation,2025,NeurIPS,Main Conference Track,yes,yes,26f4e8795aaf792229f60e243c11796583170354b31ef8d1c90790df3ff72d77,"Event cameras offer unique advantages in scenarios involving high speed, low light, and high dynamic range, yet their asynchronous and sparse nature poses significant challenges to efficient spatiotemporal representation learning. Specifically, despite notable progress in the field, effectively modeling the full spatiotemporal context, selectively attending to salient dynamic regions, and robustly adapting to the variable density and dynamic nature of event data remain key challenges. Motivated by these challenges, this paper proposes EventMG, a lightweight, efficient, multilevel Mamba-Graph architecture designed for learning high-quality spatiotemporal event representations. EventMG employs a multilevel approach, jointly modeling information at the micro (single event) and macro (event cluster) levels to comprehensively capture the multi-scale characteristics of event data. At the micro-level, it focuses on spatiotemporal details, employing State Space Model (SSM) based Mamba, to precisely capture long-range dependencies among numerous event nodes. Concurrently, at the macro-level, Component Graphs are introduced to efficiently encode the local semantics and global topology of dense event regions. Furthermore, to better accommodate the dynamic and sparse characteristics of data, we propose the Spatiotemporal-aware Event Scanning Technology (SEST), integrating the Adaptive Perturbation Network (APN) and Multidirectional Scanning Module (MSM), which substantially enhances the model's ability to perceive and focus on key spatiotemporal patterns. By employing this novel collaborative paradigm, EventMG demonstrates the ability to effectively capture multi-level spatiotemporal characteristics of event data while maintaining a low parameter count and linear computational complexity, suggesting a promising direction for event representation learning.",https://papers.nips.cc/paper_files/paper/2025/hash/73d829353fdd9749f9b6cf26c5387f2e-Abstract-Conference.html,background,representation_slicing;temporal_modeling;architecture;efficiency_hardware,reference,EventMG is strong non-spiking event representation background combining event-level Mamba and cluster-level graphs.,watch,event_cloud_point;grouping_sampling;scalability_efficiency,reference,"Its Event Cloud hierarchy remains a representation reference, but the Mamba component is outside the confirmed extension direction.",retained_reference,no,Codex semantic review of complete title + complete official abstract,not_needed,
NeurIPS2025-0641,FLAME: Fast Long-context Adaptive Memory for Event-based Vision,2025,NeurIPS,Main Conference Track,yes,yes,64317ffec668b18e69de9efc5c57aea8f7adcfdd5f82bcf15819c28523d5a68f,"We propose Fast Long-range Adaptive Memory for Event (FLAME), a novel scalable architecture that combines neuro-inspired feature extraction with robust structured sequence modeling to efficiently process asynchronous and sparse event camera data. As a departure from conventional input encoding methods, FLAME presents Event Attention Layer, a novel feature extractor that leverages neuromorphic dynamics (Leaky Integrate-and-Fire (LIF)) to directly capture multi-timescale features from event streams. The feature extractor is integrates with a structured state-space model with a novel Event-Aware HiPPO (EA-HiPPO) mechanism that dynamically adapts memory retention based on inter-event intervals to understand relationship across varying temporal scales and event sequences. A Normal Plus Low Rank (NPLR) decomposition reduces the computational complexity of state update from $\mathcal{O}(N^2)$ to $\mathcal{O}(Nr)$, where $N$ represents the dimension of the core state vector and $r$ is the rank of a low-rank component (with $r \ll N$). FLAME demonstrates state-of-the-art accuracy for event-by-event processing on complex event camera datasets.",https://papers.nips.cc/paper_files/paper/2025/hash/1b71649968436c64a765e469ab6b615c-Abstract-Conference.html,included,event_to_spike;temporal_modeling;architecture;classification_recognition,core,FLAME directly combines LIF-based event-by-event feature extraction with adaptive SSM memory; the spiking component is central even though the full model is hybrid.,exclude,,exclude,Its SSM-based long-memory mechanism is outside the confirmed advisor extension; it remains Survey Core as SNN-event intersection evidence.,survey_core,no,Codex semantic review of complete title + complete official abstract,not_needed,
NeurIPS2025-2978,FlexEvent: Towards Flexible Event-Frame Object Detection at Varying Operational Frequencies,2025,NeurIPS,Main Conference Track,yes,yes,c362fcd5380b04e9e04b73e8284f2c2241bec2a6d3bd987363ce07970b4e3724,"Event cameras offer unparalleled advantages for real-time perception in dynamic environments, thanks to the microsecond-level temporal resolution and asynchronous operation. Existing event detectors, however, are limited by fixed-frequency paradigms and fail to fully exploit the high-temporal resolution and adaptability of event data. To address these limitations, we propose FlexEvent, a novel framework that enables detection at varying frequencies. Our approach consists of two key components: FlexFuse, an adaptive event-frame fusion module that integrates high-frequency event data with rich semantic information from RGB frames, and FlexTune, a frequency-adaptive fine-tuning mechanism that generates frequency-adjusted labels to enhance model generalization across varying operational frequencies. This combination allows our method to detect objects with high accuracy in both fast-moving and static scenarios, while adapting to dynamic environments. Extensive experiments on large-scale event camera datasets demonstrate that our approach surpasses state-of-the-art methods, achieving significant improvements in both standard and high-frequency settings. Notably, our method maintains robust performance when scaling from 20 Hz to 90 Hz and delivers accurate detection up to 180 Hz, proving its effectiveness in extreme conditions. Our framework sets a new benchmark for event-based object detection and paves the way for more adaptable, real-time vision systems.",https://papers.nips.cc/paper_files/paper/2025/hash/8064e4ebbcbe594628887b420956d8c3-Abstract-Conference.html,background,detection;temporal_modeling,reference,FlexEvent supplies non-spiking variable-frequency event detection evidence.,discussion,frequency;task_generalization;scalability_efficiency,reference,Frequency-flexible inference is directly relevant to SECNet generalization.,retained_reference,no,Codex semantic review of complete title + complete official abstract,not_needed,
NeurIPS2025-4041,Fully Spiking Neural Networks for Unified Frame-Event Object Tracking,2025,NeurIPS,Main Conference Track,yes,yes,5cfb9a6eedeba9198bcbb702405307e4654a9348eb096fb1f4d4f09732f20045,"The integration of image and event streams offers a promising approach for achieving robust visual object tracking in complex environments. However, current fusion methods achieve high performance at the cost of significant computational overhead and struggle to efficiently extract the sparse, asynchronous information from event streams, failing to leverage the energy-efficient advantages of event-driven spiking paradigms. To address this challenge, we propose the first fully Spiking Frame-Event Tracking framework called SpikeFET. This network achieves synergistic integration of convolutional local feature extraction and Transformer-based global modeling within the spiking paradigm, effectively fusing frame and event data. To overcome the degradation of translation invariance caused by convolutional padding, we introduce a Random Patchwork Module (RPM) that eliminates positional bias through randomized spatial reorganization and learnable type encoding while preserving residual structures. Furthermore, we propose a Spatial-Temporal Regularization (STR) strategy that overcomes similarity metric degradation from asymmetric features by enforcing spatio-temporal consistency among temporal template features in latent space. Extensive experiments across multiple benchmarks demonstrate that the proposed framework achieves superior tracking accuracy over existing methods while significantly reducing power consumption, attaining an optimal balance between performance and efficiency.",https://papers.nips.cc/paper_files/paper/2025/hash/af752cfbdcc6fd3e4cd0eea9f1ad0fab-Abstract-Conference.html,anchor,architecture;tracking;event_to_spike;efficiency_hardware,core,"SpikeFET is the first fully spiking frame-event tracker and directly addresses fusion, spatiotemporal regularization, accuracy, and power.",discussion,snn_hybrid;task_generalization;hardware,reference,It is a strong fully spiking downstream comparator for SECNet extensions.,survey_core,no,Codex semantic review of complete title + complete official abstract,not_needed,
NeurIPS2025-2173,GS2E: Gaussian Splatting is an Effective Data Generator for Event Stream Generation,2025,NeurIPS,Datasets and Benchmarks Track,yes,yes,07016be81c23f895ab1f5389eddc694970a0fadb559c1945e64cc1087774aceb,"We introduce GS2E (Gaussian Splatting to Event Generation), a large-scale synthetic event dataset designed for high-fidelity event vision tasks, captured from real-world sparse multi-view RGB images. Existing event datasets are often synthesized from dense RGB videos, which typically suffer from limited viewpoint diversity and geometric inconsistency, or rely on expensive, hard-to-scale hardware setups. GS2E addresses these limitations by first reconstructing photorealistic static scenes using 3D Gaussian Splatting, followed by a novel, physically-informed event simulation pipeline. This pipeline integrates adaptive trajectory interpolation with physically-consistent event contrast threshold modeling. As a result, it generates temporally dense and geometrically consistent event streams under diverse motion and lighting conditions, while maintaining strong alignment with the underlying scene structure. Experimental results on event-based 3D reconstruction highlight GS2E’s superior generalization capabilities and its practical value as a benchmark for advancing event vision research.",https://papers.nips.cc/paper_files/paper/2025/hash/5dd2d7a5dba72af7a2d78128e02514f4-Abstract-Datasets_and_Benchmarks_Track.html,background,datasets_benchmarks;robustness_open_challenges,reference,"GS2E contributes synthetic event data and threshold modeling background, without SNNs.",discussion,datasets;task_generalization,reference,Scalable event generation can support broader SECNet evaluation.,retained_reference,no,Codex semantic review of complete title + complete official abstract,not_needed,
NeurIPS2025-1367,HetSyn: Versatile Timescale Integration in Spiking Neural Networks via Heterogeneous Synapses,2025,NeurIPS,Main Conference Track,yes,yes,43f99fa3cdb039422c3839a7b5d02fca54de9f0831c7ca8dbb971dbb5f120e10,"Spiking Neural Networks (SNNs) offer a biologically plausible and energy-efficient framework for temporal information processing. However, existing studies overlook a fundamental property widely observed in biological neurons—synaptic heterogeneity, which plays a crucial role in temporal processing and cognitive capabilities. To bridge this gap, we introduce HetSyn, a generalized framework that models synaptic heterogeneity with synapse-specific time constants. This design shifts temporal integration from the membrane potential to the synaptic current, enabling versatile timescale integration and allowing the model to capture diverse synaptic dynamics. We implement HetSyn as HetSynLIF, an extended form of the leaky integrate-and-fire (LIF) model equipped with synapse-specific decay dynamics. By adjusting the parameter configuration, HetSynLIF can be specialized into vanilla LIF neurons, neurons with threshold adaptation, and neuron-level heterogeneous models. We demonstrate that HetSynLIF not only improves the performance of SNNs across a variety of tasks—including pattern generation, delayed match-to-sample, speech recognition, and visual recognition—but also exhibits strong robustness to noise, enhanced working memory performance, efficiency under limited neuron resources, and generalization across timescales. In addition, analysis of the learned synaptic time constants reveals trends consistent with empirical observations in biological synapses. These findings underscore the significance of synaptic heterogeneity in enabling efficient neural computation, offering new insights into brain-inspired temporal modeling. Code available at: https://github.com/dzcgood/HetSyn.",https://papers.nips.cc/paper_files/paper/2025/hash/3a4e2c6a07ede771fbe53201d31df1e9-Abstract-Conference.html,background,temporal_modeling;architecture,reference,Heterogeneous synaptic time constants are useful generic SNN temporal-dynamics background.,discussion,snn_hybrid,reference,Multi-timescale synapses offer a concrete alternative memory mechanism.,retained_reference,no,Codex semantic review of complete title + complete official abstract,not_needed,
NeurIPS2025-1061,Injecting Frame-Event Complementary Fusion into Diffusion for Optical Flow in Challenging Scenes,2025,NeurIPS,Main Conference Track,yes,yes,4d11790cef019b9d7b64dc76885e31f7948cdeb56ae48f33c6cb5bc48e993430,"Optical flow estimation has achieved promising results in conventional scenes but faces challenges in high-speed and low-light scenes, which suffer from motion blur and insufficient illumination. These conditions lead to weakened texture and amplified noise and deteriorate the appearance saturation and boundary completeness of frame cameras, which are necessary for motion feature matching. In degraded scenes, the frame camera provides dense appearance saturation but sparse boundary completeness due to its long imaging time and low dynamic range. In contrast, the event camera offers sparse appearance saturation, while its short imaging time and high dynamic range gives rise to dense boundary completeness. Traditionally, existing methods utilize feature fusion or domain adaptation to introduce event to improve boundary completeness. However, the appearance features are still deteriorated, which severely affects the mostly adopted discriminative models that learn the mapping from visual features to motion fields and generative models that generate motion fields based on given visual features. So we introduce diffusion models that learn the mapping from noising flow to clear flow, which is not affected by the deteriorated visual features. Therefore, we propose a novel optical flow estimation framework Diff-ABFlow based on diffusion models with frame-event appearance-boundary fusion. Inspired by the appearance-boundary complementarity of frame and event, we propose an Attention-Guided Appearance-Boundary Fusion module to fuse frame and event. Based on diffusion models, we propose a Multi-Condition Iterative Denoising Decoder. Our proposed method can effectively utilize the respective advantages of frame and event, and shows great robustness to degraded input. In addition, we propose a dual-modal optical flow dataset for generalization experiments. Extensive experiments have verified the superiority of our proposed method. The code is released at .",https://papers.nips.cc/paper_files/paper/2025/hash/2d7b46ab7623124c2705683dea36fbef-Abstract-Conference.html,background,temporal_modeling;robustness_open_challenges,reference,Frame-event diffusion optical flow is event-side challenging-scene background without SNNs.,watch,task_generalization;datasets,reference,"It offers a robustness task and dataset, but is architecturally distant.",retained_reference,no,Codex semantic review of complete title + complete official abstract,not_needed,
NeurIPS2025-1351,Learning the Plasticity: Plasticity-Driven Learning Framework in Spiking Neural Networks,2025,NeurIPS,Main Conference Track,no,yes,40b6f0b3980e2fcb418ae77ca63d979d7e40170d38df5370ccdc6e49e9d664df,"The evolution of the human brain has led to the development of complex synaptic plasticity, enabling dynamic adaptation to a constantly evolving world. This progress inspires our exploration into a new paradigm for Spiking Neural Networks (SNNs): a Plasticity-Driven Learning Framework (PDLF). This paradigm diverges from traditional neural network models that primarily focus on direct training of synaptic weights, leading to static connections that limit adaptability in dynamic environments. Instead, our approach delves into the heart of synaptic behavior, prioritizing the learning of plasticity rules themselves. This shift in focus from weight adjustment to mastering the intricacies of synaptic change offers a more flexible and dynamic pathway for neural networks to evolve and adapt. Our PDLF does not merely adapt existing concepts of functional and Presynaptic-Dependent Plasticity but redefines them, aligning closely with the dynamic and adaptive nature of biological learning. This reorientation enhances key cognitive abilities in artificial intelligence systems, such as working memory and multitasking capabilities, and demonstrates superior adaptability in complex, real-world scenarios. Moreover, our framework sheds light on the intricate relationships between various forms of plasticity and cognitive functions, thereby contributing to a deeper understanding of the brain's learning mechanisms. Integrating this groundbreaking plasticity-centric approach in SNNs marks a significant advancement in the fusion of neuroscience and artificial intelligence. It paves the way for developing AI systems that not only learn but also adapt in an ever-changing world, much like the human brain.",https://papers.nips.cc/paper_files/paper/2025/hash/39a87410a26f35d7fce01a32909e2e37-Abstract-Conference.html,exclude,,exclude,Generic biologically motivated SNN plasticity lacks event-camera evidence and a focused survey role.,exclude,,exclude,The broad plasticity framework is not directly actionable for SECNet.,excluded_from_active_corpus,no,Codex semantic review of complete title + complete official abstract,not_needed,
NeurIPS2025-5098,MI-TRQR: Mutual Information-Based Temporal Redundancy Quantification and Reduction for Energy-Efficient Spiking Neural Networks,2025,NeurIPS,Main Conference Track,yes,yes,2471d03222d0d87bde11ee651514db06d74833775619c2c208dd1a993777410c,"Brain-inspired spiking neural networks (SNNs) provide energy-efficient computation through event-driven processing. However, the shared weights across multiple timesteps lead to serious temporal feature redundancy, limiting both efficiency and performance. This issue is further aggravated when processing static images due to the duplicated input. To mitigate this problem, we propose a parameter-free and plug-and-play module named Mutual Information-based Temporal Redundancy Quantification and Reduction (MI-TRQR), constructing energy-efficient SNNs. Specifically, Mutual Information (MI) is properly introduced to quantify redundancy between discrete spike features at different timesteps on two spatial scales: pixel (local) and the entire spatial features (global). Based on the multi-scale redundancy quantification, we apply a probabilistic masking strategy to remove redundant spikes. The final representation is subsequently recalibrated to account for the spike removal. Extensive experimental results demonstrate that our MI-TRQR achieves sparser spiking firing, higher energy efficiency, and better performance concurrently with different SNN architectures in tasks of neuromorphic data classification, static data classification, and time-series forecasting. Notably, MI-TRQR increases accuracy by \textbf{1.7\%} on CIFAR10-DVS with 4 timesteps while reducing energy cost by \textbf{37.5\%}. Our codes are available at https://github.com/dfxue/MI-TRQR.",https://papers.nips.cc/paper_files/paper/2025/hash/dfb89b72be941eeeaeb5ee53bd3e7fc1-Abstract-Conference.html,background,temporal_modeling;efficiency_hardware;architecture,reference,MI-based spike redundancy reduction is generic SNN efficiency background; CIFAR10-DVS is benchmark-only.,discussion,scalability_efficiency;snn_hybrid,reference,Temporal redundancy reduction is directly relevant to scaling an SNN branch.,retained_reference,no,Codex semantic review of complete title + complete official abstract,not_needed,
NeurIPS2025-2213,Multiplication-Free Parallelizable Spiking Neurons with Efficient Spatio-Temporal Dynamics,2025,NeurIPS,Main Conference Track,yes,yes,1de70cdbcc20c70967a2ae2ba40e559119c45531904736c25f357807a36230b1,"Spiking Neural Networks (SNNs) are distinguished from Artificial Neural Networks (ANNs) for their complex neuronal dynamics and sparse binary activations (spikes) inspired by the biological neural system. Traditional neuron models use iterative step-by-step dynamics, resulting in serial computation and slow training speed of SNNs. Recently, parallelizable spiking neuron models have been proposed to fully utilize the massive parallel computing ability of graphics processing units to accelerate the training of SNNs. However, existing parallelizable spiking neuron models involve dense floating operations and can only achieve high long-term dependencies learning ability with a large order at the cost of huge computational and memory costs. To solve the dilemma of performance and costs, we propose the mul-free channel-wise Parallel Spiking Neuron, which is hardware-friendly and suitable for SNNs’ resource-restricted application scenarios. The proposed neuron imports the channel-wise convolution to enhance the learning ability, induces the sawtooth dilations to reduce the neuron order, and employs the bit-shift operation to avoid multiplications. The algorithm for the design and implementation of acceleration methods is discussed extensively. Our methods are validated in neuromorphic Spiking Heidelberg Digits voices, sequential CIFAR images, and neuromorphic DVS-Lip vision datasets, achieving superior performance over SOTA spiking neurons. Training speed results demonstrate the effectiveness of our acceleration methods, providing a practical reference for future research. Our code is available at Github.",https://papers.nips.cc/paper_files/paper/2025/hash/5f40a99efedc1148a061d80201949c84-Abstract-Conference.html,background,temporal_modeling;efficiency_hardware;architecture,reference,Parallel multiplication-free neurons provide generic SNN dynamics/hardware background; DVS-Lip is benchmark-only.,discussion,hardware;scalability_efficiency;snn_hybrid,reference,Hardware-friendly parallel dynamics are a practical comparator.,retained_reference,no,Codex semantic review of complete title + complete official abstract,not_needed,
NeurIPS2025-5608,PASS: Path-selective State Space Model for Event-based Recognition,2025,NeurIPS,Main Conference Track,yes,yes,c2d4daeeb07aa0d1540543f6426c94e5f4473b7adfd4a7e51db6421293a73c93,"Event cameras are bio-inspired sensors that capture intensity changes asynchronously with distinct advantages, such as high temporal resolution. Existing methods for event-based object/action recognition predominantly sample and convert event representation at every fixed temporal interval (or frequency). However, they are constrained to processing a limited number of event lengths and show poor frequency generalization, thus not fully leveraging the event's high temporal resolution. In this paper, we present our PASS framework, exhibiting superior capacity for spatiotemporal event modeling towards a larger number of event lengths and generalization across varying inference temporal frequencies. Our key insight is to learn adaptively encoded event features via the state space models (SSMs), whose linear complexity and generalization on input frequency make them ideal for processing high temporal resolution events. Specifically, we propose a Path-selective Event Aggregation and Scan (PEAS) module to encode events into features with fixed dimensions by adaptively scanning and selecting aggregated event presentation. On top of it, we introduce a novel Multi-faceted Selection Guiding (MSG) loss to minimize the randomness and redundancy of the encoded features during the PEAS selection process. Our method outperforms prior methods on five public datasets and shows strong generalization across varying inference frequencies with less accuracy drop (ours -8.62% v.s. -20.69% for the baseline). Moreover, our model exhibits strong long spatiotemporal modeling for a broader distribution of event length (1-10^9), precise temporal perception, and effective generalization for real-world scenarios. Code and checkpoints will be released upon acceptance.",https://papers.nips.cc/paper_files/paper/2025/hash/f5dbd98d426772945099ccace06418ba-Abstract-Conference.html,background,representation_slicing;temporal_modeling;classification_recognition,reference,PASS is strong event-side SSM representation and frequency-generalization background but non-spiking.,exclude,,exclude,"Its frequency means inference/window rate and its method is SSM-based, so it is outside the confirmed FFT/SNN extension.",retained_reference,no,Codex semantic review of complete title + complete official abstract,not_needed,
NeurIPS2025-5316,Proxy Target: Bridging the Gap Between Discrete Spiking Neural Networks and Continuous Control,2025,NeurIPS,Main Conference Track,no,yes,eaec36d49cd870d2d79218d437051d93dcefe9b87aa83efec65e49e310285741,"Spiking Neural Networks (SNNs) offer low-latency and energy-efficient decision making on neuromorphic hardware, making them attractive for Reinforcement Learning (RL) in resource-constrained edge devices. However, most RL algorithms for continuous control are designed for Artificial Neural Networks (ANNs), particularly the target network soft update mechanism, which conflicts with the discrete and non-differentiable dynamics of spiking neurons. We show that this mismatch destabilizes SNN training and degrades performance. To bridge the gap between discrete SNNs and continuous-control algorithms, we propose a novel proxy target framework. The proxy network introduces continuous and differentiable dynamics that enable smooth target updates, stabilizing the learning process. Since the proxy operates only during training, the deployed SNN remains fully energy-efficient with no additional inference overhead. Extensive experiments on continuous control benchmarks demonstrate that our framework consistently improves stability and achieves up to $32$% higher performance across various spiking neuron models. Notably, to the best of our knowledge, this is the first approach that enables SNNs with simple Leaky Integrate and Fire (LIF) neurons to surpass their ANN counterparts in continuous control. This work highlights the importance of SNN-tailored RL algorithms and paves the way for neuromorphic agents that combine high performance with low power consumption. Code is available at https://github.com/xuzijie32/Proxy-Target.",https://papers.nips.cc/paper_files/paper/2025/hash/e95eb5206c867be843fbc14bbfe8c10e-Abstract-Conference.html,exclude,,exclude,SNN continuous-control reinforcement learning is outside event-camera vision.,exclude,,exclude,No SECNet relation is present.,excluded_from_active_corpus,no,Codex semantic review of complete title + complete official abstract,not_needed,
NeurIPS2025-3390,Re-coding for Uncertainties: Edge-awareness Semantic Concordance for Resilient Event-RGB Segmentation,2025,NeurIPS,Main Conference Track,yes,yes,971eba4215c61c8f516cc1c66af724b0cbab23f1415f039ba8de4c481fe4a84b,"Semantic segmentation has achieved great success in ideal conditions. However, when facing extreme conditions (e.g., insufficient light, fierce camera motion), most existing methods suffer from significant information loss of RGB, severely damaging segmentation results. Several researches exploit the high-speed and high-dynamic event modality as a complement, but event and RGB are naturally heterogeneous, which leads to feature-level mismatch and inferior optimization of existing multi-modality methods. Different from these researches, we delve into the edge secret of both modalities for resilient fusion and propose a novel Edge-awareness Semantic Concordance framework to unify the multi-modality heterogeneous features with latent edge cues. In this framework, we first propose Edge-awareness Latent Re-coding, which obtains uncertainty indicators while realigning event-RGB features into unified semantic space guided by re-coded distribution, and transfers event-RGB distributions into re-coded features by utilizing a pre-established edge dictionary as clues. We then propose Re-coded Consolidation and Uncertainty Optimization, which utilize re-coded edge features and uncertainty indicators to solve the heterogeneous event-RGB fusion issues under extreme conditions. We establish two synthetic and one real-world event-RGB semantic segmentation datasets for extreme scenario comparisons. Experimental results show that our method outperforms the state-of-the-art by a 2.55% mIoU on our proposed DERS-XS, and possesses superior resilience under spatial occlusion. Our code and datasets are publicly available at https://github.com/iCVTEAM/ESC.",https://papers.nips.cc/paper_files/paper/2025/hash/92c020da2740ec2ace29e8e7d69b4483-Abstract-Conference.html,background,pose_depth_segmentation;robustness_open_challenges,reference,Event-RGB segmentation under extreme conditions is non-spiking event-side robustness background.,watch,task_generalization;datasets,reference,It offers a robust dense-task benchmark.,retained_reference,no,Codex semantic review of complete title + complete official abstract,not_needed,
NeurIPS2025-4822,Rethinking Scale-Aware Temporal Encoding for Event-based Object Detection,2025,NeurIPS,Main Conference Track,yes,yes,a4fd177475178b28f1a4423e2c732fa0ad2aa9faf59aef9a52e63a5743b72d83,"Event cameras provide asynchronous, low-latency, and high-dynamic-range visual signals, making them ideal for real-time perception tasks such as object detection. However, effectively modeling the temporal dynamics of event streams remains a core challenge. Most existing methods follow frame-based detection paradigms, applying temporal modules only at high-level features, which limits early-stage temporal modeling. Transformer-based approaches introduce global attention to capture long-range dependencies, but often add unnecessary complexity and overlook fine-grained temporal cues. In this paper, we propose a CNN-RNN hybrid framework that rethinks temporal modeling for event-based object detection. Our approach is based on two key insights: (1) introducing recurrent modules at lower spatial scales to preserve detailed temporal information where events are most dense, and (2) utilizing Decoupled Deformable-enhanced Recurrent Layers specifically designed according to the inherent motion characteristics of event cameras to extract multiple spatiotemporal features, and performing independent downsampling at multiple spatiotemporal scales to enable flexible, scale-aware representation learning. These multi-scale features are then fused via a feature pyramid network to produce robust detection outputs. Experiments on Gen1, 1 Mpx and eTram dataset demonstrate that our approach achieves superior accuracy over recent transformer-based models, highlighting the importance of precise temporal feature extraction in early stages. This work offers a new perspective on designing architectures for event-driven vision beyond attention-centric paradigms. Code: https://github.com/BIT-Vision/SATE.",https://papers.nips.cc/paper_files/paper/2025/hash/d450dceeacd6083d1d550247377f2320-Abstract-Conference.html,background,detection;temporal_modeling;representation_slicing,reference,Scale-aware recurrent event detection gives strong non-spiking temporal architecture background.,discussion,grouping_sampling;task_generalization;scalability_efficiency,reference,Early multi-scale temporal encoding is a useful Event Cloud comparator.,retained_reference,no,Codex semantic review of complete title + complete official abstract,not_needed,
NeurIPS2025-4224,S$^2$M-Former: Spiking Symmetric Mixing Branchformer for Brain Auditory Attention Detection,2025,NeurIPS,Main Conference Track,no,yes,fc000dfaf0b98ecfdb66dd3ba89a8cca26805395dbeba7ea1d38d848bf761b78,"Auditory attention detection (AAD) aims to decode listeners' focus in complex auditory environments from electroencephalography (EEG) recordings, which is crucial for developing neuro-steered hearing devices. Despite recent advancements, EEG-based AAD remains hindered by the absence of synergistic frameworks that can fully leverage complementary EEG features under energy-efficiency constraints. We propose ***S$^2$M-Former***, a novel ***s***piking ***s***ymmetric ***m***ixing framework to address this limitation through two key innovations: i) Presenting a spike-driven symmetric architecture composed of parallel spatial and frequency branches with mirrored modular design, leveraging biologically plausible token-channel mixers to enhance complementary learning across branches; ii) Introducing lightweight 1D token sequences to replace conventional 3D operations, reducing parameters by 14.7$\times$. The brain-inspired spiking architecture further reduces power consumption, achieving a 5.8$\times$ energy reduction compared to recent ANN methods, while also surpassing existing SNN baselines in terms of parameter efficiency and performance. Comprehensive experiments on three AAD benchmarks (KUL, DTU and AV-GC-AAD) across three settings (within-trial, cross-trial and cross-subject) demonstrate that S$^2$M-Former achieves comparable state-of-the-art (SOTA) decoding accuracy, making it a promising low-power, high-performance solution for AAD tasks. Code is available at https://github.com/JackieWang9811/S2M-Former.",https://papers.nips.cc/paper_files/paper/2025/hash/b8330f5b70b3c53172417deac6f057b1-Abstract-Conference.html,exclude,,exclude,Spiking auditory attention detection is outside visual event streams.,exclude,,exclude,No SECNet relation is present.,excluded_from_active_corpus,no,Codex semantic review of complete title + complete official abstract,not_needed,
NeurIPS2025-1514,S$^2$NN: Sub-bit Spiking Neural Networks,2025,NeurIPS,Main Conference Track,yes,yes,af3c3e39f4fa1d5690642869c62a5865671af539213be99f9fe0329ad984244e,"Spiking Neural Networks (SNNs) offer an energy-efficient paradigm for machine intelligence, but their continued scaling poses challenges for resource-limited deployment. Despite recent advances in binary SNNs, the storage and computational demands remain substantial for large-scale networks. To further explore the compression and acceleration potential of SNNs, we propose Sub-bit Spiking Neural Networks (S$^2$NNs) that represent weights with less than one bit. Specifically, we first establish an S$^2$NN baseline by leveraging the clustering patterns of kernels in well-trained binary SNNs. This baseline is highly efficient but suffers from \textit{outlier-induced codeword selection bias} during training. To mitigate this issue, we propose an \textit{outlier-aware sub-bit weight quantization} (OS-Quant) method, which optimizes codeword selection by identifying and adaptively scaling outliers. Furthermore, we propose a \textit{membrane potential-based feature distillation} (MPFD) method, improving the performance of highly compressed S$^2$NN via more precise guidance from a teacher model. Extensive results on vision reveal that S$^2$NN outperforms existing quantized SNNs in both performance and efficiency, making it promising for edge computing applications.",https://papers.nips.cc/paper_files/paper/2025/hash/40cba0984b4a2fa3b9f3e1231572e128-Abstract-Conference.html,background,architecture;efficiency_hardware,reference,Sub-bit SNN compression is generic deployment background without event-camera data.,watch,hardware;scalability_efficiency;snn_hybrid,reference,It is adjacent edge-deployment work.,retained_reference,no,Codex semantic review of complete title + complete official abstract,not_needed,
NeurIPS2025-1437,SPACE: SPike-Aware Consistency Enhancement for Test-Time Adaptation in Spiking Neural Networks,2025,NeurIPS,Main Conference Track,yes,yes,14e6ee18d457ae1526cc549698152a47f803859c573e9be31b9073dd2c5b2d47,"Spiking Neural Networks (SNNs), as a biologically plausible alternative to Artificial Neural Networks (ANNs), have demonstrated advantages in terms of energy efficiency, temporal processing, and biological plausibility. However, SNNs are highly sensitive to distribution shifts, which can significantly degrade their performance in real-world scenarios. Traditional test-time adaptation (TTA) methods designed for ANNs often fail to address the unique computational dynamics of SNNs, such as sparsity and temporal spiking behavior. To address these challenges, we propose SPike-Aware Consistency Enhancement (SPACE), the first source-free and single-instance TTA method specifically designed for SNNs. SPACE leverages the inherent spike dynamics of SNNs to maximize the consistency of spike-behavior-based local feature maps across augmented versions of a single test sample, enabling robust adaptation without requiring source data. We evaluate SPACE on multiple datasets. Furthermore, SPACE exhibits robust generalization across diverse network architectures, consistently enhancing the performance of SNNs on CNNs, Transformer, and ConvLSTM architectures. Experimental results show that SPACE outperforms state-of-the-art ANN methods while maintaining lower computational cost, highlighting its effectiveness and robustness for SNNs in real-world settings. The code will be available at https://github.com/ethanxyluo/SPACE.",https://papers.nips.cc/paper_files/paper/2025/hash/3d9f111e9139bb008ffdfc6b466f3bf5-Abstract-Conference.html,background,robustness_open_challenges;learning,reference,Spike-aware test-time adaptation is generic SNN robustness background without event-camera evidence.,watch,snn_hybrid;task_generalization,reference,Adaptation is adjacent generalization inspiration.,retained_reference,no,Codex semantic review of complete title + complete official abstract,not_needed,
NeurIPS2025-1577,Spik-NeRF: Spiking Neural Networks for Neural Radiance Fields,2025,NeurIPS,Main Conference Track,no,yes,1259d0c8912759aee0942084818e8b452646d56eaa2634cf952a8a24d97f7d7a,"Spiking Neural Networks (SNNs), as a biologically inspired neural network architecture, have garnered significant attention due to their exceptional energy efficiency and increasing potential for various applications. In this work, we extend the use of SNNs to neural rendering tasks and introduce Spik-NeRF (Spiking Neural Radiance Fields). We observe that the binary spike activation map of traditional SNNs lacks sufficient information capacity, leading to information loss and a subsequent decline in the performance of spiking neural rendering models. To address this limitation, we propose the use of ternary spike neurons, which enhance the information-carrying capacity in the spiking neural rendering model. With ternary spike neurons, Spik-NeRF achieves performance that is on par with, or nearly identical to, traditional ANN-based rendering models. Additionally, we present a re-parameterization technique for inference that allows Spik-NeRF with ternary spike neurons to retain the event-driven, multiplication-free advantages typical of binary spike neurons. Furthermore, to further boost the performance of Spik-NeRF, we employ a distillation method, using an ANN-based NeRF to guide the training of our Spik-NeRF model, which is more compatible with the ternary neurons compared to the standard binary neurons. We evaluate Spik-NeRF on both realistic and synthetic scenes, and the experimental results demonstrate that Spik-NeRF achieves rendering performance comparable to ANN-based NeRF models.",https://papers.nips.cc/paper_files/paper/2025/hash/43a69d143273bd8215578bde887bb552-Abstract-Conference.html,exclude,,exclude,Spiking NeRF uses ordinary scene samples rather than event cameras and is not necessary to the intersection.,exclude,,exclude,Neural rendering is outside SECNet.,excluded_from_active_corpus,no,Codex semantic review of complete title + complete official abstract,not_needed,
NeurIPS2025-0382,Spike-RetinexFormer: Rethinking Low-light Image Enhancement with Spiking Neural Networks,2025,NeurIPS,Main Conference Track,no,yes,3316b9eccfac958d6cae6c715687fd6aa657d88c98baf1ac47db6eed7fdd33d1,"Low-light image enhancement (LLIE) aims to improve the visibility and quality of images captured under poor illumination. However, existing deep enhancement methods often underemphasize computational efficiency, leading to high energy and memory costs. We propose \textbf{Spike-RetinexFormer}, a novel LLIE architecture that synergistically integrates Retinex theory, spiking neural networks (SNNs) and a Transformer-based design. Leveraging sparse spike-driven computation, the model reduces theoretical compute energy and memory traffic relative to ANN counterparts. Across standard benchmarks, the method matches or surpasses strong ANNs (25.50 dB on LOL-v1; 30.37 dB on SDSD-out) with comparable parameters and lower theoretical energy. Our work pioneers the synergistic integration of SNNs into Transformer architectures for LLIE, establishing a compelling pathway toward powerful, energy-efficient low-level vision on resource-constrained platforms.",https://papers.nips.cc/paper_files/paper/2025/hash/10ba36411c4651fca95a1822fc83863d-Abstract-Conference.html,exclude,,exclude,SNN low-light enhancement uses ordinary images and does not address event cameras.,exclude,,exclude,The task is outside SECNet.,excluded_from_active_corpus,no,Codex semantic review of complete title + complete official abstract,not_needed,
NeurIPS2025-2187,Spiking Meets Attention: Efficient Remote Sensing Image Super-Resolution with Attention Spiking Neural Networks,2025,NeurIPS,Main Conference Track,no,yes,15ae442fac7192091ede464e5182073d041941b76bba112db5ce383b2688b5fb,"Spiking neural networks (SNNs) are emerging as a promising alternative to traditional artificial neural networks (ANNs), offering biological plausibility and energy efficiency. Despite these merits, SNNs are frequently hampered by limited capacity and insufficient representation power, yet remain underexplored in remote sensing image (RSI) super-resolution (SR) tasks. In this paper, we first observe that spiking signals exhibit drastic intensity variations across diverse textures, highlighting an active learning state of the neurons. This observation motivates us to apply SNNs for efficient SR of RSIs. Inspired by the success of attention mechanisms in representing salient information, we devise the spiking attention block (SAB), a concise yet effective component that optimizes membrane potentials through inferred attention weights, which, in turn, regulates spiking activity for superior feature representation. Our key contributions include: 1) we bridge the independent modulation between temporal and channel dimensions, facilitating joint feature correlation learning, and 2) we access the global self-similar patterns in large-scale remote sensing imagery to infer spatial attention weights, incorporating effective priors for realistic and faithful reconstruction. Building upon SAB, we proposed SpikeSR, which achieves state-of-the-art performance across various remote sensing benchmarks such as AID, DOTA, and DIOR, while maintaining high computational efficiency. Code of SpikeSR will be available at https://github.com/XY-boy/SpikeSR.",https://papers.nips.cc/paper_files/paper/2025/hash/5e3f2028c5a78fbfb6e1754b7cfb6153-Abstract-Conference.html,exclude,,exclude,Remote-sensing SNN super-resolution is outside event-camera vision.,exclude,,exclude,No SECNet relation is present.,excluded_from_active_corpus,no,Codex semantic review of complete title + complete official abstract,not_needed,
NeurIPS2025-3455,Spiking Neural Networks Need High-Frequency Information,2025,NeurIPS,Main Conference Track,yes,yes,83a9a2dcadfd901670b6275bafabbdc1baae1eb0fad54f3fb6f17b628ecf30c4,"Spiking Neural Networks promise brain-inspired and energy-efficient computation by transmitting information through binary (0/1) spikes. Yet, their performance still lags behind that of artificial neural networks, often assumed to result from information loss caused by sparse and binary activations. In this work, we challenge this long-standing assumption and reveal a previously overlooked frequency bias: spiking neurons inherently suppress high-frequency components and preferentially propagate low-frequency information. This frequency-domain imbalance, we argue, is the root cause of degraded feature representation in SNNs. Empirically, on Spiking Transformers, adopting Avg-Pooling (low-pass) for token mixing lowers performance to 76.73% on Cifar-100, whereas replacing it with Max-Pool (high-pass) pushes the top-1 accuracy to 79.12%. Accordingly, we introduce Max-Former that restores high-frequency signals through two frequency-enhancing operators: (1) extra Max-Pool in patch embedding, and (2) Depth-Wise Convolution in place of self-attention. Notably, Max-Former attains 82.39% top-1 accuracy on ImageNet using only 63.99M parameters, surpassing Spikformer (74.81%, 66.34M) by +7.58%. Extending our insight beyond transformers, our Max-ResNet-18 achieves state-of-the-art performance on convolution-based benchmarks: 97.17% on CIFAR-10 and 83.06% on CIFAR-100. We hope this simple yet effective solution inspires future research to explore the distinctive nature of spiking neural networks. Code is available: https://github.com/bic-L/MaxFormer.",https://papers.nips.cc/paper_files/paper/2025/hash/956834836f36dd07df7064ff42ca69f2-Abstract-Conference.html,background,architecture;temporal_modeling,reference,"This generic SNN frequency-bias analysis is important Advisor evidence and remains a Survey reference, but it is not event-camera-specific and is not needed in the first strict Survey Core pass.",method_chain,frequency;snn_hybrid,required,"The PDF uses Fourier/Z-domain analysis to expose the low-pass bias of spiking neurons and restores high-frequency content with Max-Pool/DWC; it supplies frequency rationale, not an FFT layer.",advisor_required,no,Codex semantic review of complete title + complete official abstract,checked_conference_pdf,The paper analyzes SNN frequency response in Fourier/Z domains and uses high-pass operators rather than an FFT layer.
NeurIPS2025-1607,SpikingVTG: A Spiking Detection Transformer for Video Temporal Grounding,2025,NeurIPS,Main Conference Track,no,yes,a7434380f1ca0294b467ebd4d117a8e525d3ae535b04140c6bb0de96a519d8d3,"Video Temporal Grounding (VTG) aims to retrieve precise temporal segments in a video conditioned on natural language queries. Unlike conventional neural frameworks that rely heavily on computationally expensive dense matrix multiplications, Spiking Neural Networks (SNNs)—previously underexplored in this domain—offer a unique opportunity to tackle VTG tasks through bio-plausible spike-based communication and an event-driven accumulation-based computational paradigm. We introduce SpikingVTG, a multi-modal spiking detection transformer, designed to harness the computational simplicity and sparsity of SNNs for VTG tasks. Leveraging the temporal dynamics of SNNs, our model introduces a Saliency Feedback Gating (SFG) mechanism that assigns dynamic saliency scores to video clips and applies multiplicative gating to highlight relevant clips while suppressing less informative ones. SFG enhances performance and reduces computational overhead by minimizing neural activity. We analyze the layer-wise convergence dynamics of SFG-enabled model and apply implicit differentiation at equilibrium to enable efficient, BPTT-free training. To improve generalization and maximize performance, we enable knowledge transfer by optimizing a Cos-L2 representation matching loss that aligns the layer-wise representation and attention maps of a non-spiking teacher with those of our student SpikingVTG. Additionally, we present Normalization-Free (NF)-SpikingVTG, which eliminates non-local operations like softmax and layer normalization, and an extremely quantized 1-bit (NF)-SpikingVTG variant for potential deployment on edge devices. Our models achieve competitive results on QVHighlights, Charades-STA, TACoS, and YouTube Highlights, establishing a strong baseline for multi-modal spiking VTG solutions.",https://papers.nips.cc/paper_files/paper/2025/hash/44ed4444d01714694ad6a4478532f330-Abstract-Conference.html,exclude,,exclude,Spiking video-language temporal grounding uses conventional video rather than event cameras.,exclude,,exclude,The multimodal grounding task is outside SECNet.,excluded_from_active_corpus,no,Codex semantic review of complete title + complete official abstract,not_needed,
NeurIPS2025-5334,STEP: A Unified Spiking Transformer Evaluation Platform for Fair and Reproducible Benchmarking,2025,NeurIPS,Datasets and Benchmarks Track,yes,yes,0bb48da16a86a587d7ccb35b32c4f7931148466344ca1b97eeff2bfa62083d21,"Spiking Transformers have recently emerged as promising architectures for combining the efficiency of spiking neural networks with the representational power of self-attention. However, the lack of standardized implementations, evaluation pipelines, and consistent design choices has hindered fair comparison and principled analysis. In this paper, we introduce \textbf{STEP}, a unified benchmark framework for Spiking Transformers that supports a wide range of tasks, including classification, segmentation, and detection across static, event-based, and sequential datasets. STEP provides modular support for diverse components such as spiking neurons, input encodings, surrogate gradients, and multiple backends (e.g., SpikingJelly, BrainCog). Using STEP, we reproduce and evaluate several representative models, and conduct systematic ablation studies on attention design, neuron types, encoding schemes, and temporal modeling capabilities. We also propose a unified analytical model for energy estimation, accounting for spike sparsity, bitwidth, and memory access, and show that quantized ANNs may offer comparable or better energy efficiency. Our results suggest that current Spiking Transformers rely heavily on convolutional frontends and lack strong temporal modeling, underscoring the need for spike-native architectural innovations. The full code is available at: https://github.com/Fancyssc/STEP.",https://papers.nips.cc/paper_files/paper/2025/hash/e9fece10c0f4ffdcf015ab676f370fbd-Abstract-Datasets_and_Benchmarks_Track.html,background,architecture;efficiency_hardware;datasets_benchmarks;robustness_open_challenges,core,"STEP is a formal NeurIPS Datasets and Benchmarks Track paper retained as selected background, not an anchor. Its standardized Spiking Transformer evaluation and energy model uniquely support fair comparison across static, event-based, and sequential data.",discussion,hardware;scalability_efficiency;snn_hybrid;datasets,reference,Its standardized evaluation and energy model are directly useful for a future SNN extension.,survey_core,no,Codex semantic review of complete title + complete official abstract,not_needed,
NeurIPS2025-3720,Synergy Between the Strong and the Weak: Spiking Neural Networks are Inherently Self-Distillers,2025,NeurIPS,Main Conference Track,yes,yes,77c27acc3b802df361d129ffa18438ab0ef59ded9b9e960b7e9b56ba896def7b,"Brain-inspired spiking neural networks (SNNs) promise to be a low-power alternative to computationally intensive artificial neural networks (ANNs), although performance gaps persist. Recent studies have improved the performance of SNNs through knowledge distillation, but rely on large teacher models or introduce additional training overhead. In this paper, we show that SNNs can be naturally deconstructed into multiple submodels for efficient self-distillation. We treat each timestep instance of the SNN as a submodel and evaluate its output confidence, thus efficiently identifying the strong and the weak. Based on this strong and weak relationship, we propose two efficient self-distillation schemes: (1) Strong2Weak: During training, the stronger ""teacher"" guides the weaker ""student"", effectively improving overall performance. (2) Weak2Strong: The weak serve as the ""teacher"", distilling the strong in reverse with underlying dark knowledge, again yielding significant performance gains. For both distillation schemes, we offer flexible implementations such as ensemble, simultaneous, and cascade distillation. Experiments show that our method effectively improves the discriminability and overall performance of the SNN, while its adversarial robustness is also enhanced, benefiting from the stability brought by self-distillation. This ingeniously exploits the temporal properties of SNNs and provides insight into how to efficiently train high-performance SNNs.",https://papers.nips.cc/paper_files/paper/2025/hash/a1a923ac3eb5c02b34423a0b343a24cb-Abstract-Conference.html,background,learning;temporal_modeling,reference,Timestep self-distillation is generic SNN training background without event-camera integration.,watch,snn_hybrid,reference,It is adjacent training inspiration.,retained_reference,no,Codex semantic review of complete title + complete official abstract,not_needed,
NeurIPS2025-1159,Talk2Event: Grounded Understanding of Dynamic Scenes from Event Cameras,2025,NeurIPS,Main Conference Track,yes,yes,b246aa36c789bb25ecbbeeeb80f4ca98226e77d5534ab8f1b2f51bc782a50b80,"Event cameras offer microsecond-level latency and robustness to motion blur, making them ideal for understanding dynamic environments. Yet, connecting these asynchronous streams to human language remains an open challenge. We introduce Talk2Event, the first large-scale benchmark for language-driven object grounding in event-based perception. Built from real-world driving data, Talk2Event provides over 30,000 validated referring expressions, each enriched with four grounding attributes -- appearance, status, relation to viewer, and relation to other objects -- bridging spatial, temporal, and relational reasoning. To fully exploit these cues, we propose EventRefer, an attribute-aware grounding framework that dynamically fuses multi-attribute representations through a Mixture of Event-Attribute Experts (MoEE). Our method adapts to different modalities and scene dynamics, achieving consistent gains over state-of-the-art baselines in event-only, frame-only, and event-frame fusion settings. We hope our dataset and approach will establish a foundation for advancing multimodal, temporally-aware, and language-driven perception in real-world robotics and autonomy.",https://papers.nips.cc/paper_files/paper/2025/hash/314090ba556f0f45926bb6632e370c50-Abstract-Conference.html,exclude,,exclude,Event-language grounding broadens event vision but does not support the strict SNN intersection.,watch,datasets;task_generalization,reference,It is only a distant semantic-task expansion signal.,retained_reference,no,Codex semantic review of complete title + complete official abstract,not_needed,
NeurIPS2025-2601,Toward Relative Positional Encoding in Spiking Transformers,2025,NeurIPS,Main Conference Track,yes,yes,ed9fb181ba652066b7d1e074d3f577f762de49300cdefabf8da26f2de68be770,"Spiking neural networks (SNNs) are bio-inspired networks that mimic how neurons in the brain communicate through discrete spikes, which have great potential in various tasks due to their energy efficiency and temporal processing capabilities. SNNs with self-attention mechanisms (spiking Transformers) have recently shown great advancements in various tasks, and inspired by traditional Transformers, several studies have demonstrated that spiking absolute positional encoding can help capture sequential relationships for input data, enhancing the capabilities of spiking Transformers for tasks such as sequential modeling and image classification. However, how to incorporate relative positional information into SNNs remains a challenge. In this paper, we introduce several strategies to approximate relative positional encoding (RPE) in spiking Transformers while preserving the binary nature of spikes. Firstly, we formally prove that encoding relative distances with Gray Code ensures that the binary representations of positional indices maintain a constant Hamming distance whenever their decimal values differ by a power of two, and we propose Gray-PE based on this property. In addition, we propose another RPE method called Log-PE , which combines the logarithmic form of the relative distance matrix directly into the spiking attention map. Furthermore, we extend our RPE methods to a two-dimensional form, making them suitable for processing image patches. We evaluate our RPE methods on various tasks, including time series forecasting, text classification, and patch-based image classification, and the experimental results demonstrate a satisfying performance gain by incorporating our RPE methods across many architectures. Our results provide fresh perspectives on designing spiking Transformers to advance their sequential modeling capability, thereby expanding their applicability across various domains. Our code is available at https://github.com/microsoft/SeqSNN.",https://papers.nips.cc/paper_files/paper/2025/hash/6fdbdaf19f4f3f8e2e08aa87987e459c-Abstract-Conference.html,background,architecture;temporal_modeling,reference,Relative positional encoding supports generic Spiking Transformer sequence modeling without event cameras.,watch,snn_hybrid,reference,It is adjacent long-sequence architecture work.,retained_reference,no,Codex semantic review of complete title + complete official abstract,not_needed,
NeurIPS2025-1206,Unveiling the Spatial-temporal Effective Receptive Fields of Spiking Neural Networks,2025,NeurIPS,Main Conference Track,yes,yes,c0efeb8c9e92ea1cee27db2754681eaba335f948f9134b7b96b084253fb6b817,"Spiking Neural Networks (SNNs) demonstrate significant potential for energy-efficient neuromorphic computing through an event-driven paradigm. While training methods and computational models have greatly advanced, SNNs struggle to achieve competitive performance in visual long-sequence modeling tasks. In artificial neural networks, the effective receptive field (ERF) serves as a valuable tool for analyzing feature extraction capabilities in visual long-sequence modeling. Inspired by this, we introduce the Spatio-Temporal Effective Receptive Field (ST-ERF) to analyze the ERF distributions across various Transformer-based SNNs. Based on the proposed ST-ERF, we reveal that these models suffer from establishing a robust global ST-ERF, thereby limiting their visual feature modeling capabilities. To overcome this issue, we propose two novel channel-mixer architectures: \underline{m}ulti-\underline{l}ayer-\underline{p}erceptron-based m\underline{ixer} (MLPixer) and \underline{s}plash-and-\underline{r}econstruct \underline{b}lock (SRB). These architectures enhance global spatial ERF through all timesteps in early network stages of Transformer-based SNNs, improving performance on challenging visual long-sequence modeling tasks. Extensive experiments conducted on the Meta-SDT variants and across object detection and semantic segmentation tasks further validate the effectiveness of our proposed method. Beyond these specific applications, we believe the proposed ST-ERF framework can provide valuable insights for designing and optimizing SNN architectures across a broader range of tasks. The code is available at \href{https://github.com/EricZhang1412/Spatial-temporal-ERF}{\faGithub~EricZhang1412/Spatial-temporal-ERF}.",https://papers.nips.cc/paper_files/paper/2025/hash/3353b22e6b85a76d45d6b01aa4328be5-Abstract-Conference.html,background,architecture;temporal_modeling,reference,"ST-ERF provides useful analysis of generic SNN long-sequence modeling and dense tasks, without event-camera input.",discussion,snn_hybrid;task_generalization,reference,Its diagnostic framework can assess temporal receptive fields in a hybrid extension.,retained_reference,no,Codex semantic review of complete title + complete official abstract,not_needed,
NeurIPS2025-4086,V2V: Scaling Event-Based Vision through Efficient Video-to-Voxel Simulation,2025,NeurIPS,Main Conference Track,yes,yes,d80608247d47944759975a32760f78a8ec582f49f26056cd71d69fd7afc1e5c3,"Event-based cameras offer unique advantages such as high temporal resolution, high dynamic range, and low power consumption. However, the massive storage requirements and I/O burdens of existing synthetic data generation pipelines and the scarcity of real data prevent event-based training datasets from scaling up, limiting the development and generalization capabilities of event vision models. To address this challenge, we introduce Video-to-Voxel (V2V), an approach that directly converts conventional video frames into event-based voxel grid representations, bypassing the storage-intensive event stream generation entirely. V2V enables a 150× reduction in storage requirements while supporting on-the-fly parameter randomization for enhanced model robustness. Leveraging this efficiency, we train several video reconstruction and optical flow estimation model architectures on 10,000 diverse videos totaling 52 hours—an order of magnitude larger than existing event datasets, yielding substantial improvements.",https://papers.nips.cc/paper_files/paper/2025/hash/b14cf0a01f7a8b9cd3e365e40f910272-Abstract-Conference.html,background,datasets_benchmarks;representation_slicing;robustness_open_challenges,reference,"V2V is important event-side data scaling and voxel-simulation background, but non-spiking.",exclude,,exclude,"Video-to-voxel data simulation is useful survey-side scaling background but does not supply the required Event Cloud, Fourier, or SNN mechanism.",retained_reference,no,Codex semantic review of complete title + complete official abstract,not_needed,
CVPR2026-1573,Adaptive Spatial-Temporal Window: Unlocking the Potential of Event Cameras in Heterogeneous Velocity Scenarios,2026,CVPR,,yes,yes,119b9c5c61339a9562c8af57dd4ba760a520bb5cd8771e96e28b08d89160f0c3,"Most event-based algorithms typically split the event stream into fixed groups (e.g., fixed time or fixed count) for downstream processing, lacking adaptivity to scene dynamics. Several adaptive partitioning strategies have been proposed, but they are unable to cope well with heterogeneous velocity scenarios (HVS) involving both fast- and slow-moving objects. To address this issue, we propose Adaptive Spatial-Temporal Window (ASTW) strategy, which simultaneously achieves temporal adaptivity and spatial locality in event partitioning. Based on the principle of maximum entropy, we derive a patch-level time window determination criterion and efficiently implement it based on event density and vectorized calculations. Experiments on publicly available event-based object detection and tracking datasets demonstrate that ASTW significantly outperforms existing state-of-the-art partitioning strategies. We also construct HetVel, the first RGB-event dual-modality dataset for HVS, and further highlight the advantages of ASTW on this challenging benchmark. We believe that our ASTW strategy and the constructed HetVel dataset will advance the field of neuromorphic vision.",https://openaccess.thecvf.com/content/CVPR2026/html/Sui_Adaptive_Spatial-Temporal_Window_Unlocking_the_Potential_of_Event_Cameras_in_CVPR_2026_paper.html,background,representation_slicing;detection;tracking;datasets_benchmarks,core,"ASTW directly addresses adaptive event partitioning under heterogeneous velocity, a core event-side interface issue but not an SNN.",discussion,grouping_sampling;task_generalization;scalability_efficiency,reference,"Adaptive event partitioning is a useful grouping comparator, but not a direct predecessor or frequency/SNN mechanism for the confirmed extension.",survey_core,no,Codex semantic review of complete title + complete official abstract,not_needed,
CVPR2026-0516,AE2VID: Event-based Video Reconstruction via Aperture Modulation,2026,CVPR,,no,yes,5875c39beb3000c5cb66a3125bdaa7b7234a65b26de73b9ce8bf1b6c8b0a5bb0,"Event-based video reconstruction seeks to recover high-speed, high-dynamic-range videos from event streams. While existing approaches rely exclusively on motion-triggered events, these events are inherently sparse and primarily capture dynamic regions. Therefore, they often suffer from error accumulation and degraded quality in regions with few events. In this work, we introduce aperture-modulation-triggered events as a complementary mechanism to enrich the captured scene information. Specifically, we periodically modulate the aperture to actively generate dense event signals, thereby encoding intensity cues even in static or low-motion regions. Building upon this idea, we design an AE2VID framework that jointly leverages aperture-modulation-triggered and motion-triggered events to enhance the fidelity of predictions. The proposed framework consists of two subnetworks for the dedicated processing of both event types. We further collect a real dataset and validate the effectiveness of our method. Extensive experiments show our superiority over state-of-the-art methods. Code and data will be available at https://github.com/a1henu/AE2VID/.",https://openaccess.thecvf.com/content/CVPR2026/html/Bai_AE2VID_Event-based_Video_Reconstruction_via_Aperture_Modulation_CVPR_2026_paper.html,exclude,,exclude,Aperture-modulated event video reconstruction is specialized sensing and non-SNN restoration.,exclude,,exclude,Active aperture sensing is outside SECNet.,excluded_from_active_corpus,no,Codex semantic review of complete title + complete official abstract,not_needed,
CVPR2026-3465,AIMDepth: Asymmetric Image-Event Mamba for Monocular Depth Estimation,2026,CVPR,,yes,yes,01730a4b1e4fa2951a143f137c3dba5c079b5818199a56eb3e1f0a06856db50a,"Monocular depth estimation is essential for applications such as robotics. The complementary characteristics of event and image modalities have inspired fusion-based methods for robust depth estimation. However, existing methods rely on convolutional or attention-based architectures, which either have limited capacity for long-range modeling or incur high computational cost, making them less suitable for depth estimation over long sequences. Moreover, effective image-event fusion remains challenging, since most methods directly fuse features without addressing the domain gap and representational differences between raw events and images, resulting in semantic bias and degraded performance. In this work, we propose AIMDepth, an Asymmetric Image-Event Mamba framework for monocular depth estimation, built on state space models for linear complexity and accurate prediction. To alleviate input-domain misalignment, we introduce a Spectral Cross-modal Prior Guidance (SCPG) for bidirectional prior injection at the input level. To reduce the imbalance between sparse events and dense images, we design an asymmetric modal-aware Encoder (AME) with separate encoding paths and feature-level alignment. We further develop a Modality-interactive Local Refinement (ModiLocal) to enable hierarchical interaction and fine-grained alignment. Experiments on public datasets show that AIMDepth achieves state-of-the-art performance in complex environments.",https://openaccess.thecvf.com/content/CVPR2026/html/Jing_AIMDepth_Asymmetric_Image-Event_Mamba_for_Monocular_Depth_Estimation_CVPR_2026_paper.html,background,pose_depth_segmentation;temporal_modeling;architecture,reference,AIMDepth is non-spiking event-image depth background; its detachable Fourier SCPG module is Advisor evidence rather than a reason to make Mamba/SSM a survey axis.,discussion,fourier_fft;frequency;task_generalization,helpful,"The PDF shows a detachable spectral prior: 2D FFT on image/event-voxel channels, low-frequency image-amplitude replacement, event-phase injection, and iFFT. Read the SCPG mechanism only; the Mamba/SSM backbone is outside the planned extension.",advisor_helpful,no,Codex semantic review of complete title + complete official abstract,checked_conference_pdf,"SCPG applies 2D FFT to image/event-voxel inputs, replaces low-frequency event amplitude with image amplitude, injects selected event phase into the image stream, and uses iFFT; this module is separable from the Mamba backbone."
CVPR2026-4013,ARES: Unifying Asymmetric RGB-Event Stereo for Probabilistic Scene Flow Estimation,2026,CVPR,,yes,yes,9969e9fc411bf038165e6c25ef71a8158ca889dc8383637629eb2839ba44e5c4,"Estimating dense three dimensional motion in dynamic high speed scenes remains challenging due to motion blur, illumination variation, and the limited temporal resolution of conventional cameras. We introduce ARES, a unified framework for Asymmetric RGB-Event Stereo that addresses these issues through a hybrid setup where an event camera captures fine grained temporal dynamics and an RGB camera provides rich spatial structure. To integrate these heterogeneous modalities, we propose Multimodal Contextual Attention, a transformer based fusion mechanism that attends to spatial and temporal contexts under cross view constraints and forms a unified correspondence space for disparity and optical flow estimation. Building on this shared representation, we introduce Temporal Disparity Posterior Fusion, a probabilistic framework that models the evolution of disparity posteriors to infer disparity change and recover metrically coherent scene flow. Trained with sparse supervision and dense self consistency cues, our ARES achieves geometrically consistent and temporally stable three dimensional motion estimation across diverse driving scenarios. Experiments show that ARES attains state of the art performance in scene flow estimation among RGB-event stereo methods, establishing a principled path toward unified asymmetric multimodal stereo sensing. Code available at the project website.",https://openaccess.thecvf.com/content/CVPR2026/html/Lee_ARES_Unifying_Asymmetric_RGB-Event_Stereo_for_Probabilistic_Scene_Flow_Estimation_CVPR_2026_paper.html,background,pose_depth_segmentation;temporal_modeling,reference,ARES supplies non-spiking RGB-event stereo and scene-flow modeling background.,watch,task_generalization,reference,Scene flow is a possible but distant dense-task extension.,retained_reference,no,Codex semantic review of complete title + complete official abstract,not_needed,
CVPR2026-2514,Beyond Duality: A Hybrid Framework of Leveraging Shared and Private Features for RGB-Event Object Detection,2026,CVPR,,yes,yes,0452c455bc49549a8caabf01bc7795325ba050fc10d9d6dc91e777254835b162,"RGB-Event object detection is able to capture clear and detailed features of the target while maintaining high-speed information collection. It is suitable for high dynamic or harsh environments and has become a research hotspot in recent years. The existing RGB-Event object detectors all struggle to fully utilize the fusion features of two modalities, but do not explicitly disentangle shared vs. private features to dedicated branches. To fully tap into the potential of single features, we propose a frequency-domain coherence-based Shared and Private Features Decoupling method for RGB-Event object detection, SPFD network. First, we design a FCFS module to separate shared and private features by exploring the spectral energy distribution differences between dual modalities. Then, we design a TriAdapt Encoder to process the shared and private features, selectively emphasizing texture-rich RGB features in static regions and motion-sensitive event features in dynamic regions, thereby achieving a robust balance between spatial detail and temporal awareness. Finally, a TriInject Decoder is proposed to emphasize the most discriminative modality features dynamically. Experimental results on the DSEC-Det and PKU-DAVIS-SOD datasets demonstrate that our model achieves competitive performance with state-of-the-art methods.",https://openaccess.thecvf.com/content/CVPR2026/html/Wang_Beyond_Duality_A_Hybrid_Framework_of_Leveraging_Shared_and_Private_CVPR_2026_paper.html,background,detection;representation_slicing,reference,SPFD gives non-spiking frequency-domain RGB-event feature disentanglement for detection.,method_chain,fourier_fft;frequency;task_generalization,required,"The PDF applies 2D FFT to RGB/event feature maps and uses power, cross spectra, and spectral coherence before iFFT, making it a direct event-side FFT design.",advisor_required,no,Codex semantic review of complete title + complete official abstract,checked_conference_pdf,"FCFS applies 2D FFT, power/cross spectra, spectral coherence, feature separation, and iFFT."
CVPR2026-1217,Bidirectional Cross-Modal Prompting for Event-Frame Asymmetric Stereo,2026,CVPR,,yes,yes,3900408d152b6fc49070cc4f21ce34fc87080e6e18dc790cc9bcf0bb0917ee55,"Conventional frame-based cameras capture rich contextual information but suffer from limited temporal resolution and motion blur in dynamic scenes. Event cameras offer an alternative visual representation with higher dynamic range free from such limitations. The complementary characteristics of the two modalities make event-frame asymmetric stereo promising for reliable 3D perception under fast motion and challenging illumination. However, the modality gap often leads to marginalization of domain-specific cues essential for cross-modal stereo matching. In this paper, we introduce Bi-CMPStereo, a novel bidirectional cross-modal prompting framework that fully exploits semantic and structural features from both domains for robust matching. Our approach learns finely aligned stereo representations within a target canonical space and integrates complementary representations by projecting each modality into both event and frame domains. Extensive experiments demonstrate that our approach significantly outperforms state-of-the-art methods in accuracy and generalization.",https://openaccess.thecvf.com/content/CVPR2026/html/Xu_Bidirectional_Cross-Modal_Prompting_for_Event-Frame_Asymmetric_Stereo_CVPR_2026_paper.html,background,pose_depth_segmentation;learning,reference,Cross-modal event-frame stereo prompting is non-spiking transfer background.,watch,task_generalization,reference,It offers a modality-alignment technique for dense tasks.,retained_reference,no,Codex semantic review of complete title + complete official abstract,not_needed,
CVPR2026-2870,BiEvLight: Bi-level Learning of Task-Aware Event Refinement for Low-Light Image Enhancement,2026,CVPR,,no,yes,9561ce41ba01ffab9795988c140f57607a2f14c07e003eeb70e021725d65b30e,"Event cameras, with their high dynamic range, show great promise for Low-light Image Enhancement (LLIE). Existing works primarily focus on designing effective modal fusion strategies. However, a key challenge is the dual degradation from intrinsic background activity (BA) noise in events and low signal-to-noise ratio (SNR) in images, which causes severe noise coupling during modal fusion, creating a critical performance bottleneck. We therefore posit that precise event denoising is the prerequisite to unlocking the full potential of event-based fusion. To this end, we propose BiEvLight, a hierarchical and task-aware framework that collaboratively optimizes enhancement and denoising by exploiting their intrinsic interdependence. Specifically, BiEvLight exploits the strong gradient correlation between images and events to build a gradient-guided event denoising prior that alleviates insufficient denoising in heavily noisy regions. Moreover, instead of treating event denoising as a static pre-processing stage--which inevitably incurs a trade-off between over- and under-denoising and cannot adapt to the requirements of a specific enhancement objective--we recast it as a bilevel optimization problem constrained by the enhancement task. Through cross-task interaction, the upper-level denoising problem learns event representations tailored to the lower-level enhancement objective, thereby substantially improving overall enhancement quality. Extensive experiments on the Real-world noise Dataset SED demonstrate that our method significantly outperforms state-of-the-art (SOTA) approaches, with average improvements of 1.30dB in PSNR , 2.03dB in PSNR* and 0.047 in SSIM, respectively. The code will be publicly available at https://github.com/iijjlk/BiEvlight.",https://openaccess.thecvf.com/content/CVPR2026/html/Yao_BiEvLight_Bi-level_Learning_of_Task-Aware_Event_Refinement_for_Low-Light_Image_CVPR_2026_paper.html,exclude,,exclude,Task-aware event denoising for low-light enhancement is specialized non-SNN restoration.,exclude,,exclude,The enhancement objective is outside SECNet.,excluded_from_active_corpus,no,Codex semantic review of complete title + complete official abstract,not_needed,
CVPR2026-3561,DarkShake-DVS: Event-based Human Action Recognition under Low-light and Shaking Camera Conditions,2026,CVPR,,yes,yes,c1986b036ec10c37b46b6ce519904ab0462523765aa84629c034dede4ac5dc4e,"Human Action Recognition (HAR) is a fundamental computer vision task with diverse real-world applications. Practical deployments often involve low-light environments and unconstrained 6-DoF camera motion, conditions that degrade visual quality, disrupt temporal coherence, and compromise reliability of existing methods. Event cameras, with high low-light sensitivity and microsecond-level temporal resolution, paired with an inertial measurement unit (IMU), present a promising solution. However, current research faces two key challenges: absence of a benchmark integrating low-light conditions, 6-DoF motion, and synchronized IMU data; and lack of effective motion compensation techniques. To address these, we propose Event-IMU Stabilized HAR (EIS-HAR), with two modules. The first is an EIS module that reduces motion blur via a non-linear warping function to reconstruct a motion-compensated input. The second is a HAR module with a four-stage hybrid architecture to efficiently extract spatiotemporal features for accurate action recognition. To alleviate data scarcity, we introduce DarkShake-DVS, the first large-scale event-based HAR benchmark that includes 18,041 real-world clips captured in low light and intense 6-DoF motion, supplemented by synchronized IMU data. Extensive experiments on three datasets demonstrate consistent superiority of EIS-HAR over state-of-the-art methods.",https://openaccess.thecvf.com/content/CVPR2026/html/Chen_DarkShake-DVS_Event-based_Human_Action_Recognition_under_Low-light_and_Shaking_Camera_CVPR_2026_paper.html,background,classification_recognition;datasets_benchmarks;robustness_open_challenges,reference,"DarkShake-DVS supplies event-side action-recognition robustness and a real benchmark, but no explicit SNN.",discussion,datasets;task_generalization,reference,Low-light and camera-motion robustness are strong real-world evaluation axes.,retained_reference,no,Codex semantic review of complete title + complete official abstract,not_needed,
CVPR2026-1239,Depth Hypothesis Guided Iterative Refinement for Event-Image Monocular Depth Estimation,2026,CVPR,,yes,yes,e725cbac8ad9e8dfa7b16a400bcb2342ddc3cbf35c18e74bc49896d1f4aec67b,"Event cameras hold excellent dynamic properties, showing great potential for monocular depth estimation (MDE). However, existing methods mainly improve performance by optimizing contextual features, but still struggle with the ill-posed and nonlinear nature of direct full-depth regression. In this paper, we propose HypoDepth, the first event-image monocular depth iterative refinement framework. By introducing a discrete Depth Hypothesis Volume (DHV), we transform the depth regression problem into a constrained depth search task. Specifically, we construct a 3D cost volume between the DHV features and contextual features and perform a multi-scale correlation search to guide stable residual optimization. This lightweight cost volume enables efficient global-to-local refinement across multi-resolution. Our method outperforms existing approaches on DSEC and MVSEC with state-of-the-art results and strong zero-shot generalization. Meanwhile, our tiny model achieves an excellent balance between accuracy and efficiency, enabling real-time performance on resource-limited devices.",https://openaccess.thecvf.com/content/CVPR2026/html/Liu_Depth_Hypothesis_Guided_Iterative_Refinement_for_Event-Image_Monocular_Depth_Estimation_CVPR_2026_paper.html,background,pose_depth_segmentation;efficiency_hardware,reference,HypoDepth is non-spiking event-image depth background with real-time efficiency.,watch,task_generalization;scalability_efficiency,reference,It provides a compact dense-task comparator.,retained_reference,no,Codex semantic review of complete title + complete official abstract,not_needed,
CVPR2026-3157,"DSERT-RoLL: Robust Multi-Modal Perception for Diverse Driving Conditions with Stereo Event-RGB-Thermal Cameras, 4D Radar, and Dual-LiDAR",2026,CVPR,,yes,yes,a3338fc154721985e55f9e34e899ff49e50fee55d2f7ef476d06a67c6cd5bab1,"In this paper, we present DSERT-RoLL, a driving dataset that incorporates stereo event, RGB, and thermal cameras together with 4D radar and dual LiDAR, collected across diverse weather and illumination conditions. The dataset provides precise 2D and 3D bounding boxes with track IDs and ego vehicle odometry, enabling fair comparisons within and across sensor combinations. It is designed to alleviate data scarcity for novel sensors such as event cameras and 4D radar and to support systematic studies of their behavior. We establish unified 3D and 2D benchmarks that enable direct comparison of characteristics and strengths across sensor families and within each family. We report baselines for representative single modality and multimodal methods and provide protocols that encourage research on different fusion strategies and sensor combinations. In addition, we propose a fusion framework that integrates sensor specific cues into a unified feature space and improves 3D detection robustness under varied weather and lighting.",https://openaccess.thecvf.com/content/CVPR2026/html/Cho_DSERT-RoLL_Robust_Multi-Modal_Perception_for_Diverse_Driving_Conditions_with_Stereo_CVPR_2026_paper.html,background,datasets_benchmarks;detection;robustness_open_challenges,reference,"DSERT-RoLL is an event-inclusive multimodal driving benchmark, useful for event-side evaluation but non-spiking.",discussion,datasets;task_generalization,reference,Its diverse sensor/weather benchmark offers a serious robustness extension setting.,retained_reference,no,Codex semantic review of complete title + complete official abstract,not_needed,
CVPR2026-3868,Dynamic-Static Decomposition for Novel View Synthesis of Dynamic Scenes with Spiking Neurons,2026,CVPR,,no,yes,47a223d1999151db405ef37e3212b2d1bbd39f328373eb49165af4177f0708cc,"Novel view synthesis for dynamic scenes remains challenging due to complex motion variations. Recent methods represent dynamic and static regions with separate Gaussians to improve efficiency and accuracy, but inaccurate assignment of static and dynamic Gaussian primitives still limits performance. We identify two key issues, namely inaccurate mask priors and improper tag representations, which lead to boundary artifacts, loss of fine-grained motion details, and overfitting on input views, resulting in degraded side-view synthesis. To address these problems, we propose a spatio-temporally fine-grained mask field and a discontinuous dynamic-static tagging field to achieve accurate assignment of dynamic and static Gaussian primitives, enabling high-quality novel view synthesis, especially in fine-grained motions, motion boundary regions, and side viewpoints. Experiments show that our method achieves state-of-the-art rendering quality and real-time performance.",https://openaccess.thecvf.com/content/CVPR2026/html/Dai_Dynamic-Static_Decomposition_for_Novel_View_Synthesis_of_Dynamic_Scenes_with_CVPR_2026_paper.html,exclude,,exclude,PDF review confirms that a single-timestep IF neuron only binarizes dynamic/static Gaussian tags; this is neither an SNN architecture nor event-camera processing.,exclude,,exclude,Dynamic Gaussian rendering and its auxiliary binary tag neuron are outside SECNet.,excluded_from_active_corpus,no,Codex semantic review of complete title + complete official abstract,not_needed,
CVPR2026-2053,E-3DPSM: A State Machine for Event-based Egocentric 3D Human Pose Estimation,2026,CVPR,,yes,yes,5d9515365906289c7705c4fa40bc4d29e272f4574b783c1ddb40343d7b40a4c9,"Event cameras offer multiple advantages in monocular egocentric 3D human pose estimation from head-mounted devices, such as millisecond temporal resolution, high dynamic range, and negligible motion blur. Existing methods effectively leverage these properties, but suffer from low 3D estimation accuracy, insufficient in many applications (e.g., immersive VR/AR). This is due to the design not being fully tailored towards event streams (e.g., their asynchronous and continuous nature), leading to high sensitivity to self-occlusions and temporal jitter in the estimates. This paper rethinks the setting and introduces E-3DPSM, an event-driven continuous pose state machine for event-based egocentric 3D human pose estimation. E-3DPSM aligns continuous human motion with fine-grained event dynamics; it evolves latent states and predicts continuous changes in 3D joint positions associated with observed events, which are fused with direct 3D human pose predictions, leading to stable and drift-free final 3D pose reconstructions. E-3DPSM runs in real-time at 80 Hz on a single workstation and sets a new state of the art in experiments on two benchmarks, improving accuracy by up to 19% (MPJPE) and temporal stability by up to 2.7x.",https://openaccess.thecvf.com/content/CVPR2026/html/Deshmukh_E-3DPSM_A_State_Machine_for_Event-based_Egocentric_3D_Human_Pose_CVPR_2026_paper.html,background,pose_depth_segmentation;temporal_modeling,reference,E-3DPSM provides event-side continuous state-machine pose modeling but no SNN.,discussion,task_generalization,reference,Continuous latent-state updates are a useful temporal/task comparator.,retained_reference,no,Codex semantic review of complete title + complete official abstract,not_needed,
CVPR2026-1755,E2EGS: Event-to-Edge Gaussian Splatting for Pose-Free 3D Reconstruction,2026,CVPR,,no,yes,9250e73e26f42bf21832f1aa3ce5ff06c64986f96e101aef50a2c7e5ef267faf,"The emergence of neural radiance fields (NeRF) and 3D Gaussian splatting (3DGS) has advanced novel view synthesis (NVS). These methods, however, require high-quality RGB inputs and accurate corresponding poses, limiting robustness under real-world conditions such as fast camera motion or adverse lighting. Event cameras, which capture brightness changes at each pixel with high temporal resolution and wide dynamic range, enable precise sensing of dynamic scenes and offer a promising solution. However, existing event-based NVS methods either assume known poses or rely on depth estimation models that are bounded by their initial observations, failing to generalize as the camera traverses previously unseen regions. We present E2EGS, a pose-free framework operating solely on event streams. Our key insight is that edge information provides rich structural cues essential for accurate trajectory estimation and high-quality NVS. To extract edges from noisy event streams, we exploit the distinct spatio-temporal characteristics of edges and non-edge regions. The event camera's movement induces consistent events along edges, while non-edge regions produce sparse noise. We leverage this through a patch-based temporal coherence analysis that measures local variance to extract edges while robustly suppressing noise. The extracted edges guide structure-aware Gaussian initialization and enable edge-weighted losses throughout initialization, tracking, and bundle adjustment. Extensive experiments on both synthetic and real datasets demonstrate that E2EGS achieves superior reconstruction quality and trajectory accuracy, establishing a fully pose-free paradigm for event-based 3D reconstruction.",https://openaccess.thecvf.com/content/CVPR2026/html/Kim_E2EGS_Event-to-Edge_Gaussian_Splatting_for_Pose-Free_3D_Reconstruction_CVPR_2026_paper.html,exclude,,exclude,Pose-free event Gaussian reconstruction is specialized non-SNN scene rendering.,exclude,,exclude,It is outside SECNet.,excluded_from_active_corpus,no,Codex semantic review of complete title + complete official abstract,not_needed,
CVPR2026-3584,eRetinexGS: Retinex Modeling for Low-Light Scene Enhancement via Event Streams and 3D Gaussian Splatting,2026,CVPR,,no,yes,9e39de50eec76697c2b66a5404f54d64a0154c71eba1f63945d2859701dfaf1d,"Perception under low illumination remains a major challenge for computer vision systems, as RGB sensors often fail to capture sufficient structural and color information in extremely dark environments. Event cameras, with their high dynamic range and temporal resolution, provide complementary cues that are well suited for such conditions. In this work, we present eRetinexGS, a novel framework that jointly leverages event streams and low-light frames through 3D Gaussian Splatting for scene-level enhancement and reconstruction. Unlike previous approaches that operate on individual frames, eRetinexGS enforces geometric and photometric consistency across multiple views, bridging the gap between degraded images and noisy event signals. By introducing an event-assisted Retinex decomposition and a reflectance-illumination representation within the 3DGS pipeline, our method reconstructs normal-light radiance fields with fine-grained details and accurate color. Extensive experiments on both synthetic and real datasets demonstrate that eRetinexGS achieves state-of-the-art performance in low-light scene enhancement while maintaining real-time rendering capability.",https://openaccess.thecvf.com/content/CVPR2026/html/Yan_eRetinexGS_Retinex_Modeling_for_Low-Light_Scene_Enhancement_via_Event_Streams_CVPR_2026_paper.html,exclude,,exclude,Event-assisted low-light 3D Gaussian reconstruction is specialized non-SNN rendering.,exclude,,exclude,It is outside SECNet.,excluded_from_active_corpus,no,Codex semantic review of complete title + complete official abstract,not_needed,
CVPR2026-0881,Event Stream Filtering via Probability Flux Estimation,2026,CVPR,,yes,yes,c5004ec83af5a46f7955c949e69852e6565d7e3729e83063d3e89439388e014d,"Event cameras asynchronously capture brightness changes with microsecond latency, offering exceptional temporal precision but suffering from severe noise and signal inconsistencies. Unlike conventional signals, events carry state information through polarities and process information through inter-event time intervals. However, existing event filters often ignore the latter, producing outputs that are sparser than the raw input and limiting the reconstruction of continuous irradiance dynamics. We propose the Event Density Flow Filter (EDFilter), a framework that models event generation as threshold-crossing probability fluxes arising from the stochastic diffusion of irradiance trajectories. EDFilter performs nonparametric, kernel-based estimation of probability flux and reconstructs the continuous event density flow using an O(1) recursive solver, enabling real-time processing. The Rotary Event Dataset (RED), featuring microsecond-resolution ground-truth irradiance flow under controlled illumination is also presented for event quality evaluation. Experiments demonstrate that EDFilter achieves high-fidelity, physically interpretable event denoising and motion reconstruction.",https://openaccess.thecvf.com/content/CVPR2026/html/Chen_Event_Stream_Filtering_via_Probability_Flux_Estimation_CVPR_2026_paper.html,background,robustness_open_challenges;representation_slicing;datasets_benchmarks,reference,"EDFilter contributes physically interpretable event noise filtering and a microsecond ground-truth dataset, without SNNs.",discussion,polarity;datasets;scalability_efficiency,reference,Polarity/timing-aware denoising is relevant to robust SECNet inputs.,retained_reference,no,Codex semantic review of complete title + complete official abstract,not_needed,
CVPR2026-0298,Event Structural Valley: A Unified Theoretical and Practical Framework for Event Camera Autofocus,2026,CVPR,,no,yes,1e2f3051dbf93ac99bf0a6e5159861c0fa0ea2485a1e0ad07b8773b2160e785a,"Autofocus in dynamic environments remains challenging for conventional frame-based sensors, which often fail under fast motion, low light, or high dynamic range conditions. Event cameras, with microsecond temporal resolution and asynchronous brightness detection, offer a promising alternative. However, typical event-based autofocus methods assume that the sharpest focus corresponds to the maximum event rate. In this paper, we reveal a counterintuitive yet consistent phenomenon: the true focus actually corresponds to a local minimum in the event-rate curve. We theoretically derive this behavior from the physics of event generation and show that as defocus blur increases, the event rate first rises and then declines, forming a dual-peak-valley structure across focal distances. Based on this insight, we propose an Event Structural Valley-based Autofocus (ESVA) framework that identifies the valley between two dominant peaks as the true focal position. ESVA integrates structural smoothing, consistency filtering, and a dual-peak constraint to robustly recover the valley under noise and motion disturbances. Extensive experiments on multiple synthetic and real-world datasets demonstrate that ESVA delivers accurate and stable focus estimation, consistently outperforming existing event-only autofocus methods without requiring image reconstruction or supervision.",https://openaccess.thecvf.com/content/CVPR2026/html/Xiang_Event_Structural_Valley_A_Unified_Theoretical_and_Practical_Framework_for_CVPR_2026_paper.html,exclude,,exclude,Event autofocus theory is specialized sensing and outside SNN-event integration.,exclude,,exclude,Autofocus is outside SECNet.,excluded_from_active_corpus,no,Codex semantic review of complete title + complete official abstract,not_needed,
CVPR2026-3419,Event-Based Motion Deblurring Using Task-Oriented 3D Gaussian Event Representations,2026,CVPR,,yes,yes,f815215c0a8ab45fc4e34fc2928921bd003ed7e31c2a70f31496ab9bce521379,"Event-based motion deblurring has attracted increasing attention, as the high temporal resolution of event cameras provides motion cues unavailable to conventional RGB sensors, thereby enabling more effective deblurring. In real-world scenes, motion blur is often complex and nonlinear, with different regions exhibiting diverse motion speeds and directions. However, most existing approaches rely on handcrafted event representations that overlook such spatiotemporal motion heterogeneity, resulting in suboptimal deblurring performance. To address this limitation, we propose a learnable 3D Gaussian event representation module that adaptively selects key spatiotemporal coordinates for deblurring based on the blurred image content and the event density distribution. The event stream is then aggregated with 3D Gaussian weighting kernels to extract local motion features that are sensitive to motion direction and speed. Furthermore, to fully exploit the motion information encoded in the event representation, we adopt a two-stage fusion strategy. In the first stage, local motion features are used to enhance fine detail restoration. In the second stage, a bidirectional attention fusion module leverages one-dimensional Gaussian-weighted event frames to correct global spatial misalignment, leading to more accurate structural alignment. Extensive experiments on both synthetic and real-world datasets demonstrate the effectiveness of our method and show that it consistently outperforms state-of-the-art approaches.",https://openaccess.thecvf.com/content/CVPR2026/html/Xue_Event-Based_Motion_Deblurring_Using_Task-Oriented_3D_Gaussian_Event_Representations_CVPR_2026_paper.html,background,representation_slicing;reconstruction_restoration,reference,"Learned 3D Gaussian event aggregation is event-side representation background for deblurring, but non-spiking.",discussion,event_cloud_point;grouping_sampling,reference,Adaptive spatiotemporal Event Cloud aggregation is a concrete SECNet representation comparator.,retained_reference,no,Codex semantic review of complete title + complete official abstract,not_needed,
CVPR2026-3680,Event-based Motion Deblurring with Unpaired Data,2026,CVPR,,yes,yes,4d1e3dc9755f0ad1c5b3d727ace79fe20a3c8c16f223c4683fb5fd79b4ebbee8,"Event cameras provide high-temporal-resolution, motion-centric measurements that remain reliable under fast motion and challenging illumination, making them a promising sensing modality for motion deblurring. However, existing deblurring methods typically require large-scale paired blur--sharp datasets, which are extremely difficult to obtain in real-world settings, especially when an additional modality such as events is involved. In this work, we introduce EMP, an event-based motion deblurring framework that operates entirely in an unpaired setting, removing the need for aligned blur--sharp supervision. EMP bridges the disjoint blur and sharp domains through event information and leverages two complementary training mechanisms tailored to the unpaired regime: (1) an event-based physical prior with confidence masking that provides reliable self-supervisory signals for blurry inputs, and (2) a generative blur modeling process that extracts blur-related frequency-domain cues from blur--event pairs and transfers them to sharp images to synthesize realistic blur. Together, these mechanisms enable stable and effective deblurring without paired labels. Extensive experiments on various real event datasets, including REBlur, EventAid, and HighREV, show that EMP outperforms existing unpaired baselines and achieves performance competitive with paired methods.",https://openaccess.thecvf.com/content/CVPR2026/html/Cho_Event-based_Motion_Deblurring_with_Unpaired_Data_CVPR_2026_paper.html,exclude,,exclude,EMP is specialized non-spiking event-guided deblurring; it is retained solely for its Advisor-side Fourier mechanism rather than as strict survey evidence.,discussion,fourier_fft;frequency;task_generalization,helpful,"The PDF derives blur-event log-magnitude cues, predicts spatial/channel modulation, modulates sharp-feature magnitude while preserving phase, and returns through iFFT. This is a focused amplitude/phase design reference, not a SECNet predecessor.",advisor_helpful,no,Codex semantic review of complete title + complete official abstract,checked_conference_pdf,"The blur synthesis path extracts centered blur-event log-magnitude spectra, predicts spatial/channel modulation, scales sharp-feature magnitude while preserving normalized phase, and returns through centered iFFT."
CVPR2026-0912,Event-based Visual Deformation Measurement,2026,CVPR,,no,yes,d5cd7cdfb02683cfc6cc8dc78f5b90815d1b943335e6c7edf7c4b4a947b2e287,"Visual Deformation Measurement (VDM) aims to recover dense deformation fields by tracking surface motion from camera observations. Traditional image-based methods rely on minimal inter-frame motion to constrain the correspondence search space, which limits their applicability to highly dynamic scenes or necessitates high-speed cameras at the cost of prohibitive storage and computational overhead. We propose an event-frame fusion framework that exploits events for temporally dense motion cues and frames for spatially dense precise estimation. Revisiting the solid elastic modeling prior, we propose an Affine Invariant Simplicial (AIS) framework. It partitions the deformation field into linearized sub-regions with low-parametric representation, effectively mitigating motion ambiguities arising from sparse and noisy events. To speed up optimization and reduce error accumulation, a neighborhood-greedy optimization strategy is introduced, enabling well-converged sub-regions to guide their poorly-converged neighbors, effectively suppress local error accumulation in long-term dense tracking. To evaluate the proposed method, a benchmark dataset with temporally aligned event streams and frames is established, encompassing over 120 sequences spanning diverse deformation scenarios. Experimental results show that our method outperforms the state-of-the-art baseline by 1.6x in survival rate. Remarkably, it achieves this using only 18.9% of the data storage and processing resources of high-speed video methods.",https://openaccess.thecvf.com/content/CVPR2026/html/Wu_Event-based_Visual_Deformation_Measurement_CVPR_2026_paper.html,exclude,,exclude,Event-frame deformation measurement is a specialized application without SNN relevance.,exclude,,exclude,It is outside SECNet.,excluded_from_active_corpus,no,Codex semantic review of complete title + complete official abstract,not_needed,
CVPR2026-0522,Event-Illumination Collaborative Low-light Image Enhancement with a High-resolution Real-world Dataset,2026,CVPR,,no,yes,43c5e4fe2a20660eb5e79416a14c838a067f2d798718b2f91cb43728038c9c60,"Event-based low-light image enhancement (LIE) methods mainly focus on incorporating high dynamic range (HDR) information from events while overlooking the essential global illumination in images and the inherent noise sensitivity of event signals in real-world scenarios. To address these issues, we propose EIC-LIE, an event-illumination collaborative LIE framework. Concretely, we first design an Event-Illumination Collaborative Interaction (EICI) module, which contains two key processes: forward gathering, which gathers HDR features across varying lighting conditions, and backward injection, which provides complementary content for illumination and event representations.Next, we introduce an Illumination-aware Event Filter (IAEF) that dynamically reduces event noise based on brightness statistics derived from images. Additionally, we build a beam-splitter-based hybrid imaging system to collect high-quality event-image pairs with temporal synchronization from dynamic scenes, providing the first high-resolution, real-world event-based LIE dataset.Extensive experiments show that our EIC-LIE outperforms state-of-the-art methods on five real-world and synthetic datasets, significantly surpassing previous methods with improvements of up to 1.24dB in PSNR and 0.069 in SSIM. The code and dataset are released at https://github.com/QUEAHREN/EIC-LIE.",https://openaccess.thecvf.com/content/CVPR2026/html/Xu_Event-Illumination_Collaborative_Low-light_Image_Enhancement_with_a_High-resolution_Real-world_Dataset_CVPR_2026_paper.html,exclude,,exclude,Event-assisted low-light enhancement is specialized non-SNN imaging.,exclude,,exclude,It is outside SECNet.,excluded_from_active_corpus,no,Codex semantic review of complete title + complete official abstract,not_needed,
CVPR2026-2084,Event6D: Event-based Novel Object 6D Pose Tracking,2026,CVPR,,yes,yes,b19956fd54d6127980991cd964bf0b7402c0e51b289ea61fcff2bf19d7be3478,"Event cameras provide microsecond latency, making them suitable for 6D object pose tracking in fast, dynamic scenes where conventional RGB and depth pipelines suffer from motion blur and large pixel displacements. We introduce EventTrack6D, an event-depth tracking framework that generalizes to novel objects without object-specific training by reconstructing both intensity and depth at arbitrary timestamps between depth frames. Conditioned on the most recent depth measurement, our dual reconstruction recovers dense photometric and geometric cues from sparse event streams. Our EventTrack6D operates at over 120 FPS and maintains temporal consistency under rapid motion. To support training and evaluation, we introduce a comprehensive benchmark suite: a large-scale synthetic dataset for training and two complementary evaluation sets, including real and simulated event datasets. Trained exclusively on synthetic data, EventTrack6D generalizes effectively to real-world scenarios without fine-tuning, maintaining accurate tracking across diverse objects and motion patterns. Our method and datasets validate the effectiveness of event cameras for event-based 6D pose tracking of novel objects. Code and datasets are publicly available at https://chohoonhee.github.io/Event6D.",https://openaccess.thecvf.com/content/CVPR2026/html/Kang_Event6D_Event-based_Novel_Object_6D_Pose_Tracking_CVPR_2026_paper.html,background,tracking;pose_depth_segmentation;datasets_benchmarks,reference,Event6D supplies high-frequency novel-object pose tracking and benchmark evidence without SNNs.,discussion,datasets;task_generalization;scalability_efficiency,reference,Fast novel-object generalization is a strong downstream evaluation direction.,retained_reference,no,Codex semantic review of complete title + complete official abstract,not_needed,
CVPR2026-3694,EventDrive: Event Cameras for Vision-Language Driving Intelligence,2026,CVPR,,yes,yes,3174d0d0ea4be016d2c77884e2d6082a9420f954d036deca47aa479ce0a12e3e,"Event cameras sense the world through asynchronous brightness changes with microsecond latency and high dynamic range, offering motion fidelity far beyond frame-based sensors and capturing temporal structure that conventional exposures often miss. These properties make events a powerful complement to RGB in autonomous driving, especially under blur, glare, and rapid motion, where frame-based perception can become unreliable. However, existing event-aware vision-language models remain limited to generic perception and do not reveal how event sensing contributes to reasoning and decision-making across the full driving loop. We present EventDrive, a large-scale benchmark and model suite that unifies event streams, RGB frames, and language supervision across four core dimensions: Perception, Understanding, Prediction, and Planning, covering captions, structured QA, grounding, motion-state recognition, trajectory forecasting, and planning tasks. Building on this foundation, EventDrive-VLM introduces a multi-horizon event pyramid and a modality-routing mixture-of-experts to adaptively encode and fuse asynchronous and frame-based information for downstream reasoning. Comprehensive evaluation across diverse tasks shows that event streams provide substantial gains in temporal precision, motion awareness, and robustness, bringing event sensing into the center of driving intelligence.",https://openaccess.thecvf.com/content/CVPR2026/html/Lu_EventDrive_Event_Cameras_for_Vision-Language_Driving_Intelligence_CVPR_2026_paper.html,exclude,,exclude,Event vision-language driving is broad event perception without SNN relevance.,watch,datasets;task_generalization,reference,It is only a distant multimodal task expansion signal.,retained_reference,no,Codex semantic review of complete title + complete official abstract,not_needed,
CVPR2026-2918,EventGait: Towards Robust Gait Recognition with Event Streams,2026,CVPR,,yes,yes,4ec485e8620da392b4a371df8d3d7345e1c97f471813e76f7c2b5cf897f9535d,"Gait recognition enables non-intrusive, privacy-preserving identification but suffers in uncontrolled environments due to illumination and motion sensitivity in conventional cameras. In this work, we explore gait recognition using event cameras, which offer microsecond temporal resolution and high dynamic range, naturally capturing robust dynamic cues and suppressing static noise. Existing event-based approaches typically aggregate event streams into event images over long time windows, thereby discarding fine-grained motion dynamics critical for gait recognition. Therefore, we propose EventGait, an end-to-end dual-stream framework that separately models motion and shape while preserving the advantages of events. Our dynamic stream leverages a Mixture of Spiking Experts (MoSE) with diverse neuron constants for robust dynamic perception across complex motion and illumination scenes, while the static stream learns dense shape representations via Cross-modal Structural Alignment (CroSA) with large vision foundation models. To address the absence of large-scale event-based gait datasets, we introduce a synthesis pipeline and release two new benchmarks: SUSTech1K-E and CCGR-Mini-E. Extensive experiments have shown that event-based gait recognition not only achieves results comparable to camera-based gait recognition under normal conditions but also significantly outperforms it in low-light scenarios. Our approach sets a new state of the art on both synthesized and real-world event-based gait benchmarks, highlighting the robustness and potential of event-driven gait analysis. The code and datasets are released at https://github.com/QUEAHREN/EventGait.",https://openaccess.thecvf.com/content/CVPR2026/html/Xu_EventGait_Towards_Robust_Gait_Recognition_with_Event_Streams_CVPR_2026_paper.html,anchor,event_to_spike;architecture;classification_recognition;datasets_benchmarks;robustness_open_challenges,core,EventGait directly uses a Mixture of Spiking Experts on event streams within a hybrid architecture and contributes event gait benchmarks.,discussion,snn_hybrid;datasets;task_generalization,reference,Its heterogeneous spiking experts and new recognition task offer useful extension evidence.,survey_core,no,Codex semantic review of complete title + complete official abstract,not_needed,
CVPR2026-1824,EventHub: Data Factory for Generalizable Event-Based Stereo Networks without Active Sensors,2026,CVPR,,yes,yes,b0bbefa27da7058cdaef48002ff8ccc1fb68214eed12e98fcfcbc352b4e53966,"We propose EventHub, a novel framework for training deep-event stereo networks without ground truth annotations from costly active sensors, relying instead on standard color images. From these images, we derive either proxy annotations and proxy events through state-of-the-art novel view synthesis techniques, or simply proxy annotations when images are already paired with event data. Using the training set generated by our data factory, we repurpose state-of-the-art stereo models from RGB literature to process event data, obtaining new event stereo models with unprecedented generalization capabilities.Experiments on widely used event stereo datasets support the effectiveness of EventHub and show how the same data distillation mechanism can improve the accuracy of RGB stereo foundation models in challenging conditions such as nighttime scenes.",https://openaccess.thecvf.com/content/CVPR2026/html/Bartolomei_EventHub_Data_Factory_for_Generalizable_Event-Based_Stereo_Networks_without_Active_CVPR_2026_paper.html,background,pose_depth_segmentation;learning;datasets_benchmarks,reference,EventHub supplies scalable event-stereo data distillation and generalization background without SNNs.,discussion,datasets;task_generalization;scalability_efficiency,reference,Its data factory directly supports broader generalization experiments.,retained_reference,no,Codex semantic review of complete title + complete official abstract,not_needed,
CVPR2026-2301,FastEventDGS: Deformable Gaussian Splatting for Fast Dynamic Scenes from a Single Event Camera,2026,CVPR,,no,yes,3148cf6f2c02595cf384cc762adf67c353f0bab2b56ef8009551eadd315bf8c9,"The demand for dynamic 3D assets in AR/VR has recently popularized Deformable Gaussian Splatting. However, traditional RGB cameras are limited in their ability to reconstruct high-speed scenes due to motion blur and low temporal resolution. While event cameras offer a promising alternative, reconstructing a complete scene from their sparse and noisy output is a significant challenge. Existing event-based methods rely on an auxiliary sensor, such as a frame camera, thereby inducing tedious hardware and calibration challenges.We introduce FastEventDGS, a novel Deformable Gaussian Splatting-based framework that leverages a single event camera for high-fidelity 4D reconstruction. Our method utilizes a continuous camera trajectory parametrization and integrates two event generation models to provide both photometric and geometric constraints. We further propose a local patch event motion loss to constrain object motion, effectively mitigating overfitting. To ensure robust reconstruction, we employ an off-the-shelf model for depth correction and apply noise regularization terms in the final stage. We demonstrate robust results on both new synthetic and real-world datasets, highlighting our framework's ability to provide a simplified, event-only solution for high-fidelity 4D reconstruction in dynamic scenes.",https://openaccess.thecvf.com/content/CVPR2026/html/Dai_FastEventDGS_Deformable_Gaussian_Splatting_for_Fast_Dynamic_Scenes_from_a_CVPR_2026_paper.html,exclude,,exclude,Event-only dynamic Gaussian reconstruction is specialized non-SNN rendering.,exclude,,exclude,It is outside SECNet.,excluded_from_active_corpus,no,Codex semantic review of complete title + complete official abstract,not_needed,
CVPR2026-2682,From Contrast to Consistency: Rethinking Event-based Continuous-Time Optical Flow Estimation,2026,CVPR,,yes,yes,18f7d700d81a082eabfff0b516a3e0ad0257a746bdf32de1d282566103719fcf,"Estimating continuous optical flow is a fundamental yet challenging problem in dynamic visual perception. Event-based cameras, with microsecond latency and high dynamic range, capture brightness changes asynchronously, offering a unique opportunity to model motion with fine temporal precision. However, the scarcity of temporally dense ground-truth annotations limits the effectiveness of supervised learning, while contrast maximization (CM) frameworks, focused on sharpening the Image of Warped Events (IWE), often neglect temporal continuity and structural coherence, leading to distorted trajectories under complex motion.To overcome these challenges, we propose a hybrid-supervised framework for continuous-time optical flow estimation, grounded in the principle of Spatio-temporal Structural Consistency (STSC). This paradigm jointly enforces local structural stability and trajectory continuity, ensuring physically coherent motion across time. To further enhance representation and robustness, we design a bidirectionally complementary multi-scale architecture and employ a curriculum-guided hybrid training strategy, enabling a smooth transition from supervised point constraints to self-supervised manifold regularization.Comprehensive experiments across multiple benchmarks show that our method achieves state-of-the-art performance in both continuous-time and standard optical flow estimation, demonstrating the effectiveness of the proposed learning paradigm.",https://openaccess.thecvf.com/content/CVPR2026/html/Hu_From_Contrast_to_Consistency_Rethinking_Event-based_Continuous-Time_Optical_Flow_Estimation_CVPR_2026_paper.html,background,temporal_modeling;learning,reference,Continuous-time event flow with structural consistency is non-spiking temporal-learning background.,watch,task_generalization,reference,It offers a continuous-time dense-task benchmark.,retained_reference,no,Codex semantic review of complete title + complete official abstract,not_needed,
CVPR2026-2562,From Corners to Fiducial Tags: Revisiting Checkerboard Calibration for Event Cameras,2026,CVPR,,no,yes,700b428bddeb4bf15c96f97c615a45cb8f759f212e2ac2197b7026d718c64f65,"The conventional checkerboard-based calibration for standard cameras faces fundamental limitations when applied to bio-inspired event cameras. Specifically, this stems from two challenges: (i) Events are triggered asynchronously at different timestamps along motion trajectories. If we accumulate them directly on the image plane, it causes temporal misalignment and produces blurred edges. (ii) Checkerboard corners on event cameras show near-zero event occurrence at the corner itself. This hinders reliable corner localization and makes calibration difficult. To address these issues, we present a novel calibration framework that directly detects checkerboard corners from event data without learning-based grayscale image reconstruction. We first mathematically analyze the absence of events at corner points. Based on this fact, we then leverage edge-driven event cues to initialize corner positions. Using the near-zero event occurrence at checkerboard corners, we gradually refine the estimated corner toward low event-density regions, achieving sub-pixel accuracy. Furthermore, we extend the corner detection to fiducial markers such as AprilTag, resulting in reliable detection even under partial visibility or occlusion. Evaluations on self-collected and public data demonstrate reliable checkerboard corner detection and stable camera calibration. Additional information is available at the following link: https://vision3d-lab.github.io/corner2tag/.",https://openaccess.thecvf.com/content/CVPR2026/html/Ryu_From_Corners_to_Fiducial_Tags_Revisiting_Checkerboard_Calibration_for_Event_CVPR_2026_paper.html,exclude,,exclude,Event-camera checkerboard calibration is specialized geometry without SNN relevance.,exclude,,exclude,It is outside SECNet.,excluded_from_active_corpus,no,Codex semantic review of complete title + complete official abstract,not_needed,
CVPR2026-0086,From Events to Clarity: The Event-Guided Diffusion Framework for Dehazing,2026,CVPR,,no,yes,e54df7db9544ab908b026e5d385ac43c5a3421b15b240a1a977f5c61447a6f52,"Clear imaging under hazy conditions is a critical task. Prior-based and neural methods have improved results. However, they operate on RGB frames, which suffer from limited dynamic range. Therefore, dehazing remains ill- posed and can erase structure and illumination details. To address this, we use event cameras for dehazing for the first time. Event cameras offer much higher HDR (120dB vs. 60dB) and microsecond latency, therefore they suit hazy scenes. In practice, transferring HDR cues from events to frames is hard because real paired data are scarce. To tackle this, we propose an event-guided diffusion model that utilizes the strong generative priors of diffusion mod- els to reconstruct clear images from hazy inputs by effec- tively transferring HDR information from events. Specifi- cally, we design an event-guided module that maps sparse HDR event features, e.g., edges, corners, into the diffusion latent space. This clear conditioning provides precise struc- tural guidance during generation, improves visual realism, and reduces semantic drift. For real-world evaluation, we collect a drone dataset in heavy haze (AQI = 341) with synchronized RGB and event sensors. Experiments on two benchmarks and our dataset achieve state-of-the-art results.",https://openaccess.thecvf.com/content/CVPR2026/html/Wang_From_Events_to_Clarity_The_Event-Guided_Diffusion_Framework_for_Dehazing_CVPR_2026_paper.html,exclude,,exclude,Event-guided diffusion dehazing is specialized non-SNN restoration.,exclude,,exclude,It is outside SECNet.,excluded_from_active_corpus,no,Codex semantic review of complete title + complete official abstract,not_needed,
CVPR2026-2221,Geometric-Photometric Event-based 3D Gaussian Ray Tracing,2026,CVPR,,no,yes,f0add4780f5cb5494b79cd38dba872a8b4512bfacbf6aaa76bb5d0e84844cfaf,"Event cameras offer a high temporal resolution over traditional frame-based cameras, which makes them suitable for motion and structure estimation. However, it has been unclear how event-based 3D Gaussian Splatting (3DGS) approaches could leverage fine-grained temporal information of sparse events. This work proposes GPERT, a framework to address the trade-off between accuracy and temporal resolution in event-based 3DGS. Our key idea is to decouple the rendering into two branches: event-by-event geometry (depth) rendering and snapshot-based radiance (intensity) rendering, by using ray-tracing and the image of warped events. The extensive evaluation shows that our method achieves state-of-the-art performance on the real world datasets and competitive performance on the synthetic dataset. Also, the proposed method works with out prior information (e.g., pretrained image reconstruction models) or COLMAP-based initialization, is more flexible in the event selection number, and achieves sharp reconstruction on scene edges with fast training time. We hope that this work deepens our understanding of the sparse nature of events for 3D reconstruction. https://github.com/e3ai/gpert",https://openaccess.thecvf.com/content/CVPR2026/html/Kohyama_Geometric-Photometric_Event-based_3D_Gaussian_Ray_Tracing_CVPR_2026_paper.html,exclude,,exclude,Event-based Gaussian ray tracing is specialized non-SNN reconstruction.,exclude,,exclude,It is outside SECNet.,excluded_from_active_corpus,no,Codex semantic review of complete title + complete official abstract,not_needed,
CVPR2026-3753,Learning to See through Illumination Extremes with Event Streaming in Multimodal Large Language Models,2026,CVPR,,yes,yes,3a4157623312d1accf114541212c05d13e7bd3d1ddf42e258517525c644d9e04,"Multimodal Large Language Models (MLLMs) perform strong vision-language reasoning under standard conditions but fail in extreme illumination, where RGB inputs lose irrevocable structure and semantics. We propose Event-MLLM, an event-enhanced model that performs all-light visual reasoning by dynamically fusing event streams with RGB frames. Two key components drive our approach: an Illumination Indicator -- a learnable signal derived from a DINOv2 branch that represents exposure degradation and adaptively modulates event-RGB fusion -- and an Illumination Correction Loss that aligns fused features with non-degraded (normal-light) semantics in the latent space, compensating for information lost in extreme lighting. We curate the first multi-illumination event-instruction corpus for MLLMs, with 2,241 event-RGB samples (around 6 QA pairs each) across diverse scenes and 17 brightness rates (0.05x - 20x), plus an instruct-following benchmark for reasoning, counting, and fine-grained recognition under extreme lighting. Experiments show that Event-MLLM markedly outperforms general-purpose, illumination-adaptive, and event-only baselines, setting a new state of the art in robust multimodal perception and reasoning under challenging illumination.",https://openaccess.thecvf.com/content/CVPR2026/html/Zhang_Learning_to_See_through_Illumination_Extremes_with_Event_Streaming_in_CVPR_2026_paper.html,exclude,,exclude,Event-enhanced multimodal language reasoning is broad event vision without SNN relevance.,watch,datasets;task_generalization,reference,It is only a distant semantic generalization direction.,retained_reference,no,Codex semantic review of complete title + complete official abstract,not_needed,
CVPR2026-2128,MER-Tracker: Towards High-Speed 3D Point Tracking via Multi-View Event-RGB Hybrid Cameras,2026,CVPR,,yes,yes,a0a476a9853580f529a8590001c283c1ddc16b3fc1c6c9163b71dbf55123b7ce,"This paper proposes the first task for high-speed 3D point tracking using multi-view Event-RGB hybrid cameras. We design a cuboid observation device comprising 4 RGB cameras (30fps) and 2 Event cameras to synchronously capture high-speed motions, and propose MER-Tracker, a high-frame-rate 3D point-tracking network that fuses the complementary strengths of dual modalities. We first respectively extract 2D motion-change features from the RGB and Event modalities, then apply linear interpolation and anchor sampling to fuse the discrete RGB 3D features and continuous Event 3D features after 3D lifting, and finally employ a LoRA-tuned Transformer based on temporal correlationship to predict the high-frame-rate 3D point trajectories over fast motions, accomplishing high-speed 3D point tracking. To verify the effectiveness of our method, we construct both real-world and simulated high-speed motion datasets. Experiments on these datasets show that our method achieves accurate high-speed 3D point tracking at high-frame-rate (150fps), outperforming state-of-the-art methods.",https://openaccess.thecvf.com/content/CVPR2026/html/Chang_MER-Tracker_Towards_High-Speed_3D_Point_Tracking_via_Multi-View_Event-RGB_Hybrid_CVPR_2026_paper.html,background,tracking;datasets_benchmarks;temporal_modeling,reference,MER-Tracker contributes high-speed event-RGB 3D tracking and datasets but no SNN.,discussion,datasets;task_generalization;scalability_efficiency,reference,High-frequency multi-view point tracking is a credible extension benchmark.,retained_reference,no,Codex semantic review of complete title + complete official abstract,not_needed,
CVPR2026-0226,Moving Border Ownership for Event-based Motion Segmentation,2026,CVPR,,yes,yes,e3ee7cac0ec5b76df9f01d36d5f7665a37ca65673cb8746ac94c239b074fcc90,"Event cameras provide accurate information at motion boundaries--exactly where disentangling ego-motion, object motion, and border ownership determines segmentation quality. We argue that the missing ingredient in dynamic scene interpretation is moving border ownership: detecting motion boundaries and assigning which side is foreground so occlusions are resolved by design. Traditional geometric motion segmentation pipelines (e.g., flow clustering, simple motion models) remain assumption-heavy and slow, while deep models often fail to generalize across sensors or datasets. We introduce a lightweight, ownership-aware predictor trained solely on synthetic events with perfect supervision for boundaries, ownership, and motion, generated via a Blender pipeline. Its key targets--a signed-distance ownership field and a motion mask--focus learning where events occur and yield stable gradients. The model runs in real time and generalizes without tuning: trained on synthetic events, it achieves zero-shot transfer on EED, EVIMO1, EVIMO2, and EMSMC, delivering state-of-the-art performance. By casting motion segmentation as ownership-aware edge understanding, we combine the robustness of model-based reasoning with the scalability of learning.",https://openaccess.thecvf.com/content/CVPR2026/html/Hua_Moving_Border_Ownership_for_Event-based_Motion_Segmentation_CVPR_2026_paper.html,background,pose_depth_segmentation;robustness_open_challenges,reference,Moving border ownership supplies event-side motion-segmentation and zero-shot generalization evidence without SNNs.,discussion,task_generalization,reference,Synthetic-to-real motion segmentation is a useful generalization test.,retained_reference,no,Codex semantic review of complete title + complete official abstract,not_needed,
CVPR2026-3233,NEC-Diff: Noise-Robust Event-RAW Complementary Diffusion for Seeing Motion in Extreme Darkness,2026,CVPR,,no,yes,cd4bb44e1201aa1bd99d78ef2f6f64b75b697211e38b360844971a7faf922229,"High-quality imaging of dynamic scenes in extremely low-light conditions is highly challenging. Photon scarcity induces severe noise and texture loss, causing significant image degradation. Event cameras, featuring a high dynamic range (120 dB) and high sensitivity to motion, serve as powerful complements to conventional cameras by offering crucial cues for preserving subtle textures. However, most existing approaches emphasize texture recovery from events, while paying little attention to image noise or the intrinsic noise of events themselves, which ultimately hinders accurate pixel reconstruction under photon-starved conditions. In this work, we propose NEC-Diff, a novel diffusion-based event-RAW hybrid imaging framework that extracts reliable information from heavily noisy signals to reconstruct fine scene structures. The framework is driven by two key insights: (1) combining the linear light-response property of RAW images with the brightness-change nature of events to establish a physics-driven constraint for robust dual-modal denoising; and (2) dynamically estimating the SNR of both modalities based on denoising results to guide adaptive feature fusion, thereby injecting reliable cues into the diffusion process for high-fidelity visual reconstruction. Furthermore, we construct the REAL (Raw and Event Acquired in Low-light) dataset which provides 47,800 pixel-aligned low-light RAW images, events, and high-quality references under 0.001-0.8 lux illumination. Extensive experiments demonstrate the superiority of NEC-Diff under extreme darkness.",https://openaccess.thecvf.com/content/CVPR2026/html/Liu_NEC-Diff_Noise-Robust_Event-RAW_Complementary_Diffusion_for_Seeing_Motion_in_Extreme_CVPR_2026_paper.html,exclude,,exclude,Event-RAW diffusion in darkness is specialized non-SNN imaging.,exclude,,exclude,It is outside SECNet.,excluded_from_active_corpus,no,Codex semantic review of complete title + complete official abstract,not_needed,
CVPR2026-0111,On the Role of Temporal Granularity in the Robustness of Spiking Neural Networks,2026,CVPR,,yes,yes,21347354b2dcebfe3b837440b3388b64156beace64607895e4aa4a2926b2d3b1,"As the third generation of neural networks, Spiking Neural Networks (SNNs) have demonstrated remarkable potential across diverse applications owing to their unique temporal dynamics. In recent years, analyzing the robustness of SNNs from a temporal perspective has become an emerging research focus. However, most existing works examine only the overall temporal behavior of SNNs, typically applying adversarial attacks that rely on time-averaged gradients. In this study, we revisit SNN robustness through the lens of temporal granularity, emphasizing the distinct behaviors that occur at individual time steps. We first introduce a Temporal Granularity Attack (TG-Attack), which selectively perturbs gradients at specific time steps. This approach enables a finer-grained evaluation of SNN robustness across time and demonstrates higher attack success rates than traditional gradient-averaging methods. Furthermore, we theoretically show that the robustness of SNNs at a given time step is determined by the Hessian of the input-output gradient at that step, which we define as Temporal Sensitivity (TS). By calculating the Temporal Sensitivity Value (TSV) for each time step, robustness can be effectively estimated without generating adversarial examples. Finally, we propose a Temporal Granularity Regularization (TG-Reg) term that constrains the TSV across all time steps, thereby improving the model's overall robustness. Experimental evaluations confirm that our framework consistently outperforms existing state-of-the-art methods.",https://openaccess.thecvf.com/content/CVPR2026/html/Xu_On_the_Role_of_Temporal_Granularity_in_the_Robustness_of_CVPR_2026_paper.html,background,robustness_open_challenges;temporal_modeling,reference,Temporal-granularity robustness is useful generic SNN analysis without event-camera integration.,exclude,,exclude,Adversarial robustness is outside SECNet.,retained_reference,no,Codex semantic review of complete title + complete official abstract,not_needed,
CVPR2026-0185,"One-Shot Flow, Any-Time Frame: A Bidirectional Warping Framework for Event-Based Video Frame Interpolation",2026,CVPR,,no,yes,a900778a301832625461e750658c175f8feed6e53621d0e492cd6bad4ddb81e8,"Video Frame Interpolation (VFI) is a crucial task in video processing. Flow-based methods, despite their success, are constrained by a fundamental dilemma: forward warping is efficient but prone to artifacts, while backward warping yields higher quality at a significant computational cost, especially for multi-frame interpolation. This trade-off is a major bottleneck. To overcome this, we introduce ""One-Shot Flow, Any-Time Frame,"" a novel framework for Event-based VFI (E-VFI) that achieves both high efficiency and superior quality for arbitrary-time interpolation. Our framework uniquely computes a comprehensive motion trajectory representation in a single pass using a Bidirectional Flow Estimation Block (BiFEB), leveraging the high temporal resolution of event data. Subsequently, our Flow Query (FQ) module can instantly retrieve the bidirectional optical flow for any timestamp, enabling the generation of any number of frames without repeated computation. Finally, a novel Bidirectional Warping (BiW) mechanism intelligently fuses the strengths of both warping directions, effectively mitigating artifacts and producing high-fidelity results. Extensive experiments show that our approach consistently surpasses state-of-the-art E-VFI methods in both reconstruction quality and inference efficiency, representing a substantial advance in efficient and high-quality event-based video interpolation. *The code will be released after acceptance.*",https://openaccess.thecvf.com/content/CVPR2026/html/Fu_One-Shot_Flow_Any-Time_Frame_A_Bidirectional_Warping_Framework_for_Event-Based_CVPR_2026_paper.html,exclude,,exclude,Event video interpolation is specialized non-SNN restoration.,exclude,,exclude,It is outside SECNet.,excluded_from_active_corpus,no,Codex semantic review of complete title + complete official abstract,not_needed,
CVPR2026-0439,RE-VLM: Event-Augmented Vision-Language Model for Scene Understanding,2026,CVPR,,yes,yes,975aecba354064a041657531ea90b884b8a9dfeff8280ff58ff775c70072e260,"Conventional vision-language models (VLMs) struggle to interpret scenes captured under adverse conditions (e.g., low light, high dynamic range, or fast motion) because standard RGB images degrade in such environments. Event cameras provide a complementary modality: they asynchronously record per-pixel brightness changes with high temporal resolution and wide dynamic range, preserving motion cues where frames fail. We propose RE-VLM, the first dual-stream vision-language model that jointly leverages RGB images and event streams for robust scene understanding across both normal and challenging conditions. RE-VLM employs parallel RGB and event encoders together with a progressive training strategy that aligns heterogeneous visual features with language. To address the scarcity of RGB-Event-Text supervision, we further propose a graph-driven pipeline that converts synchronized RGB-Event streams into verifiable scene graphs, from which we synthesize captions and question-answer (QA) pairs. To develop and evaluate RE-VLM, we construct two datasets: PEOD-Chat, targeting illumination-challenged scenes, and RGBE-Chat, covering diverse scenarios. On captioning and VQA benchmarks, RE-VLM consistently outperforms state-of-the-art RGB-only and event-only models with comparable parameter counts, with particularly large gains under challenging conditions. These results demonstrate the effectiveness of event-augmented VLMs in achieving robust vision-language understanding across a wide range of real-world environments. Code and datasets are available at https://github.com/bupt-ai-cz/RE-VLM.",https://openaccess.thecvf.com/content/CVPR2026/html/Liu_RE-VLM_Event-Augmented_Vision-Language_Model_for_Scene_Understanding_CVPR_2026_paper.html,exclude,,exclude,Event-augmented VLMs are broad event perception without SNN relevance.,watch,datasets;task_generalization,reference,It is only a distant task expansion signal.,retained_reference,no,Codex semantic review of complete title + complete official abstract,not_needed,
CVPR2026-3426,Reconstructing Spiking Neural Networks Using a Single Neuron with Autapses,2026,CVPR,,yes,yes,94eb750385440184dccac547e1aba6a81b72595513852aeeaee300ceadc2e507,"Spiking neural networks (SNNs) are promising for neuromorphic computing, but high-performing models still rely on dense multilayer architectures with substantial communication and state-storage costs. Inspired by autapses, we propose TDA-SNN, a framework that reconstructs SNN architectures using a single leaky integrate-and-fire neuron with time-delayed autapses and a prototype-learning-based training strategy. By reorganizing internal temporal states, TDA-SNN can realize reservoir, multilayer perceptron, and convolution-like spiking architectures within a unified framework. Experiments on sequential, event-based, and image benchmarks show competitive performance in reservoir and MLP settings, while convolutional results reveal a clear space--time trade-off. Compared with standard SNNs, TDA-SNN greatly reduces neuron count and state memory while increasing per-neuron information capacity, at the cost of additional temporal latency in extreme single-neuron settings. These findings highlight the potential of temporally multiplexed single-neuron models as compact computational units for brain-inspired computing.",https://openaccess.thecvf.com/content/CVPR2026/html/Cai_Reconstructing_Spiking_Neural_Networks_Using_a_Single_Neuron_with_Autapses_CVPR_2026_paper.html,background,architecture;temporal_modeling;efficiency_hardware,reference,Single-neuron temporal multiplexing is unusual generic SNN architecture background; event-based benchmarks are evaluation only.,watch,hardware;scalability_efficiency;snn_hybrid,reference,Its extreme state-memory trade-off is adjacent deployment inspiration.,retained_reference,no,Codex semantic review of complete title + complete official abstract,not_needed,
CVPR2026-2929,Rethinking SNN Online Training and Deployment: Gradient-Coherent Learning via Hybrid-Driven LIF Model,2026,CVPR,,yes,yes,432d33ce0bf7f59fd4f7eba7c256ef34bc3e64b828f93cd79b0e911b5c74ec56,"Spiking Neural Networks (SNNs) are considered to have enormous potential in the future development of Artificial Intelligence due to their brain-inspired and energy-efficient properties. Compared to vanilla Spatial-Temporal Back-propagation (STBP) training methods, online training can effectively avoid the risk of GPU memory explosion. However, current online learning frameworks cannot tackle the gradient discrepancy problem between the forward and backward process, merely aiming to optimize the GPU memory, resulting in no performance advantages compared to the STBP-based models in the inference stage. To address the aforementioned challenges, we propose Hybrid-Driven Leaky Integrate-and-Fire (HD-LIF) model family for efficient online learning, which respectively adopt different spiking calculation mechanism in the upper-region and lower-region of the firing threshold. We theoretically point out that our learning framework can effectively separate temporal gradients and address the misalignment problem of surrogate gradients, as well as achieving full-stage optimization towards learning precision, memory footprint and power consumption. Experimental results have demonstrated that our scheme is enable to achieve state-of-the-art performance for multiple evaluation metrics, breaking through the traditional paradigm of SNN online training and deployment. Code is available at https://github.com/hzc1208/HD_LIF.",https://openaccess.thecvf.com/content/CVPR2026/html/Hao_Rethinking_SNN_Online_Training_and_Deployment_Gradient-Coherent_Learning_via_Hybrid-Driven_CVPR_2026_paper.html,background,learning;temporal_modeling;efficiency_hardware,reference,HD-LIF advances generic SNN online training and deployment without event-camera-specific design.,discussion,snn_hybrid;hardware;scalability_efficiency,reference,Its full-stage training/deployment optimization is a strong SNN extension comparator.,retained_reference,no,Codex semantic review of complete title + complete official abstract,not_needed,
CVPR2026-0789,RGB-Event based Pedestrian Attribute Recognition: A Benchmark Dataset and An Asymmetric RWKV Fusion Framework,2026,CVPR,,yes,yes,121a01c62a1de13310997d6959e7a1ec3b1e3ca2726401352f6078f49c0b7c2c,"Existing pedestrian attribute recognition methods are generally developed based on RGB frame cameras. However, these approaches are constrained by the limitations of RGB cameras, such as sensitivity to lighting conditions and motion blur, which hinder their performance. Furthermore, current attribute recognition primarily focuses on analyzing pedestrians' external appearance and clothing, lacking an exploration of emotional dimensions. In this paper, we revisit these issues and propose a novel multi-modal RGB-Event attribute recognition task by drawing inspiration from the advantages of event cameras in low-light, high-speed, and low-power consumption. Specifically, we introduce the first large-scale multi-modal pedestrian attribute recognition dataset, termed EventPAR, comprising 100K paired RGB-Event samples that cover 50 attributes related to both appearance and six human emotions, diverse scenes, and various seasons. By retraining and evaluating mainstream PAR models on this dataset, we establish a comprehensive benchmark and provide a solid foundation for future research in terms of data and algorithmic baselines. In addition, we propose a novel RWKV-based multi-modal pedestrian attribute recognition framework, featuring an RWKV visual encoder and an asymmetric RWKV fusion module. Extensive experiments are conducted on our proposed dataset as well as two simulated datasets (MARS-Attribute and DukeMTMC-VID-Attribute), achieving state-of-the-art results. The source code and dataset will be released upon acceptance.",https://openaccess.thecvf.com/content/CVPR2026/html/Wang_RGB-Event_based_Pedestrian_Attribute_Recognition_A_Benchmark_Dataset_and_An_CVPR_2026_paper.html,background,classification_recognition;datasets_benchmarks;temporal_modeling,reference,EventPAR and RWKV fusion provide non-spiking event recognition and benchmark background.,discussion,datasets;task_generalization,reference,The large benchmark and recurrent fusion support task-generalization discussion.,retained_reference,no,Codex semantic review of complete title + complete official abstract,not_needed,
CVPR2026-0897,Robust Spiking Neural Networks by Temporal Mutual Information,2026,CVPR,,yes,yes,be3a15ff548b33c68d66f648fc0c6d317cbc276a94448e0ecc34ce61bf8d4f8b,"Spiking Neural Networks (SNNs) have attracted increasing attention for their biologically inspired temporal dynamics. As their applications expand, understanding their robustness has become an important research focus. However, little is known about how the intrinsic temporal properties of SNNs affect robustness. In this work, we revisit SNN robustness from an information-theoretic perspective and reveal the pivotal role of temporal dynamics. We establish a theoretical link between robustness error and the mutual information (MI) between inputs and latent representations along the temporal dimension, grounded in the information bottleneck principle. Through an analysis of spike-based information transmission, we show that temporal dynamics inherently compress MI, thereby tightening the robustness error bound. Building on this insight, we propose a Temporal Mutual Information (TMI) regularizer that explicitly exploits temporal characteristics to enhance robustness. Extensive experiments on CIFAR-10, CIFAR-100, DVS-CIFAR10, Tiny-ImageNet, and ImageNet demonstrate that our method consistently improves SNN robustness across various architectures and attack settings.",https://openaccess.thecvf.com/content/CVPR2026/html/Xu_Robust_Spiking_Neural_Networks_by_Temporal_Mutual_Information_CVPR_2026_paper.html,background,robustness_open_challenges;temporal_modeling,reference,Temporal mutual-information regularization is generic SNN robustness background; DVS is benchmark-only.,exclude,,exclude,The adversarial focus is outside SECNet.,retained_reference,no,Codex semantic review of complete title + complete official abstract,not_needed,
CVPR2026-1228,Scaling Dense Event-Stream Pretraining from Visual Foundation Models,2026,CVPR,,yes,yes,2db7cb2021218531ae2e4399a02d9d1eef987f5fcb4af7f0b997f4b45b72d4cd,"Learning versatile, fine-grained representations from irregular event streams is pivotal yet nontrivial, primarily due to the heavy annotation that hinders scalability in dataset size, semantic richness, and application scope. To mitigate this dilemma, we launch a novel self-supervised pretraining method that distills visual foundation models (VFMs) to push the boundaries of event representation at scale. Specifically, we curate an extensive synchronized image-event collection to amplify cross-modal alignment. Nevertheless, due to inherent mismatches in sparsity and granularity between image-event domains, existing distillation paradigms are prone to semantic collapse in event representations, particularly at high resolutions. To bridge this gap, we propose to extend the alignment objective to semantic structures provided off-the-shelf by VFMs, indicating a broader receptive field and stronger supervision. The key ingredient of our method is a structure-aware distillation loss that grounds higher-quality image-event correspondences for alignment, optimizing dense event representations. Extensive experiments demonstrate that our approach takes a great leap in downstream benchmarks, significantly surpassing traditional methods and existing pretraining techniques. This breakthrough manifests in enhanced generalization, superior data efficiency and elevated transferability. The source code will be available.",https://openaccess.thecvf.com/content/CVPR2026/html/Chen_Scaling_Dense_Event-Stream_Pretraining_from_Visual_Foundation_Models_CVPR_2026_paper.html,background,learning;representation_slicing;datasets_benchmarks,reference,Dense event-stream pretraining from foundation models is strong event-side representation/scaling background without SNNs.,exclude,,exclude,"Dense event-stream pretraining is survey-side representation background, not part of the confirmed SECNet + Fourier/FFT + SNN extension.",retained_reference,no,Codex semantic review of complete title + complete official abstract,not_needed,
CVPR2026-3630,SDTrack: A Baseline for Event-based Tracking via Spiking Neural Networks,2026,CVPR,,yes,yes,8062bdcd29cadae21359456bec8c01bcbd1db884fce4f1c87801294bc073a108,"Event cameras provide superior temporal resolution, dynamic range, energy efficiency, and pixel bandwidth. Spiking Neural Networks (SNNs) naturally complement event data through discrete spike signals, making them ideal for event-based tracking. However, current approaches combining Artificial Neural Networks (ANNs) and SNNs suffer from suboptimal architectures that compromise energy efficiency and limit tracking performance. To address these limitations, we propose the first Transformer-based Spike-Driven Tracking (SDTrack) pipeline. It incorporates a novel event frame aggregation method called Global Trajectory Prompt (GTP) and a Transformer-based tracker. The GTP method effectively captures global trajectory information and aggregates it with event streams into event frames to enhance spatiotemporal representation. The Transformer-based tracker comprises a fully spike-driven SNN backbone and a simple tracking head. The SDTrack pipeline operates end-to-end without data augmentation or post-processing. Extensive experiments demonstrate that our SDTrack-Tiny pipeline achieves competitive accuracy with only 19.61M parameters and 8.16mJ energy consumption, while our Base version achieves state-of-the-art accuracy across three datasets. Our work establishes a solid foundation for future neuromorphic vision research.",https://openaccess.thecvf.com/content/CVPR2026/html/Shan_SDTrack_A_Baseline_for_Event-based_Tracking_via_Spiking_Neural_Networks_CVPR_2026_paper.html,anchor,representation_slicing;architecture;tracking;efficiency_hardware,core,SDTrack directly combines event aggregation with a fully spike-driven Transformer tracker and reports energy across event datasets.,discussion,snn_hybrid;task_generalization;hardware,reference,Its end-to-end tracking pipeline is a strong downstream and efficiency comparator.,survey_core,no,Codex semantic review of complete title + complete official abstract,not_needed,
CVPR2026-3162,Seeing Motion Through Polarity for Event-based Action Recognition,2026,CVPR,,yes,yes,de154497b92d42f85f0b2083736118d9bb664cb7632843ef3b1176768ff00692,"Event-based Action Recognition (EAR) provides a promising pathway for understanding dynamic behaviors under challenging conditions. Recent progress in vision-language models has introduced a cross-modal learning paradigm into EAR, enabling models to associate event streams with textual semantics for enhancing conceptual understanding. However, existing methods typically overlook the intrinsic polarity-driven motion cues that are fundamental to event data, leading to suboptimal spatiotemporal representations. To address this limitation, we propose a POlarity Knowledge Enhanced framework (POKER), which explicitly incorporates event polarity-aware motion knowledge across visual and textual modalities.POKER consists of two synergistic components: Polarity Motion Capturer (PMC) and Polarity Motion Reasoner (PMR). Specifically, PMC decouples positive and negative polarities to capture polarity-sensitive motion cues, while PMR semantically analyzes polarity-induced motion dynamics via large language models. Through the polarity alignment, POKER couples semantic reasoning with visual dynamics, achieving more discriminative representations. Extensive experiments on multiple benchmarks demonstrate that POKER enhances performance across diverse event representations.",https://openaccess.thecvf.com/content/CVPR2026/html/Cao_Seeing_Motion_Through_Polarity_for_Event-based_Action_Recognition_CVPR_2026_paper.html,background,classification_recognition;representation_slicing;temporal_modeling,reference,POKER gives event-side polarity-aware action representation without SNNs.,discussion,polarity;task_generalization,reference,"Explicit polarity modeling can be compared with SECNet's structural polarity treatment, but the paper has no FFT or SNN coupling.",retained_reference,no,Codex semantic review of complete title + complete official abstract,not_needed,
CVPR2026-3257,Seeing Through Blur: Tackling Defocus in Spike-Based Imaging,2026,CVPR,,no,yes,e2c0479057e6d7f6e15e9086b3e38c0c6055bac83cf9dbf4b3df7b8ed5f46770,"Spike cameras are a novel class of neuromorphic vision sensors that capture scene dynamics with ultra-high temporal resolution via spike planes. While recent methods have addressed motion blur and noise in spike-based reconstruction, defocus blur caused by shallow depth of field or lens adjustment delays remains a critical yet underexplored issue in real-world applications such as autonomous driving. In this work, we present DeSpike, the first end-to-end defocus removal framework specifically designed for spike cameras. Our method begins by explicitly modeling the defocus formation process using a physics-inspired thin-lens approximation to simulate spike responses under optical blur. Guided by this formulation, DeSpike employs multi-temporal-scale integrate-and-fire (IF) neurons to compensate for FPN and extract defocus-aware features from spike streams. These features are then processed by a physics-informed deblurring module constructed from learnable discrete PSF priors. To address spatially variant blur, we introduce a Transformer-based fusion mechanism that adaptively weighs multi-scale deblurring results through attention across defocus levels. Finally, a coarse-to-fine iterative refinement stage combines spike features and PSF priors for progressive restoration. Extensive experiments on both synthetic and real-world defocused spike datasets demonstrate that our method achieves superior performance over state-of-the-art deblurring approaches in terms of structural fidelity, perceptual sharpness, and contrast, setting a new benchmark for defocus-aware spike-based image reconstruction.",https://openaccess.thecvf.com/content/CVPR2026/html/Ma_Seeing_Through_Blur_Tackling_Defocus_in_Spike-Based_Imaging_CVPR_2026_paper.html,exclude,,exclude,Spike-camera defocus restoration is not automatically event-camera/DVS work despite using IF neurons.,exclude,,exclude,Spike imaging is outside SECNet's Event Cloud direction.,excluded_from_active_corpus,no,Codex semantic review of complete title + complete official abstract,not_needed,
CVPR2026-1312,SMV-EAR: Bring Spatiotemporal Multi-View Representation Learning into Efficient Event-Based Action Recognition,2026,CVPR,,yes,yes,1dcac387a15d6b2c4bcc252694609a7efff9a6e00ad479148eda90a115eb93d0,"Event cameras action recognition (EAR) offers compelling privacy-protecting and efficiency advantages, where temporal motion dynamics is of great importance. Existing spatiotemporal multi-view representation learning (SMVRL) methods for event-based object recognition (EOR) offer promising solutions by projecting H-W-T events alone spatial axis H and W, yet are limited by its translation-variant spatial binning representation and naive early concatenation fusion architecture. This paper reexamines the key SMVRL design stages for EAR and propose: (i) a principled spatiotemporal multi-view representation through translation-invariant dense conversion of sparse events, (ii) a dual-branch, dynamic fusion architecture that models sample-wise complementarity between motion features from different views, and (iii) a bio-inspired temporal warping augmentation that mimics speed variability of real-world human actions. On three challenging EAR datasets of HARDVS, DailyDVS-200 and THU-EACT-50-CHL, we show +7.0%, +10.7%, and +10.2% Top-1 accuracy gains over existing SMVRL EOR method with surprising 30.1% reduced parameters and 35.7% lower computations, establishing our framework as a novel and powerful EAR paradigm. Code are avaliable in https://github.com/Fineshawray/SMV-EAR.",https://openaccess.thecvf.com/content/CVPR2026/html/Fan_SMV-EAR_Bring_Spatiotemporal_Multi-View_Representation_Learning_into_Efficient_Event-Based_Action_CVPR_2026_paper.html,background,classification_recognition;representation_slicing;efficiency_hardware,reference,SMV-EAR supplies non-spiking event representation and efficient action-recognition background.,discussion,task_generalization;scalability_efficiency,reference,Multi-view event conversion and efficient fusion are useful recognition comparators.,retained_reference,no,Codex semantic review of complete title + complete official abstract,not_needed,
CVPR2026-3544,Sparsely Timing the Change: A Spiking Temporal Framework for Remote Sensing Interpretation,2026,CVPR,,no,yes,736cf6e659deb6b2044f2b3f612288e4634245a722278066cdcec2404279e6fd,"The temporal evolution patterns of surface spatial structures constitute a central concern within the field of intelligent remote sensing interpretation.However, constrained by the availability of only two temporal phases, modeling sparse spatio-temporal change processes to effectively interpret surface alterations remains a core challenge in intelligent remote sensing analysis. To address this, this paper proposes SpikeAdapter, a lightweight enhancement framework. This framework comprises Geo-Spike Interpolation (GSI-P), an spiking neural network (SNN) feature extractor, and the spatio-temporal fusion module STSpikeFuse. Inspired by the brain's perceptual response to new and fading stimuli, the core GSI-P module transforms bi-temporal radiometric differences into sparse spike sequences with time-to-first-spike characteristics.Then we use a feature extractor of SNN to capture dynamic variations of land-surface targets. The STSpkeFuse module employs a learnable temporal decay mechanism to adaptively fuse the SNN features with the semantic representations. This representations are generated by a traditional artificial neural network (ANN) backbone.Extensive experiments on change detection datasets demonstrate that SpikeAdapter effectively enhances temporal awareness and interpretability.",https://openaccess.thecvf.com/content/CVPR2026/html/Li_Sparsely_Timing_the_Change_A_Spiking_Temporal_Framework_for_Remote_CVPR_2026_paper.html,exclude,,exclude,Hybrid SNN remote-sensing change detection does not use event-camera streams.,exclude,,exclude,Remote sensing is outside SECNet.,excluded_from_active_corpus,no,Codex semantic review of complete title + complete official abstract,not_needed,
CVPR2026-1873,Spike-driven Discrete Aggregation for Event-based Object Detection,2026,CVPR,,yes,yes,69a87207ae0efe6f1cd4e13cbfef775e4e74b428c31989da546e3c61a0e6cc8b,"With their high dynamic range and temporal resolution, event cameras are well-suited for object detection, especially under motion blur and extreme illumination. Recent state-of-the-art works for event-based object detection primarily focus on the high-level design of backbones. However, developing effective event representations is equally crucial, as it bridges asynchronous event streams with the dense tensors required by detection networks. Most existing aggregation strategies for event representation continuously accumulate all events within sampled intervals without selective filtering, inevitably introducing uninformative events that degrade detection accuracy. To address this limitation, we introduce a novel perspective, termed Discrete Aggregation, which adaptively and discretely selects informative events for differentiable aggregation. We realize this through the Spiking Discrete Aggregation (SDA) module, which is inspired by the threshold-based spike firing mechanism in Spiking Neural Networks (SNNs) and implemented using gated recurrent spiking neurons. Additionally, we introduce the Multi-Timescale Fusion (MTF) method which leverages coarse-grained temporal features from continuous event streams to further enhance the representation capability of SDA. Experimental results on neuromorphic datasets demonstrate that our method achieves state-of-the-art performance among all fully spiking architectures while using fewer parameters, reaching 43.4% mAP\textsubscript 50:95 on Gen1 (+ 4.5% over prior art). Moreover, our method exhibits superior robustness under noisy conditions and shows strong compatibility with non-spiking models.",https://openaccess.thecvf.com/content/CVPR2026/html/Li_Spike-driven_Discrete_Aggregation_for_Event-based_Object_Detection_CVPR_2026_paper.html,anchor,representation_slicing;event_to_spike;detection;temporal_modeling;robustness_open_challenges,core,SDA makes gated recurrent spiking neurons the adaptive event-aggregation mechanism for detection and reports fully spiking accuracy and noise robustness.,discussion,grouping_sampling;snn_hybrid;scalability_efficiency,reference,"SDA is a strong SNN-controlled dense event-aggregation comparator, but it neither uses SECNet's sparse Event Cloud path nor supplies a Fourier/FFT mechanism; retain it in Survey Core rather than the bounded Advisor reading chain.",survey_core,no,Codex semantic review of complete title + complete official abstract,not_needed,
CVPR2026-1935,SpikeTrack: A Spike-driven Framework for Efficient Visual Tracking,2026,CVPR,,yes,yes,eeaabba48cfa7b83b91078aba293c7909dec53394522ec3cde361047885aaed5,"Spiking Neural Networks (SNNs) promise energy-efficient vision, but applying them to RGB visual tracking remains difficult: Existing SNN tracking frameworks either do not fully align with spike-driven computation or do not fully leverage neurons' spatiotemporal dynamics, leading to a trade-off between efficiency and accuracy. To address this, we introduce SpikeTrack, a spike-driven framework for energy-efficient RGB object tracking. SpikeTrack employs a novel asymmetric design that uses asymmetric timestep expansion and unidirectional information flow, harnessing spatiotemporal dynamics while cutting computation. To ensure effective unidirectional information transfer between branches, we design a memory-retrieval module inspired by neural inference mechanisms. This module recurrently queries a compact memory initialized by the template to retrieve target cues and sharpen target perception over time. Extensive experiments demonstrate that SpikeTrack achieves the state-of-the-art among SNN-based trackers and remains competitive with advanced ANN trackers. Notably, it surpasses TransT on LaSOT dataset while consuming only 1/26 of its energy. To our knowledge, SpikeTrack is the first spike-driven framework to make RGB tracking both accurate and energy efficient.",https://openaccess.thecvf.com/content/CVPR2026/html/Zhang_SpikeTrack_A_Spike-driven_Framework_for_Efficient_Visual_Tracking_CVPR_2026_paper.html,exclude,,exclude,SpikeTrack targets RGB tracking rather than event-camera data.,watch,snn_hybrid,reference,Its memory-retrieval module is only adjacent SNN tracking inspiration.,retained_reference,no,Codex semantic review of complete title + complete official abstract,not_needed,
CVPR2026-1798,SpikeTrack: High-performance and Energy-efficient Event-Based Object Tracking with Spiking Neural Network,2026,CVPR,,yes,yes,9feda845f7e1d482f8ee6bae2eaea9ebbf05dddbeb45816198ece9da0e37c69f,"Event cameras have attracted considerable attention for object tracking due to their microsecond-level temporal resolution and wide dynamic range, yet effectively harnessing spiking neural networks (SNNs) in this domain remains challenging. In this paper, we introduce SpikeTrack, a purely spike-driven framework for single-object tracking that addresses the shortcomings of RGB-based approaches in fast-motion or target appearance change. Central to SpikeTrack is the Multi-Search-sequence-and-Single-Template (MSST) training paradigm, which captures rich temporal dependencies, alongside a Dynamic Integer Leaky Integrate-and-Fire (DI-LIF) neuron that adaptively predicts integer-valued activations based on the input features during training and converts them into spikes during inference. Our design preserves the intrinsic sparsity and fine-grained spatiotemporal acuity of event data, resulting in efficient energy consumption without sacrificing performance. Extensive evaluations on FE108, FELT, and VisEvent demonstrate that SpikeTrack exceeds the performance of state-of-the-art trackers in both accuracy and efficiency. Furthermore, ablation studies validate each module's contribution, highlighting the practical potential of spike-driven architectures for future vision applications.",https://openaccess.thecvf.com/content/CVPR2026/html/Wang_SpikeTrack_High-performance_and_Energy-efficient_Event-Based_Object_Tracking_with_Spiking_Neural_CVPR_2026_paper.html,anchor,architecture;tracking;temporal_modeling;efficiency_hardware,core,This SpikeTrack is a purely spike-driven event-camera tracker with adaptive DI-LIF dynamics and efficiency evidence.,discussion,snn_hybrid;task_generalization;hardware,reference,It is a strong event-tracking SNN comparator.,survey_core,no,Codex semantic review of complete title + complete official abstract,not_needed,
CVPR2026-2519,Stable Spike: Dual Consistency Optimization via Bitwise AND Operations for Spiking Neural Networks,2026,CVPR,,yes,yes,36b259806afc763f9b83a203cf8f4925bd5f355a97e7c589a5931e5b1f6c7cc9,"Although the temporal spike dynamics of spiking neural networks (SNNs) enable low-power temporal capture capabilities, they also incur inherent inconsistencies that severely compromise representation. In this paper, we perform dual consistency optimization via Stable Spike to mitigate this problem, thereby improving the recognition performance of SNNs. With the hardware-friendly ""AND"" bit operation, we efficiently decouple the stable spike skeleton from the multi-timestep spike maps, which captures critical semantics and reduces the inconsistency from variable noise spikes. Enforcing the unstable spike maps to converge to the stable spike skeleton significantly improves the inherent consistency across timesteps. Furthermore, we inject amplitude-aware spike noise into the stable spike skeleton to diversify the representations while preserving consistent semantics. The SNN is encouraged to produce perturbation-consistent predictions, thereby contributing to generalization. Extensive experiments across multiple architectures and datasets validate the effectiveness and versatility of our method. In particular, our method significantly advances neuromorphic object recognition under ultra-low latency, improving accuracy by up to 8.33%. This will help unlock the full power consumption and speed potential of SNNs.",https://openaccess.thecvf.com/content/CVPR2026/html/Ding_Stable_Spike_Dual_Consistency_Optimization_via_Bitwise_AND_Operations_for_CVPR_2026_paper.html,background,learning;temporal_modeling;efficiency_hardware,reference,Stable Spike is generic SNN temporal-consistency training; neuromorphic recognition is evaluation rather than event-specific design.,watch,snn_hybrid;hardware,reference,Bitwise consistency is adjacent deployment inspiration.,retained_reference,no,Codex semantic review of complete title + complete official abstract,not_needed,
CVPR2026-0399,Temporal Interaction in Spiking Transformers with Multi-Delay Mixer,2026,CVPR,,yes,yes,a23a48b8dc24ffbd33e15f9c9cf492a71416a02d282c987163f9a456e1a9a20a,"Spiking Neural Networks (SNNs) have gained significant attention due to their event-driven computational paradigm, making them promising for neuromorphic computing. In recent years, the integration of SNNs and Transformer architectures has made remarkable progress in various tasks. However, existing spiking self-attention mechanisms predominantly focus on spatial information while neglecting explicit temporal modeling, leading to suboptimal performance. In this paper, we introduce the Temporal Interaction Coefficient (TIC) to analyze temporal dependency patterns in these spatial-only attention mechanisms, revealing their limited temporal interactions and restricted pattern diversity. To overcome this issue, we propose the Multi-Delay Mixer (MD-Mixer), drawing inspiration from time delay mechanisms in the nervous system. Specifically, MD-Mixer introduces multiple temporal delays to perform effective time mixing and facilitate temporally enriched spatial attention. In addition, it can be integrated seamlessly into existing Spiking Transformers as a drop-in replacement while maintaining computational efficiency. Extensive evaluations on static and neuromorphic benchmarks demonstrate that MD-Mixer substantially improves the performance of Spiking Transformers, outperforming existing state-of-the-art (SOTA) methods. This work establishes MD-Mixer as an effective and general solution for temporal modeling in event-driven architectures.",https://openaccess.thecvf.com/content/CVPR2026/html/Shi_Temporal_Interaction_in_Spiking_Transformers_with_Multi-Delay_Mixer_CVPR_2026_paper.html,background,architecture;temporal_modeling,reference,Multi-delay temporal mixing is generic Spiking Transformer background; neuromorphic benchmarks alone do not make it intersection work.,discussion,snn_hybrid,reference,Learned delay mixing is a useful temporal-memory comparator.,retained_reference,no,Codex semantic review of complete title + complete official abstract,not_needed,
CVPR2026-0405,Temporal Representation Enhancement (TRE): Learning to Forget Dominant Patterns for Enhanced Temporal Spiking Features,2026,CVPR,,yes,yes,2e1884b16cb9f75eba679f930d7474023f5338f637d52be5dd599d4b95128553,"Spiking Neural Networks (SNNs) naturally process visual inputs across multiple timesteps, offering rich temporal dynamics and energy-efficient computation. However, the temporally invariant supervision commonly used in training tends to reinforce the same dominant response patterns across timesteps, leading to redundant representations and limiting temporal discriminability. To overcome this limitation, we introduce Temporal Representation Enhancement(TRE), a novel learning-to-forget paradigm that encourages more diverse and complementary temporal representations. TRE identifies high-contribution semantic patterns through class-specific contribution estimation and temporal accumulation, and selectively suppresses them using a dynamic modulation strategy. By redirecting the model's attention toward alternative yet informative semantic cues, TRE promotes the learning of complementary features across timesteps. This approach not only strengthens the temporal discriminative capacity of SNNs but also enables more effective multi-timestep learning by leveraging richer semantic information. Extensive experiments on both static image datasets and dynamic neuromorphic datasets demonstrate that TRE consistently improves classification accuracy and feature diversity across different SNN backbones.",https://openaccess.thecvf.com/content/CVPR2026/html/Liu_Temporal_Representation_Enhancement_TRE_Learning_to_Forget_Dominant_Patterns_for_CVPR_2026_paper.html,background,learning;temporal_modeling,reference,TRE is generic SNN temporal representation learning with dynamic datasets only as benchmarks.,watch,snn_hybrid,reference,It is adjacent training work.,retained_reference,no,Codex semantic review of complete title + complete official abstract,not_needed,
CVPR2026-3931,Time-Specialized Event-Image Alignment for Blur-to-Video Decomposition,2026,CVPR,,no,yes,b05448f329b4fd2bb06f46674cab6658c4f04b20497b2e099b959f8fb6b16c39,"Motion blur is a common degradation in dynamic imaging. Recent studies have moved beyond restoring a single sharp image from a blurred input and instead target blur decomposition: recovering a temporally continuous sharp video sequence from one motion-blurred image. Event cameras, with their microsecond temporal resolution, can effectively alleviate motion ambiguity. However, existing event-based methods often fail to explicitly model time-aligned event-image features. How to accurately exploit event data to reconstruct frames at different time instants remains largely underexplored. In this paper, we propose TSANet, an event-based blur-to-video decomposition method that time-specializes both event features and image features for alignment. Specifically, we introduce a Relative Time-Encoded Attention module that steers event features toward motion information relevant to a given target time, and a Timesurface Dynamic Warping module that warps image features into the spatial configuration corresponding to that time. With time-specialized motion and image features explicitly aligned at arbitrary query times, our framework can decompose a single blurred image into a high-frame-rate sharp video sequence. In addition, we collect a new dataset containing real events and high-quality color videos, and synthesize blurred inputs by averaging sharp frames to evaluate our method. Experiments on multiple datasets with both synthetic and real events demonstrate that our approach consistently outperforms previous state-of-the-art methods on the blur decomposition task.",https://openaccess.thecvf.com/content/CVPR2026/html/Sun_Time-Specialized_Event-Image_Alignment_for_Blur-to-Video_Decomposition_CVPR_2026_paper.html,exclude,,exclude,Event-image blur-to-video decomposition is specialized non-SNN restoration.,exclude,,exclude,It is outside SECNet.,excluded_from_active_corpus,no,Codex semantic review of complete title + complete official abstract,not_needed,
CVPR2026-0479,Towards Persistence: Learning Topological Constraints for Event-based Small Object Detection,2026,CVPR,,yes,yes,7ae5bbd3b20b069f98adfa8bfb2810101e4d4fb85754c1e6f64f42bcab348d25,"Small object detection (SOD) plays a vital role in applications such as anti-UAV tasks, yet conventional image-based methods struggle in high-speed scenarios due to the limited frame rate. Event cameras offer a promising alternative by capturing spatiotemporal event streams with microsecond-level temporal resolution. To address the inherent sparsity of small objects in event data, existing methods typically formulate the detection task as semantic segmentation on spatiotemporal point clouds to leverage long-term contextual information. However, these methods often fail to enforce effective spatiotemporal consistency constraints, resulting in fragmented object trajectories. To mitigate these problems, we propose a topology-constrained sparse convolutional network (SpTopoNet), which models the topological structure of moving object trajectories in event point clouds. Our network comprises two key components: a Topology Learning Module (TLM) that discriminates local structures to separate genuine targets from noise, and a Spatial Consistency Module (SCM) that captures long-range spatiotemporal dependencies to enhance trajectory continuity. Additionally, we introduce an event topology-aware loss function that leverages topological correlations to guide the network to maintain structural integrity of target event patterns.Experiments on the benchmark dataset demonstrate the superiority of our method in both detection performance and trajectory completeness.",https://openaccess.thecvf.com/content/CVPR2026/html/He_Towards_Persistence_Learning_Topological_Constraints_for_Event-based_Small_Object_Detection_CVPR_2026_paper.html,background,detection;representation_slicing;temporal_modeling,reference,Topological event-point trajectories provide non-spiking small-object detection background.,discussion,event_cloud_point;task_generalization,reference,Point-cloud topology is a relevant Event Cloud comparator.,retained_reference,no,Codex semantic review of complete title + complete official abstract,not_needed,
CVPR2026-1160,Towards Reliable Evaluation of Adversarial Robustness for Spiking Neural Networks,2026,CVPR,,yes,yes,d95ad5ec6a6e77b6507e2c3d75c6d9cfd77a17046a04afccc5313827385ba15b,"Spiking Neural Networks (SNNs) utilize spike-based activations to mimic the brain's energy-efficient information processing. However, the binary and discontinuous nature of spike activations causes vanishing gradients, making adversarial robustness evaluation via gradient descent unreliable. While improved surrogate gradient methods have been proposed, their effectiveness under strong adversarial attacks remains unclear. We propose a more reliable framework for evaluating SNN adversarial robustness. We theoretically analyze the degree of gradient vanishing in surrogate gradients and introduce the Adaptive Sharpness Surrogate Gradient (ASSG), which adaptively evolves the shape of the surrogate function according to the input distribution during attack iterations, thereby enhancing gradient accuracy while mitigating gradient vanishing. In addition, we design an adversarial attack with adaptive step size under the L_infinity constraint--Stable Adaptive Projected Gradient Descent (SA-PGD), achieving faster and more stable convergence under imprecise gradients. Extensive experiments show that our approach substantially increases attack success rates across diverse adversarial training schemes, SNN architectures and neuron models, providing a more generalized and reliable evaluation of SNN adversarial robustness. The experimental results further reveal that the robustness of current SNNs has been significantly overestimated and highlighting the need for more dependable adversarial training methods. The code is released at https://github.com/craree/ASSG-SNNs-Robustness-Evaluation",https://openaccess.thecvf.com/content/CVPR2026/html/Wang_Towards_Reliable_Evaluation_of_Adversarial_Robustness_for_Spiking_Neural_Networks_CVPR_2026_paper.html,background,robustness_open_challenges,reference,Reliable adversarial evaluation is useful generic SNN limitations background without event-camera integration.,exclude,,exclude,Adversarial attacks are outside SECNet.,retained_reference,no,Codex semantic review of complete title + complete official abstract,not_needed,
CVPR2026-0662,Tracking through Severe Occlusion via Event-Derived Transient Cues,2026,CVPR,,yes,yes,8193b90f147be0432db265f6cf3450c866943385e2570a216a290de473773cc5,"Tracking targets with high-speed and nonlinear motion under occlusion remains challenging due to spatial appearance deprivation and temporal trajectory fragmentation caused by missing visual cues. Existing methods typically either dynamically update templates to maintain appearance similarity or employ autoregressive models to predict targets from historical trajectories. However, these methods are ineffective under severe occlusion owing to template contamination and limited frame rates for complex motion. In this work, we observe that occlusion inherently degrades the spatial matching mechanism, highlighting the importance of temporal cues. Meanwhile, event cameras with microsecond-level temporal resolution provide transient dynamic cues that facilitate modeling nonlinear motion. In light of this, we propose EvoTrack, an occlusion-robust tracking framework via event-derived transient evolution, which comprises event-based motion autoregression and target-aware appearance matching. Specifically, for motion autoregression, the fine-grained timestamps of events naturally encode the target's direction and speed, motivating a bidirectional motion consistency that constrains inter-frame displacement prediction under nonlinear motion. For appearance matching, we adopt a Gaussian masking strategy to simulate occlusion degradation, guiding the model to focus on target regions and learn invariant representations. Furthermore, we build a pixel-aligned Frame-Event tracking dataset with higher spatial resolution and explicit occlusion labels. Extensive experiments demonstrate the effectiveness of EvoTrack in challenging occlusion scenes.",https://openaccess.thecvf.com/content/CVPR2026/html/Dong_Tracking_through_Severe_Occlusion_via_Event-Derived_Transient_Cues_CVPR_2026_paper.html,background,tracking;temporal_modeling;datasets_benchmarks,reference,Event-derived transient cues provide non-spiking occlusion-tracking and dataset background.,discussion,datasets;task_generalization,reference,Occlusion robustness is a credible tracking extension.,retained_reference,no,Codex semantic review of complete title + complete official abstract,not_needed,
CVPR2026-2308,TTAPFormer: Robust Arbitrary Point Tracking via Transient Asynchronous Fusion of Frames and Events,2026,CVPR,,yes,yes,8478b9145cf2b6fdcf7040d0becd4550a0465945859a34e2d3e6d68f7f574b2f,"Tracking any point (TAP) is a fundamental yet challenging task in computer vision, requiring high precision and long-term motion reasoning. Recent attempts to combine RGB frames and event streams have shown promise, yet they typically rely on synchronous or non-adaptive fusion, leading to temporal misalignment and severe degradation when one modality fails. We introduce TAPFormer, a transformer-based framework that performs asynchronous temporal-consistent fusion of frames and events for robust and high-frequency arbitrary point tracking.Our key innovation is a Transient Asynchronous Fusion (TAF) mechanism, which explicitly models the temporal evolution between discrete frames through continuous event updates--bridging the gap between low-rate frames and high-rate events. In addition, a Cross-modal Locally Weighted Fusion (CLWF) module adaptively adjusts spatial attention according to modality reliability, yielding stable and discriminative features even under blur or low light.To evaluate our approach under realistic conditions, we construct a novel real-world frame-event TAP dataset under diverse illumination and motion conditions.Our method outperforms existing point trackers, achieving a 28.2% improvement in average pixel error within threshold. Moreover, on standard point tracking benchmarks, our tracker consistently achieves the best performance. We will release the code and dataset upon acceptance to support future research.",https://openaccess.thecvf.com/content/CVPR2026/html/Liu_TTAPFormer_Robust_Arbitrary_Point_Tracking_via_Transient_Asynchronous_Fusion_of_CVPR_2026_paper.html,background,tracking;temporal_modeling;datasets_benchmarks,reference,TTAPFormer supplies asynchronous frame-event fusion and robust point-tracking background without SNNs.,discussion,datasets;task_generalization;scalability_efficiency,reference,High-frequency robust point tracking is a strong extension benchmark.,retained_reference,no,Codex semantic review of complete title + complete official abstract,not_needed,
CVPR2026-2511,Unsupervised 3d Motion Estimation Using Event Camera,2026,CVPR,,no,yes,65ffe30f44dd543a52ff3735338fea4b785e9ef7de4c92e1a82b630f2c5f8482,"Estimating the 3D motion of scene points from 2D observations, typically parameterized by optical flow and motion in depth, is a fundamental problem in computer vision. Existing learning-based methods usually rely on supervised regression from densely labeled data, but their dependence on annotations and limited use of geometric constraints restricts generalization, motivating unsupervised solutions. Unsupervised 3D motion estimation is challenging because motion along the viewing direction is unobservable, and optical flow and motion in depth are geometrically coupled, making their separation ambiguous. Event cameras capture per-pixel brightness changes asynchronously with microsecond latency, providing high temporal resolution and motion continuity. Projecting event streams along different axes reveals spatiotemporal expansion and contraction patterns that encode depth variation and geometric structure, offering rich cues for unsupervised estimation. Leveraging these properties, we propose an unsupervised event-based 3D motion estimation framework that jointly models optical flow and motion in depth. We first derive an analytical relationship to infer initial motion in depth from estimated flow and further refine it using a directional expansion modulation module that captures horizontal and vertical expansion-contraction patterns in event projections. Finally, motion in depth is incorporated into optical flow warping under a contrast maximization objective. Experiments on the CarlaEvent3D dataset show that our method achieves competitive accuracy and strong generalization, advancing unsupervised 3D motion estimation in the event domain.",https://openaccess.thecvf.com/content/CVPR2026/html/Han_Unsupervised_3d_Motion_Estimation_Using_Event_Camera_CVPR_2026_paper.html,exclude,,exclude,Unsupervised event 3D motion is specialized non-SNN geometry.,exclude,,exclude,It is outside SECNet's architecture direction.,excluded_from_active_corpus,no,Codex semantic review of complete title + complete official abstract,not_needed,
CVPR2026-3330,x^2-Fusion: Cross-Modality and Cross-Dimension Flow Estimation in Event Edge Space,2026,CVPR,,yes,yes,399cd2aea1b396c291b60d55e03a7fdbadf19cc247d997c8342f778fb61ff7d4,"Estimating dense 2D optical flow and 3D scene flow is essential for dynamic scene understanding. Recent work combines images, LiDAR, and event data to jointly predict 2D and 3D motion, yet most approaches operate in separate heterogeneous feature spaces. Without a shared latent space that all modalities can align to, these systems rely on multiple modality-specific blocks, leaving cross-sensor mismatches unresolved and making fusion unnecessarily complex. Event cameras naturally provide a spatiotemporal edge signal, which we can treat as an intrinsic edge field to anchor a unified latent representation, termed the Event Edge Space. Building on this idea, we introduce x^2-Fusion, which reframes multimodal fusion as representation unification: event-derived spatiotemporal edges define an edge-centric homogeneous space, and image and LiDAR features are explicitly aligned in this shared representation. Within this space, we perform reliability-aware adaptive fusion to estimate modality reliability and emphasize stable cues under degradation. We further employ cross-dimension contrast learning to tightly couple 2D optical flow with 3D scene flow. Extensive experiments on both synthetic and real benchmarks show that x^2-Fusion achieves state-of-the-art accuracy under standard conditions and delivers substantial improvements in challenging scenarios.",https://openaccess.thecvf.com/content/CVPR2026/html/Guo_x2-Fusion_Cross-Modality_and_Cross-Dimension_Flow_Estimation_in_Event_Edge_Space_CVPR_2026_paper.html,background,temporal_modeling;pose_depth_segmentation;robustness_open_challenges,reference,Event Edge Space gives non-spiking multimodal flow representation and reliability-aware fusion background.,discussion,task_generalization;scalability_efficiency,reference,Unified event-edge representation is a useful cross-modal comparator.,retained_reference,no,Codex semantic review of complete title + complete official abstract,not_needed,
