paper_id,title,year,venue,survey_role,survey_topics,survey_reason,official_track,pdf_link,official_page,card_path
CVPR2025-1714,Towards Effective and Sparse Adversarial Attack on Spiking Neural Networks via Breaking Invisible Surrogate Gradients,2025,CVPR,included,robustness_open_challenges;event_to_spike,"The attack explicitly targets SNNs on binary DVS data and exposes event-stream-specific robustness issues, but it is peripheral to the main architecture/training narrative.",,https://openaccess.thecvf.com/content/CVPR2025/papers/Lun_Towards_Effective_and_Sparse_Adversarial_Attack_on_Spiking_Neural_Networks_CVPR_2025_paper.pdf,https://openaccess.thecvf.com/content/CVPR2025/html/Lun_Towards_Effective_and_Sparse_Adversarial_Attack_on_Spiking_Neural_Networks_CVPR_2025_paper.html,01-papers-by-conference/CVPR2025/A/2025-CVPR-A-towards-effective-and-sparse-adversarial-attack-on-spiking-neural-networks-via-breaking-in.md
ECCV2024-1737,REDIR: Refocus-free Event-based De-occlusion Image Reconstruction,2024,ECCV,included,architecture;temporal_modeling;reconstruction_restoration;learning,"REDIR integrates an SNN block with spatiotemporal attention for pure-event de-occlusion reconstruction, providing hybrid reconstruction coverage beyond classification and detection.",,https://www.ecva.net/papers/eccv_2024/papers_ECCV/papers/10433.pdf,https://eccv.ecva.net/virtual/2024/poster/2118,01-papers-by-conference/ECCV2024/A/2024-ECCV-A-redir-refocus-free-event-based-de-occlusion-image-reconstruction.md
ICLR2026-0792,3DSMT: A Hybrid Spiking Mamba-Transformer for Point Cloud Analysis,2026,ICLR,background,architecture;efficiency_hardware,3DSMT is a hybrid spiking Mamba-Transformer for conventional 3D point clouds; its sparse-computation evidence is SNN background rather than Event Cloud evidence.,,https://proceedings.iclr.cc/paper_files/paper/2026/file/27c8b849acba6793f0b73f7ee7ea7397-Paper-Conference.pdf,https://proceedings.iclr.cc/paper_files/paper/2026/hash/27c8b849acba6793f0b73f7ee7ea7397-Abstract-Conference.html,01-papers-by-conference/ICLR2026/C/ICLR2026-0792.md
ICLR2026-5290,A Brain-Inspired Gating Mechanism Unlocks Robust Computation in Spiking Neural Networks,2026,ICLR,background,architecture;temporal_modeling;robustness_open_challenges,DGN adds activity-dependent membrane conductance for selective filtering and noise robustness in generic SNNs.,,https://proceedings.iclr.cc/paper_files/paper/2026/file/fc92064236f06645e0b5ec5a8a16565d-Paper-Conference.pdf,https://proceedings.iclr.cc/paper_files/paper/2026/hash/fc92064236f06645e0b5ec5a8a16565d-Abstract-Conference.html,01-papers-by-conference/ICLR2026/C/ICLR2026-5290.md
ICLR2026-0763,A Unified Total Variation Framework for Membrane Potential Perturbation Dynamic,2026,ICLR,background,architecture;learning;robustness_open_challenges,"The TV-l1 interpretation of membrane-potential perturbation dynamics is generic SNN robustness and denoising evidence, not event-camera integration.",,https://proceedings.iclr.cc/paper_files/paper/2026/file/25c5133ad2ab138f448b71b3c7345ec3-Paper-Conference.pdf,https://proceedings.iclr.cc/paper_files/paper/2026/hash/25c5133ad2ab138f448b71b3c7345ec3-Abstract-Conference.html,01-papers-by-conference/ICLR2026/C/ICLR2026-0763.md
ICLR2026-0214,Advancing Spatiotemporal Representations in Spiking Neural Networks via Parametric Invertible Transformation,2026,ICLR,background,architecture;temporal_modeling;learning;efficiency_hardware,PIT expands binary spike representations and corrects surrogate-gradient mismatch; neuromorphic datasets remain evaluation rather than an event-camera-specific contribution.,,https://proceedings.iclr.cc/paper_files/paper/2026/file/0ac46bb0a72a7afe311d9b48b5088df8-Paper-Conference.pdf,https://proceedings.iclr.cc/paper_files/paper/2026/hash/0ac46bb0a72a7afe311d9b48b5088df8-Abstract-Conference.html,01-papers-by-conference/ICLR2026/C/ICLR2026-0214.md
CVPR2026-3465,AIMDepth: Asymmetric Image-Event Mamba for Monocular Depth Estimation,2026,CVPR,background,pose_depth_segmentation;temporal_modeling;architecture,AIMDepth is non-spiking event-image depth background; its detachable Fourier SCPG module is Advisor evidence rather than a reason to make Mamba/SSM a survey axis.,,https://openaccess.thecvf.com/content/CVPR2026/papers/Jing_AIMDepth_Asymmetric_Image-Event_Mamba_for_Monocular_Depth_Estimation_CVPR_2026_paper.pdf,https://openaccess.thecvf.com/content/CVPR2026/html/Jing_AIMDepth_Asymmetric_Image-Event_Mamba_for_Monocular_Depth_Estimation_CVPR_2026_paper.html,01-papers-by-conference/CVPR2026/B/2026-CVPR-B-aimdepth-asymmetric-image-event-mamba-for-monocular-depth-estimation.md
CVPR2026-4013,ARES: Unifying Asymmetric RGB-Event Stereo for Probabilistic Scene Flow Estimation,2026,CVPR,background,pose_depth_segmentation;temporal_modeling,ARES supplies non-spiking RGB-event stereo and scene-flow modeling background.,,https://openaccess.thecvf.com/content/CVPR2026/papers/Lee_ARES_Unifying_Asymmetric_RGB-Event_Stereo_for_Probabilistic_Scene_Flow_Estimation_CVPR_2026_paper.pdf,https://openaccess.thecvf.com/content/CVPR2026/html/Lee_ARES_Unifying_Asymmetric_RGB-Event_Stereo_for_Probabilistic_Scene_Flow_Estimation_CVPR_2026_paper.html,01-papers-by-conference/CVPR2026/B/2026-CVPR-B-ares-unifying-asymmetric-rgb-event-stereo-for-probabilistic-scene-flow-estimation.md
CVPR2026-2514,Beyond Duality: A Hybrid Framework of Leveraging Shared and Private Features for RGB-Event Object Detection,2026,CVPR,background,detection;representation_slicing,SPFD gives non-spiking frequency-domain RGB-event feature disentanglement for detection.,,https://openaccess.thecvf.com/content/CVPR2026/papers/Wang_Beyond_Duality_A_Hybrid_Framework_of_Leveraging_Shared_and_Private_CVPR_2026_paper.pdf,https://openaccess.thecvf.com/content/CVPR2026/html/Wang_Beyond_Duality_A_Hybrid_Framework_of_Leveraging_Shared_and_Private_CVPR_2026_paper.html,01-papers-by-conference/CVPR2026/B/2026-CVPR-B-beyond-duality-a-hybrid-framework-of-leveraging-shared-and-private-features-for-rgb-event-.md
ICLR2026-2610,Beyond Linear Processing: Dendritic Bilinear Integration in Spiking Neural Networks,2026,ICLR,background,architecture;temporal_modeling;efficiency_hardware,DLIF adds bilinear dendritic integration to generic SNN neurons; DVS benchmarks are evaluation only.,,https://proceedings.iclr.cc/paper_files/paper/2026/file/7d1fe4f9eecba80469c7434d1c725ec2-Paper-Conference.pdf,https://proceedings.iclr.cc/paper_files/paper/2026/hash/7d1fe4f9eecba80469c7434d1c725ec2-Abstract-Conference.html,01-papers-by-conference/ICLR2026/C/ICLR2026-2610.md
CVPR2026-1217,Bidirectional Cross-Modal Prompting for Event-Frame Asymmetric Stereo,2026,CVPR,background,pose_depth_segmentation;learning,Cross-modal event-frame stereo prompting is non-spiking transfer background.,,https://openaccess.thecvf.com/content/CVPR2026/papers/Xu_Bidirectional_Cross-Modal_Prompting_for_Event-Frame_Asymmetric_Stereo_CVPR_2026_paper.pdf,https://openaccess.thecvf.com/content/CVPR2026/html/Xu_Bidirectional_Cross-Modal_Prompting_for_Event-Frame_Asymmetric_Stereo_CVPR_2026_paper.html,01-papers-by-conference/CVPR2026/B/2026-CVPR-B-bidirectional-cross-modal-prompting-for-event-frame-asymmetric-stereo.md
ICLR2026-0875,Biologically Plausible Learning via Bidirectional Spike-Based Distillation,2026,ICLR,background,architecture;learning,BSD trains forward and backward spiking networks through spike-based distillation as a biologically plausible alternative to backpropagation.,,https://proceedings.iclr.cc/paper_files/paper/2026/file/2b3a408f243e5bad72c19fc9db732229-Paper-Conference.pdf,https://proceedings.iclr.cc/paper_files/paper/2026/hash/2b3a408f243e5bad72c19fc9db732229-Abstract-Conference.html,01-papers-by-conference/ICLR2026/C/ICLR2026-0875.md
ICLR2026-0603,Breaking Gradient Temporal Collinearity for Robust Spiking Neural Networks,2026,ICLR,background,architecture;temporal_modeling;learning;robustness_open_challenges,"STOD analyzes temporal gradient collinearity in direct SNN encoding and improves robustness, but it is not designed around event-camera data.",,https://proceedings.iclr.cc/paper_files/paper/2026/file/1e282939ceea7962697a0b8eeecf0960-Paper-Conference.pdf,https://proceedings.iclr.cc/paper_files/paper/2026/hash/1e282939ceea7962697a0b8eeecf0960-Abstract-Conference.html,01-papers-by-conference/ICLR2026/C/ICLR2026-0603.md
ICLR2026-3902,Cannistraci-Hebb Training on Ultra-Sparse Spiking Neural Networks,2026,ICLR,background,architecture;learning;efficiency_hardware,CH-SNN jointly exploits activation and structural sparsity and includes processor-level efficiency evidence for generic SNN deployment.,,https://proceedings.iclr.cc/paper_files/paper/2026/file/baa7fc022f35b6ea7b8b2a2fe60babe0-Paper-Conference.pdf,https://proceedings.iclr.cc/paper_files/paper/2026/hash/baa7fc022f35b6ea7b8b2a2fe60babe0-Abstract-Conference.html,01-papers-by-conference/ICLR2026/C/ICLR2026-3902.md
ICLR2026-1722,CaRe-BN: Precise Moving Statistics for Stabilizing Spiking Neural Networks in Reinforcement Learning,2026,ICLR,background,learning;efficiency_hardware,CaRe-BN stabilizes online SNN reinforcement learning through adaptive normalization statistics while leaving inference unchanged.,,https://proceedings.iclr.cc/paper_files/paper/2026/file/5321b1dabcd2be188d796c21b733e8c7-Paper-Conference.pdf,https://proceedings.iclr.cc/paper_files/paper/2026/hash/5321b1dabcd2be188d796c21b733e8c7-Abstract-Conference.html,01-papers-by-conference/ICLR2026/C/ICLR2026-1722.md
CVPR2026-3561,DarkShake-DVS: Event-based Human Action Recognition under Low-light and Shaking Camera Conditions,2026,CVPR,background,classification_recognition;datasets_benchmarks;robustness_open_challenges,"DarkShake-DVS supplies event-side action-recognition robustness and a real benchmark, but no explicit SNN.",,https://openaccess.thecvf.com/content/CVPR2026/papers/Chen_DarkShake-DVS_Event-based_Human_Action_Recognition_under_Low-light_and_Shaking_Camera_CVPR_2026_paper.pdf,https://openaccess.thecvf.com/content/CVPR2026/html/Chen_DarkShake-DVS_Event-based_Human_Action_Recognition_under_Low-light_and_Shaking_Camera_CVPR_2026_paper.html,01-papers-by-conference/CVPR2026/B/2026-CVPR-B-darkshake-dvs-event-based-human-action-recognition-under-low-light-and-shaking-camera-cond.md
CVPR2026-1239,Depth Hypothesis Guided Iterative Refinement for Event-Image Monocular Depth Estimation,2026,CVPR,background,pose_depth_segmentation;efficiency_hardware,HypoDepth is non-spiking event-image depth background with real-time efficiency.,,https://openaccess.thecvf.com/content/CVPR2026/papers/Liu_Depth_Hypothesis_Guided_Iterative_Refinement_for_Event-Image_Monocular_Depth_Estimation_CVPR_2026_paper.pdf,https://openaccess.thecvf.com/content/CVPR2026/html/Liu_Depth_Hypothesis_Guided_Iterative_Refinement_for_Event-Image_Monocular_Depth_Estimation_CVPR_2026_paper.html,01-papers-by-conference/CVPR2026/B/2026-CVPR-B-depth-hypothesis-guided-iterative-refinement-for-event-image-monocular-depth-estimation.md
ICLR2026-3533,Difference Predictive Coding for Training Spiking Neural Networks,2026,ICLR,background,architecture;learning;efficiency_hardware,"DiffPC replaces dense predictive-coding messages with sparse ternary spikes for local, communication-efficient SNN training.",,https://proceedings.iclr.cc/paper_files/paper/2026/file/aa31dc84098add7dd2ffdd20646f2043-Paper-Conference.pdf,https://proceedings.iclr.cc/paper_files/paper/2026/hash/aa31dc84098add7dd2ffdd20646f2043-Abstract-Conference.html,01-papers-by-conference/ICLR2026/C/ICLR2026-3533.md
ICLR2026-2705,Distribution-Aware Multi-Granularity Phase Coding: Towards Lower Conversion Error for Spike-Driven Large Language Models,2026,ICLR,background,architecture;learning;efficiency_hardware,"Multi-granularity phase coding reduces ANN-to-SNN conversion error for language models and supplies conversion background, not event-camera integration.",,https://proceedings.iclr.cc/paper_files/paper/2026/file/81858886d6a6f22c2e555e9d8f5172d9-Paper-Conference.pdf,https://proceedings.iclr.cc/paper_files/paper/2026/hash/81858886d6a6f22c2e555e9d8f5172d9-Abstract-Conference.html,01-papers-by-conference/ICLR2026/C/ICLR2026-2705.md
CVPR2026-3157,"DSERT-RoLL: Robust Multi-Modal Perception for Diverse Driving Conditions with Stereo Event-RGB-Thermal Cameras, 4D Radar, and Dual-LiDAR",2026,CVPR,background,datasets_benchmarks;detection;robustness_open_challenges,"DSERT-RoLL is an event-inclusive multimodal driving benchmark, useful for event-side evaluation but non-spiking.",,https://openaccess.thecvf.com/content/CVPR2026/papers/Cho_DSERT-RoLL_Robust_Multi-Modal_Perception_for_Diverse_Driving_Conditions_with_Stereo_CVPR_2026_paper.pdf,https://openaccess.thecvf.com/content/CVPR2026/html/Cho_DSERT-RoLL_Robust_Multi-Modal_Perception_for_Diverse_Driving_Conditions_with_Stereo_CVPR_2026_paper.html,01-papers-by-conference/CVPR2026/B/2026-CVPR-B-dsert-roll-robust-multi-modal-perception-for-diverse-driving-conditions-with-stereo-event-.md
CVPR2026-2053,E-3DPSM: A State Machine for Event-based Egocentric 3D Human Pose Estimation,2026,CVPR,background,pose_depth_segmentation;temporal_modeling,E-3DPSM provides event-side continuous state-machine pose modeling but no SNN.,,https://openaccess.thecvf.com/content/CVPR2026/papers/Deshmukh_E-3DPSM_A_State_Machine_for_Event-based_Egocentric_3D_Human_Pose_CVPR_2026_paper.pdf,https://openaccess.thecvf.com/content/CVPR2026/html/Deshmukh_E-3DPSM_A_State_Machine_for_Event-based_Egocentric_3D_Human_Pose_CVPR_2026_paper.html,01-papers-by-conference/CVPR2026/B/2026-CVPR-B-e-3dpsm-a-state-machine-for-event-based-egocentric-3d-human-pose-estimation.md
ICLR2026-3142,EA3D: Event-Augmented 3D Diffusion for Generalizable Novel View Synthesis,2026,ICLR,background,representation_slicing;reconstruction_restoration;datasets_benchmarks,EA3D is non-spiking event/RGB novel-view synthesis and dataset background.,,https://proceedings.iclr.cc/paper_files/paper/2026/file/959f70ee50044bed305e48e3484005a7-Paper-Conference.pdf,https://proceedings.iclr.cc/paper_files/paper/2026/hash/959f70ee50044bed305e48e3484005a7-Abstract-Conference.html,01-papers-by-conference/ICLR2026/B/ICLR2026-3142.md
CVPR2026-3467,EV-CGNet: Co-visible Focused 3D-guided 2D Event Keypoint Detection Network,2026,CVPR,background,representation_slicing;pose_depth_segmentation,EV-CGNet uses event points to guide event-frame keypoint prototypes and matching. It is non-spiking sparse/dense representation background outside Survey Core.,,https://openaccess.thecvf.com/content/CVPR2026/papers/Gao_EV-CGNet_Co-visible_Focused_3D-guided_2D_Event_Keypoint_Detection_Network_CVPR_2026_paper.pdf,https://openaccess.thecvf.com/content/CVPR2026/html/Gao_EV-CGNet_Co-visible_Focused_3D-guided_2D_Event_Keypoint_Detection_Network_CVPR_2026_paper.html,01-papers-by-conference/CVPR2026/B/2026-CVPR-B-ev-cgnet-co-visible-focused-3d-guided-2d-event-keypoint-detection-network.md
CVPR2026-0881,Event Stream Filtering via Probability Flux Estimation,2026,CVPR,background,robustness_open_challenges;representation_slicing;datasets_benchmarks,"EDFilter contributes physically interpretable event noise filtering and a microsecond ground-truth dataset, without SNNs.",,https://openaccess.thecvf.com/content/CVPR2026/papers/Chen_Event_Stream_Filtering_via_Probability_Flux_Estimation_CVPR_2026_paper.pdf,https://openaccess.thecvf.com/content/CVPR2026/html/Chen_Event_Stream_Filtering_via_Probability_Flux_Estimation_CVPR_2026_paper.html,01-papers-by-conference/CVPR2026/B/2026-CVPR-B-event-stream-filtering-via-probability-flux-estimation.md
CVPR2026-3419,Event-Based Motion Deblurring Using Task-Oriented 3D Gaussian Event Representations,2026,CVPR,background,representation_slicing;reconstruction_restoration,"Learned 3D Gaussian event aggregation is event-side representation background for deblurring, but non-spiking.",,https://openaccess.thecvf.com/content/CVPR2026/papers/Xue_Event-Based_Motion_Deblurring_Using_Task-Oriented_3D_Gaussian_Event_Representations_CVPR_2026_paper.pdf,https://openaccess.thecvf.com/content/CVPR2026/html/Xue_Event-Based_Motion_Deblurring_Using_Task-Oriented_3D_Gaussian_Event_Representations_CVPR_2026_paper.html,01-papers-by-conference/CVPR2026/B/2026-CVPR-B-event-based-motion-deblurring-using-task-oriented-3d-gaussian-event-representations.md
CVPR2026-2084,Event6D: Event-based Novel Object 6D Pose Tracking,2026,CVPR,background,tracking;pose_depth_segmentation;datasets_benchmarks,Event6D supplies high-frequency novel-object pose tracking and benchmark evidence without SNNs.,,https://openaccess.thecvf.com/content/CVPR2026/papers/Kang_Event6D_Event-based_Novel_Object_6D_Pose_Tracking_CVPR_2026_paper.pdf,https://openaccess.thecvf.com/content/CVPR2026/html/Kang_Event6D_Event-based_Novel_Object_6D_Pose_Tracking_CVPR_2026_paper.html,01-papers-by-conference/CVPR2026/B/2026-CVPR-B-event6d-event-based-novel-object-6d-pose-tracking.md
ICLR2026-2357,EventFlash: Towards Efficient MLLMs for Event-Based Vision,2026,ICLR,background,representation_slicing;temporal_modeling;efficiency_hardware;datasets_benchmarks,"EventFlash provides efficient long-range event-stream MLLM processing and a large instruction dataset, but no SNN.",,https://proceedings.iclr.cc/paper_files/paper/2026/file/716eeb39cc7ac74cbbf38da3e877f34f-Paper-Conference.pdf,https://proceedings.iclr.cc/paper_files/paper/2026/hash/716eeb39cc7ac74cbbf38da3e877f34f-Abstract-Conference.html,01-papers-by-conference/ICLR2026/B/ICLR2026-2357.md
CVPR2026-1824,EventHub: Data Factory for Generalizable Event-Based Stereo Networks without Active Sensors,2026,CVPR,background,pose_depth_segmentation;learning;datasets_benchmarks,EventHub supplies scalable event-stereo data distillation and generalization background without SNNs.,,https://openaccess.thecvf.com/content/CVPR2026/papers/Bartolomei_EventHub_Data_Factory_for_Generalizable_Event-Based_Stereo_Networks_without_Active_CVPR_2026_paper.pdf,https://openaccess.thecvf.com/content/CVPR2026/html/Bartolomei_EventHub_Data_Factory_for_Generalizable_Event-Based_Stereo_Networks_without_Active_CVPR_2026_paper.html,01-papers-by-conference/CVPR2026/B/2026-CVPR-B-eventhub-data-factory-for-generalizable-event-based-stereo-networks-without-active-sensors.md
CVPR2026-3325,FlashCap: Millisecond-Accurate Human Motion Capture via Flashing LEDs and Event-Based Vision,2026,CVPR,background,pose_depth_segmentation;datasets_benchmarks;efficiency_hardware,FlashCap supplies millisecond-resolution event/RGB/LiDAR/IMU motion capture and an event-RGB pose baseline. It is task and dataset background without an SNN.,,https://openaccess.thecvf.com/content/CVPR2026/papers/Wu_FlashCap_Millisecond-Accurate_Human_Motion_Capture_via_Flashing_LEDs_and_Event-Based_CVPR_2026_paper.pdf,https://openaccess.thecvf.com/content/CVPR2026/html/Wu_FlashCap_Millisecond-Accurate_Human_Motion_Capture_via_Flashing_LEDs_and_Event-Based_CVPR_2026_paper.html,01-papers-by-conference/CVPR2026/B/2026-CVPR-B-flashcap-millisecond-accurate-human-motion-capture-via-flashing-leds-and-event-based-visio.md
ICLR2026-2691,Fractional-Order Spiking Neural Network,2026,ICLR,background,architecture;temporal_modeling;efficiency_hardware;robustness_open_challenges,"Fractional-order membrane dynamics model non-Markovian long-term dependencies in generic SNNs and report accuracy, energy, and noise robustness.",,https://proceedings.iclr.cc/paper_files/paper/2026/file/80b4df828ee59926a5f2422f1c072d88-Paper-Conference.pdf,https://proceedings.iclr.cc/paper_files/paper/2026/hash/80b4df828ee59926a5f2422f1c072d88-Abstract-Conference.html,01-papers-by-conference/ICLR2026/C/ICLR2026-2691.md
CVPR2026-2682,From Contrast to Consistency: Rethinking Event-based Continuous-Time Optical Flow Estimation,2026,CVPR,background,temporal_modeling;learning,Continuous-time event flow with structural consistency is non-spiking temporal-learning background.,,https://openaccess.thecvf.com/content/CVPR2026/papers/Hu_From_Contrast_to_Consistency_Rethinking_Event-based_Continuous-Time_Optical_Flow_Estimation_CVPR_2026_paper.pdf,https://openaccess.thecvf.com/content/CVPR2026/html/Hu_From_Contrast_to_Consistency_Rethinking_Event-based_Continuous-Time_Optical_Flow_Estimation_CVPR_2026_paper.html,01-papers-by-conference/CVPR2026/B/2026-CVPR-B-from-contrast-to-consistency-rethinking-event-based-continuous-time-optical-flow-estimatio.md
ICLR2026-2045,LiFR-Seg: Anytime High-Frame-Rate Segmentation via Event-Guided Propagation,2026,ICLR,background,pose_depth_segmentation;temporal_modeling,Event-guided high-frame-rate segmentation is event-camera task background without spiking computation.,,https://proceedings.iclr.cc/paper_files/paper/2026/file/620221d506055afba5ee7ab895277233-Paper-Conference.pdf,https://proceedings.iclr.cc/paper_files/paper/2026/hash/620221d506055afba5ee7ab895277233-Abstract-Conference.html,01-papers-by-conference/ICLR2026/B/ICLR2026-2045.md
CVPR2026-0806,"LiREC-Net: A Target-Free and Learning-Based Network for LiDAR, RGB, and Event Calibration",2026,CVPR,background,datasets_benchmarks;robustness_open_challenges,"LiREC-Net explicitly calibrates LiDAR, RGB, and event data in one target-free network. It provides non-spiking sensor-alignment and deployment background, not intersection-Core evidence.",,https://openaccess.thecvf.com/content/CVPR2026/papers/Dash_LiREC-Net_A_Target-Free_and_Learning-Based_Network_for_LiDAR_RGB_and_CVPR_2026_paper.pdf,https://openaccess.thecvf.com/content/CVPR2026/html/Dash_LiREC-Net_A_Target-Free_and_Learning-Based_Network_for_LiDAR_RGB_and_CVPR_2026_paper.html,01-papers-by-conference/CVPR2026/B/2026-CVPR-B-lirec-net-a-target-free-and-learning-based-network-for-lidar-rgb-and-event-calibration.md
ICLR2026-5039,"Many Eyes, One Mind: Temporal Multi-Perspective and Progressive Distillation for Spiking Neural Networks",2026,ICLR,background,learning;temporal_modeling,MEOM uses multi-perspective temporal knowledge distillation to improve SNN predictions across truncated timesteps.,,https://proceedings.iclr.cc/paper_files/paper/2026/file/f04957cc30544d62386f402e1da0b001-Paper-Conference.pdf,https://proceedings.iclr.cc/paper_files/paper/2026/hash/f04957cc30544d62386f402e1da0b001-Abstract-Conference.html,01-papers-by-conference/ICLR2026/C/ICLR2026-5039.md
ICLR2026-4202,Maximizing Asynchronicity in Event-based Neural Networks,2026,ICLR,background,event_to_spike;representation_slicing;temporal_modeling;efficiency_hardware,"EVA learns asynchronous event-by-event features from event cameras, but is an A2S framework rather than an SNN.",,https://proceedings.iclr.cc/paper_files/paper/2026/file/c8ff6807d1f362bb22b4f0be7b66e9ca-Paper-Conference.pdf,https://proceedings.iclr.cc/paper_files/paper/2026/hash/c8ff6807d1f362bb22b4f0be7b66e9ca-Abstract-Conference.html,01-papers-by-conference/ICLR2026/B/ICLR2026-4202.md
CVPR2026-2128,MER-Tracker: Towards High-Speed 3D Point Tracking via Multi-View Event-RGB Hybrid Cameras,2026,CVPR,background,tracking;datasets_benchmarks;temporal_modeling,MER-Tracker contributes high-speed event-RGB 3D tracking and datasets but no SNN.,,https://openaccess.thecvf.com/content/CVPR2026/papers/Chang_MER-Tracker_Towards_High-Speed_3D_Point_Tracking_via_Multi-View_Event-RGB_Hybrid_CVPR_2026_paper.pdf,https://openaccess.thecvf.com/content/CVPR2026/html/Chang_MER-Tracker_Towards_High-Speed_3D_Point_Tracking_via_Multi-View_Event-RGB_Hybrid_CVPR_2026_paper.html,01-papers-by-conference/CVPR2026/B/2026-CVPR-B-mer-tracker-towards-high-speed-3d-point-tracking-via-multi-view-event-rgb-hybrid-cameras.md
CVPR2026-0226,Moving Border Ownership for Event-based Motion Segmentation,2026,CVPR,background,pose_depth_segmentation;robustness_open_challenges,Moving border ownership supplies event-side motion-segmentation and zero-shot generalization evidence without SNNs.,,https://openaccess.thecvf.com/content/CVPR2026/papers/Hua_Moving_Border_Ownership_for_Event-based_Motion_Segmentation_CVPR_2026_paper.pdf,https://openaccess.thecvf.com/content/CVPR2026/html/Hua_Moving_Border_Ownership_for_Event-based_Motion_Segmentation_CVPR_2026_paper.html,01-papers-by-conference/CVPR2026/B/2026-CVPR-B-moving-border-ownership-for-event-based-motion-segmentation.md
ICLR2026-1982,Neural Dynamics Self-Attention for Spiking Transformers,2026,ICLR,background,architecture;efficiency_hardware,LRF-Dyn replaces explicit spiking-attention matrices with localized charge-fire-reset dynamics to reduce inference memory.,,https://proceedings.iclr.cc/paper_files/paper/2026/file/5fc6b31407972f3226464a9178e93da7-Paper-Conference.pdf,https://proceedings.iclr.cc/paper_files/paper/2026/hash/5fc6b31407972f3226464a9178e93da7-Abstract-Conference.html,01-papers-by-conference/ICLR2026/C/ICLR2026-1982.md
CVPR2026-0111,On the Role of Temporal Granularity in the Robustness of Spiking Neural Networks,2026,CVPR,background,robustness_open_challenges;temporal_modeling,Temporal-granularity robustness is useful generic SNN analysis without event-camera integration.,,https://openaccess.thecvf.com/content/CVPR2026/papers/Xu_On_the_Role_of_Temporal_Granularity_in_the_Robustness_of_CVPR_2026_paper.pdf,https://openaccess.thecvf.com/content/CVPR2026/html/Xu_On_the_Role_of_Temporal_Granularity_in_the_Robustness_of_CVPR_2026_paper.html,01-papers-by-conference/CVPR2026/C/2026-CVPR-C-on-the-role-of-temporal-granularity-in-the-robustness-of-spiking-neural-networks.md
ICLR2026-4592,Online Pseudo-Zeroth-Order Training of Neuromorphic Spiking Neural Networks,2026,ICLR,background,learning;efficiency_hardware,"OPZO provides online, backpropagation-free spatial credit assignment aimed at on-chip SNN training.",,https://proceedings.iclr.cc/paper_files/paper/2026/file/db0eac6747e3631eb91095cd76065611-Paper-Conference.pdf,https://proceedings.iclr.cc/paper_files/paper/2026/hash/db0eac6747e3631eb91095cd76065611-Abstract-Conference.html,01-papers-by-conference/ICLR2026/C/ICLR2026-4592.md
ICLR2026-3050,Otters: An Energy-Efficient Spiking Transformer via Optical Time-to-First-Spike Encoding,2026,ICLR,background,event_to_spike;architecture;efficiency_hardware,"Otters uses optical time-to-first-spike encoding in an efficient Spiking Transformer, providing spike-coding background without event-camera input.",,https://proceedings.iclr.cc/paper_files/paper/2026/file/9200d97ca2bf3a26db7b591844014f00-Paper-Conference.pdf,https://proceedings.iclr.cc/paper_files/paper/2026/hash/9200d97ca2bf3a26db7b591844014f00-Abstract-Conference.html,01-papers-by-conference/ICLR2026/C/ICLR2026-3050.md
ICLR2026-4085,PredNext: Explicit Cross-View Temporal Prediction for Unsupervised Learning in Spiking Neural Networks,2026,ICLR,background,learning;temporal_modeling,PredNext develops cross-view future prediction for unsupervised temporal learning in SNNs on conventional video datasets.,,https://proceedings.iclr.cc/paper_files/paper/2026/file/c3d4627195d9e1753cf12c9586e8e60f-Paper-Conference.pdf,https://proceedings.iclr.cc/paper_files/paper/2026/hash/c3d4627195d9e1753cf12c9586e8e60f-Abstract-Conference.html,01-papers-by-conference/ICLR2026/C/ICLR2026-4085.md
ICLR2026-3392,Random Spiking Neural Networks are Stable and Spectrally Simple,2026,ICLR,background,architecture;robustness_open_challenges,"The paper analyzes stability and Fourier-spectrum simplicity of random LIF-SNN Boolean functions; this is theoretical SNN robustness, not an event-side FFT method.",,https://proceedings.iclr.cc/paper_files/paper/2026/file/a2ec17e328738933b6cd8ae413d17542-Paper-Conference.pdf,https://proceedings.iclr.cc/paper_files/paper/2026/hash/a2ec17e328738933b6cd8ae413d17542-Abstract-Conference.html,01-papers-by-conference/ICLR2026/C/ICLR2026-3392.md
CVPR2026-3426,Reconstructing Spiking Neural Networks Using a Single Neuron with Autapses,2026,CVPR,background,architecture;temporal_modeling;efficiency_hardware,Single-neuron temporal multiplexing is unusual generic SNN architecture background; event-based benchmarks are evaluation only.,,https://openaccess.thecvf.com/content/CVPR2026/papers/Cai_Reconstructing_Spiking_Neural_Networks_Using_a_Single_Neuron_with_Autapses_CVPR_2026_paper.pdf,https://openaccess.thecvf.com/content/CVPR2026/html/Cai_Reconstructing_Spiking_Neural_Networks_Using_a_Single_Neuron_with_Autapses_CVPR_2026_paper.html,01-papers-by-conference/CVPR2026/C/2026-CVPR-C-reconstructing-spiking-neural-networks-using-a-single-neuron-with-autapses.md
CVPR2026-2929,Rethinking SNN Online Training and Deployment: Gradient-Coherent Learning via Hybrid-Driven LIF Model,2026,CVPR,background,learning;temporal_modeling;efficiency_hardware,HD-LIF advances generic SNN online training and deployment without event-camera-specific design.,,https://openaccess.thecvf.com/content/CVPR2026/papers/Hao_Rethinking_SNN_Online_Training_and_Deployment_Gradient-Coherent_Learning_via_Hybrid-Driven_CVPR_2026_paper.pdf,https://openaccess.thecvf.com/content/CVPR2026/html/Hao_Rethinking_SNN_Online_Training_and_Deployment_Gradient-Coherent_Learning_via_Hybrid-Driven_CVPR_2026_paper.html,01-papers-by-conference/CVPR2026/C/2026-CVPR-C-rethinking-snn-online-training-and-deployment-gradient-coherent-learning-via-hybrid-driven.md
CVPR2026-0789,RGB-Event based Pedestrian Attribute Recognition: A Benchmark Dataset and An Asymmetric RWKV Fusion Framework,2026,CVPR,background,classification_recognition;datasets_benchmarks;temporal_modeling,EventPAR and RWKV fusion provide non-spiking event recognition and benchmark background.,,https://openaccess.thecvf.com/content/CVPR2026/papers/Wang_RGB-Event_based_Pedestrian_Attribute_Recognition_A_Benchmark_Dataset_and_An_CVPR_2026_paper.pdf,https://openaccess.thecvf.com/content/CVPR2026/html/Wang_RGB-Event_based_Pedestrian_Attribute_Recognition_A_Benchmark_Dataset_and_An_CVPR_2026_paper.html,01-papers-by-conference/CVPR2026/B/2026-CVPR-B-rgb-event-based-pedestrian-attribute-recognition-a-benchmark-dataset-and-an-asymmetric-rwk.md
ICLR2026-4471,Robust Selective Activation with Randomized Temporal K-Winner-Take-All in Spiking Neural Networks for Continual Learning,2026,ICLR,background,learning;temporal_modeling;robustness_open_challenges,RTK-WTA uses stochastic temporal competition for robust continual learning in generic SNNs.,,https://proceedings.iclr.cc/paper_files/paper/2026/file/d5e8326bbec25e1c608787d24488521b-Paper-Conference.pdf,https://proceedings.iclr.cc/paper_files/paper/2026/hash/d5e8326bbec25e1c608787d24488521b-Abstract-Conference.html,01-papers-by-conference/ICLR2026/C/ICLR2026-4471.md
ICLR2026-0694,Robust Spiking Neural Networks Against Adversarial Attacks,2026,ICLR,background,architecture;learning;robustness_open_challenges,TGO improves generic directly trained SNN robustness by moving membrane potentials away from thresholds and introducing noisy neurons.,,https://proceedings.iclr.cc/paper_files/paper/2026/file/226a7922f708db0fb992dd62f75dd228-Paper-Conference.pdf,https://proceedings.iclr.cc/paper_files/paper/2026/hash/226a7922f708db0fb992dd62f75dd228-Abstract-Conference.html,01-papers-by-conference/ICLR2026/C/ICLR2026-0694.md
CVPR2026-0897,Robust Spiking Neural Networks by Temporal Mutual Information,2026,CVPR,background,robustness_open_challenges;temporal_modeling,Temporal mutual-information regularization is generic SNN robustness background; DVS is benchmark-only.,,https://openaccess.thecvf.com/content/CVPR2026/papers/Xu_Robust_Spiking_Neural_Networks_by_Temporal_Mutual_Information_CVPR_2026_paper.pdf,https://openaccess.thecvf.com/content/CVPR2026/html/Xu_Robust_Spiking_Neural_Networks_by_Temporal_Mutual_Information_CVPR_2026_paper.html,01-papers-by-conference/CVPR2026/C/2026-CVPR-C-robust-spiking-neural-networks-by-temporal-mutual-information.md
ICLR2026-3224,Robustify Spiking Neural Networks via Dominant Singular Deflation under Heterogeneous Training Vulnerability,2026,ICLR,background,learning;robustness_open_challenges,"Dominant Singular Deflation addresses sharp-minima vulnerability in generic SNN training, without an event-camera-specific mechanism.",,https://proceedings.iclr.cc/paper_files/paper/2026/file/99786eed5e16920f908572fb00e151c3-Paper-Conference.pdf,https://proceedings.iclr.cc/paper_files/paper/2026/hash/99786eed5e16920f908572fb00e151c3-Abstract-Conference.html,01-papers-by-conference/ICLR2026/C/ICLR2026-3224.md
ICLR2026-3011,SAFA-SNN: Sparsity-Aware On-Device Few-Shot Class-Incremental Learning with Fast-Adaptive Structure of Spiking Neural Network,2026,ICLR,background,architecture;learning;efficiency_hardware;robustness_open_challenges,SAFA-SNN targets sparse on-device continual learning; DVS-family datasets are benchmarks rather than the source of the method.,,https://proceedings.iclr.cc/paper_files/paper/2026/file/8fba406323cb3930aeaccc9aa64c83a8-Paper-Conference.pdf,https://proceedings.iclr.cc/paper_files/paper/2026/hash/8fba406323cb3930aeaccc9aa64c83a8-Abstract-Conference.html,01-papers-by-conference/ICLR2026/C/ICLR2026-3011.md
CVPR2026-1228,Scaling Dense Event-Stream Pretraining from Visual Foundation Models,2026,CVPR,background,learning;representation_slicing;datasets_benchmarks,Dense event-stream pretraining from foundation models is strong event-side representation/scaling background without SNNs.,,https://openaccess.thecvf.com/content/CVPR2026/papers/Chen_Scaling_Dense_Event-Stream_Pretraining_from_Visual_Foundation_Models_CVPR_2026_paper.pdf,https://openaccess.thecvf.com/content/CVPR2026/html/Chen_Scaling_Dense_Event-Stream_Pretraining_from_Visual_Foundation_Models_CVPR_2026_paper.html,01-papers-by-conference/CVPR2026/B/2026-CVPR-B-scaling-dense-event-stream-pretraining-from-visual-foundation-models.md
CVPR2026-3162,Seeing Motion Through Polarity for Event-based Action Recognition,2026,CVPR,background,classification_recognition;representation_slicing;temporal_modeling,POKER gives event-side polarity-aware action representation without SNNs.,,https://openaccess.thecvf.com/content/CVPR2026/papers/Cao_Seeing_Motion_Through_Polarity_for_Event-based_Action_Recognition_CVPR_2026_paper.pdf,https://openaccess.thecvf.com/content/CVPR2026/html/Cao_Seeing_Motion_Through_Polarity_for_Event-based_Action_Recognition_CVPR_2026_paper.html,01-papers-by-conference/CVPR2026/B/2026-CVPR-B-seeing-motion-through-polarity-for-event-based-action-recognition.md
ICLR2026-4671,Segment Any Events with Language,2026,ICLR,background,pose_depth_segmentation;datasets_benchmarks,"SEAL introduces open-vocabulary event instance segmentation and four event-sensor benchmarks, but contains no spiking computation.",,https://proceedings.iclr.cc/paper_files/paper/2026/file/dec763a8bb388823c5c476f82a6d4da9-Paper-Conference.pdf,https://proceedings.iclr.cc/paper_files/paper/2026/hash/dec763a8bb388823c5c476f82a6d4da9-Abstract-Conference.html,01-papers-by-conference/ICLR2026/B/ICLR2026-4671.md
ICLR2026-4283,SkyEvents: A Large-Scale Event-enhanced UAV Dataset for Robust 3D Scene Reconstruction,2026,ICLR,background,datasets_benchmarks;reconstruction_restoration;robustness_open_challenges,SkyEvents supplies a large event/RGB/LiDAR UAV reconstruction dataset but no SNN.,,https://proceedings.iclr.cc/paper_files/paper/2026/file/cc75ca6acb6b8cf71af625a7a241027c-Paper-Conference.pdf,https://proceedings.iclr.cc/paper_files/paper/2026/hash/cc75ca6acb6b8cf71af625a7a241027c-Abstract-Conference.html,01-papers-by-conference/ICLR2026/B/ICLR2026-4283.md
ICLR2026-3550,SMixer: Rethinking Efficient-Training and Event-Driven SNNs,2026,ICLR,background,architecture;learning;efficiency_hardware,SMixer combines asynchronous-compatible SNN architecture design with spatial-temporal spike pruning to reduce training cost.,,https://proceedings.iclr.cc/paper_files/paper/2026/file/aaeb635296295aa7c9f8b91c5e10960d-Paper-Conference.pdf,https://proceedings.iclr.cc/paper_files/paper/2026/hash/aaeb635296295aa7c9f8b91c5e10960d-Abstract-Conference.html,01-papers-by-conference/ICLR2026/C/ICLR2026-3550.md
CVPR2026-1312,SMV-EAR: Bring Spatiotemporal Multi-View Representation Learning into Efficient Event-Based Action Recognition,2026,CVPR,background,classification_recognition;representation_slicing;efficiency_hardware,SMV-EAR supplies non-spiking event representation and efficient action-recognition background.,,https://openaccess.thecvf.com/content/CVPR2026/papers/Fan_SMV-EAR_Bring_Spatiotemporal_Multi-View_Representation_Learning_into_Efficient_Event-Based_Action_CVPR_2026_paper.pdf,https://openaccess.thecvf.com/content/CVPR2026/html/Fan_SMV-EAR_Bring_Spatiotemporal_Multi-View_Representation_Learning_into_Efficient_Event-Based_Action_CVPR_2026_paper.html,01-papers-by-conference/CVPR2026/B/2026-CVPR-B-smv-ear-bring-spatiotemporal-multi-view-representation-learning-into-efficient-event-based.md
ICLR2026-3725,Spiking Discrepancy Transformer for Point Cloud Analysis,2026,ICLR,background,architecture;efficiency_hardware,The Spiking Discrepancy Transformer designs spike attention for conventional point-cloud analysis and reports theoretical energy savings.,,https://proceedings.iclr.cc/paper_files/paper/2026/file/b238324b309da12c7446d92c14db9f7e-Paper-Conference.pdf,https://proceedings.iclr.cc/paper_files/paper/2026/hash/b238324b309da12c7446d92c14db9f7e-Abstract-Conference.html,01-papers-by-conference/ICLR2026/C/ICLR2026-3725.md
CVPR2026-2519,Stable Spike: Dual Consistency Optimization via Bitwise AND Operations for Spiking Neural Networks,2026,CVPR,background,learning;temporal_modeling;efficiency_hardware,Stable Spike is generic SNN temporal-consistency training; neuromorphic recognition is evaluation rather than event-specific design.,,https://openaccess.thecvf.com/content/CVPR2026/papers/Ding_Stable_Spike_Dual_Consistency_Optimization_via_Bitwise_AND_Operations_for_CVPR_2026_paper.pdf,https://openaccess.thecvf.com/content/CVPR2026/html/Ding_Stable_Spike_Dual_Consistency_Optimization_via_Bitwise_AND_Operations_for_CVPR_2026_paper.html,01-papers-by-conference/CVPR2026/C/2026-CVPR-C-stable-spike-dual-consistency-optimization-via-bitwise-and-operations-for-spiking-neural-n.md
CVPR2026-0399,Temporal Interaction in Spiking Transformers with Multi-Delay Mixer,2026,CVPR,background,architecture;temporal_modeling,Multi-delay temporal mixing is generic Spiking Transformer background; neuromorphic benchmarks alone do not make it intersection work.,,https://openaccess.thecvf.com/content/CVPR2026/papers/Shi_Temporal_Interaction_in_Spiking_Transformers_with_Multi-Delay_Mixer_CVPR_2026_paper.pdf,https://openaccess.thecvf.com/content/CVPR2026/html/Shi_Temporal_Interaction_in_Spiking_Transformers_with_Multi-Delay_Mixer_CVPR_2026_paper.html,01-papers-by-conference/CVPR2026/C/2026-CVPR-C-temporal-interaction-in-spiking-transformers-with-multi-delay-mixer.md
CVPR2026-0405,Temporal Representation Enhancement (TRE): Learning to Forget Dominant Patterns for Enhanced Temporal Spiking Features,2026,CVPR,background,learning;temporal_modeling,TRE is generic SNN temporal representation learning with dynamic datasets only as benchmarks.,,https://openaccess.thecvf.com/content/CVPR2026/papers/Liu_Temporal_Representation_Enhancement_TRE_Learning_to_Forget_Dominant_Patterns_for_CVPR_2026_paper.pdf,https://openaccess.thecvf.com/content/CVPR2026/html/Liu_Temporal_Representation_Enhancement_TRE_Learning_to_Forget_Dominant_Patterns_for_CVPR_2026_paper.html,01-papers-by-conference/CVPR2026/C/2026-CVPR-C-temporal-representation-enhancement-tre-learning-to-forget-dominant-patterns-for-enhanced-.md
CVPR2026-2758,Texvent: Asynchronous Event Data Simulation via Text Prompt,2026,CVPR,background,representation_slicing;datasets_benchmarks;robustness_open_challenges,Texvent generates asynchronous event-camera streams from text-rendered videos with a physical simulator and noise modeling. It is useful event-data simulation background without SNN computation.,,https://openaccess.thecvf.com/content/CVPR2026/papers/Wang_Texvent_Asynchronous_Event_Data_Simulation_via_Text_Prompt_CVPR_2026_paper.pdf,https://openaccess.thecvf.com/content/CVPR2026/html/Wang_Texvent_Asynchronous_Event_Data_Simulation_via_Text_Prompt_CVPR_2026_paper.html,01-papers-by-conference/CVPR2026/B/2026-CVPR-B-texvent-asynchronous-event-data-simulation-via-text-prompt.md
ICLR2026-1286,Time Is All It Takes: Spike-Retiming Attacks on Event-Driven Spiking Neural Networks,2026,ICLR,background,temporal_modeling;robustness_open_challenges,"The timing-only attack is a generic SNN robustness method evaluated on CIFAR10-DVS, DVS-Gesture, and N-MNIST; benchmark-only DVS use does not make it a direct SNN-event-camera integration paper.",,https://proceedings.iclr.cc/paper_files/paper/2026/file/3f2a9f41dd0cb07cd9b60c058c7b1682-Paper-Conference.pdf,https://proceedings.iclr.cc/paper_files/paper/2026/hash/3f2a9f41dd0cb07cd9b60c058c7b1682-Abstract-Conference.html,01-papers-by-conference/ICLR2026/C/ICLR2026-1286.md
ICLR2026-2262,Towards Lossless Memory-efficient Training of Spiking Neural Networks via Gradient Checkpointing and Spike Compression,2026,ICLR,background,learning;temporal_modeling;efficiency_hardware,Layer-wise checkpointing and lossless spike compression reduce BPTT training memory without changing the event-camera input interface.,,https://proceedings.iclr.cc/paper_files/paper/2026/file/6d44b1617ca7001a5ba7ea4f28039d41-Paper-Conference.pdf,https://proceedings.iclr.cc/paper_files/paper/2026/hash/6d44b1617ca7001a5ba7ea4f28039d41-Abstract-Conference.html,01-papers-by-conference/ICLR2026/C/ICLR2026-2262.md
CVPR2026-0479,Towards Persistence: Learning Topological Constraints for Event-based Small Object Detection,2026,CVPR,background,detection;representation_slicing;temporal_modeling,Topological event-point trajectories provide non-spiking small-object detection background.,,https://openaccess.thecvf.com/content/CVPR2026/papers/He_Towards_Persistence_Learning_Topological_Constraints_for_Event-based_Small_Object_Detection_CVPR_2026_paper.pdf,https://openaccess.thecvf.com/content/CVPR2026/html/He_Towards_Persistence_Learning_Topological_Constraints_for_Event-based_Small_Object_Detection_CVPR_2026_paper.html,01-papers-by-conference/CVPR2026/B/2026-CVPR-B-towards-persistence-learning-topological-constraints-for-event-based-small-object-detectio.md
CVPR2026-1160,Towards Reliable Evaluation of Adversarial Robustness for Spiking Neural Networks,2026,CVPR,background,robustness_open_challenges,Reliable adversarial evaluation is useful generic SNN limitations background without event-camera integration.,,https://openaccess.thecvf.com/content/CVPR2026/papers/Wang_Towards_Reliable_Evaluation_of_Adversarial_Robustness_for_Spiking_Neural_Networks_CVPR_2026_paper.pdf,https://openaccess.thecvf.com/content/CVPR2026/html/Wang_Towards_Reliable_Evaluation_of_Adversarial_Robustness_for_Spiking_Neural_Networks_CVPR_2026_paper.html,01-papers-by-conference/CVPR2026/C/2026-CVPR-C-towards-reliable-evaluation-of-adversarial-robustness-for-spiking-neural-networks.md
ICLR2026-5125,TP-Spikformer: Token Pruned Spiking Transformer,2026,ICLR,background,architecture;efficiency_hardware,"TP-Spikformer prunes spatiotemporal tokens across generic Spiking Transformers; event-based tracking is one evaluation task, not an event-camera-specific method.",,https://proceedings.iclr.cc/paper_files/paper/2026/file/f50258b34f1c5080e43281e05050034e-Paper-Conference.pdf,https://proceedings.iclr.cc/paper_files/paper/2026/hash/f50258b34f1c5080e43281e05050034e-Abstract-Conference.html,01-papers-by-conference/ICLR2026/C/ICLR2026-5125.md
CVPR2026-0662,Tracking through Severe Occlusion via Event-Derived Transient Cues,2026,CVPR,background,tracking;temporal_modeling;datasets_benchmarks,Event-derived transient cues provide non-spiking occlusion-tracking and dataset background.,,https://openaccess.thecvf.com/content/CVPR2026/papers/Dong_Tracking_through_Severe_Occlusion_via_Event-Derived_Transient_Cues_CVPR_2026_paper.pdf,https://openaccess.thecvf.com/content/CVPR2026/html/Dong_Tracking_through_Severe_Occlusion_via_Event-Derived_Transient_Cues_CVPR_2026_paper.html,01-papers-by-conference/CVPR2026/B/2026-CVPR-B-tracking-through-severe-occlusion-via-event-derived-transient-cues.md
ICLR2026-4174,Training Deep Normalization-Free Spiking Neural Networks with Lateral Inhibition,2026,ICLR,background,architecture;learning,Excitatory-inhibitory lateral inhibition enables stable normalization-free training of deep generic SNNs.,,https://proceedings.iclr.cc/paper_files/paper/2026/file/c7c7cf10082e454b9662a686ce6f1b6f-Paper-Conference.pdf,https://proceedings.iclr.cc/paper_files/paper/2026/hash/c7c7cf10082e454b9662a686ce6f1b6f-Abstract-Conference.html,01-papers-by-conference/ICLR2026/C/ICLR2026-4174.md
CVPR2026-2308,TTAPFormer: Robust Arbitrary Point Tracking via Transient Asynchronous Fusion of Frames and Events,2026,CVPR,background,tracking;temporal_modeling;datasets_benchmarks,TTAPFormer supplies asynchronous frame-event fusion and robust point-tracking background without SNNs.,,https://openaccess.thecvf.com/content/CVPR2026/papers/Liu_TTAPFormer_Robust_Arbitrary_Point_Tracking_via_Transient_Asynchronous_Fusion_of_CVPR_2026_paper.pdf,https://openaccess.thecvf.com/content/CVPR2026/html/Liu_TTAPFormer_Robust_Arbitrary_Point_Tracking_via_Transient_Asynchronous_Fusion_of_CVPR_2026_paper.html,01-papers-by-conference/CVPR2026/B/2026-CVPR-B-ttapformer-robust-arbitrary-point-tracking-via-transient-asynchronous-fusion-of-frames-and.md
ICLR2026-3991,Unbiased Gradient Estimation for Event Binning via Functional Backpropagation,2026,ICLR,background,representation_slicing;learning,Functional backpropagation through event binning is an event-side representation and learning foundation without an SNN.,,https://proceedings.iclr.cc/paper_files/paper/2026/file/bec8b667016a73bb195b611aa1f41026-Paper-Conference.pdf,https://proceedings.iclr.cc/paper_files/paper/2026/hash/bec8b667016a73bb195b611aa1f41026-Abstract-Conference.html,01-papers-by-conference/ICLR2026/B/ICLR2026-3991.md
CVPR2026-3330,x^2-Fusion: Cross-Modality and Cross-Dimension Flow Estimation in Event Edge Space,2026,CVPR,background,temporal_modeling;pose_depth_segmentation;robustness_open_challenges,Event Edge Space gives non-spiking multimodal flow representation and reliability-aware fusion background.,,https://openaccess.thecvf.com/content/CVPR2026/papers/Guo_x2-Fusion_Cross-Modality_and_Cross-Dimension_Flow_Estimation_in_Event_Edge_Space_CVPR_2026_paper.pdf,https://openaccess.thecvf.com/content/CVPR2026/html/Guo_x2-Fusion_Cross-Modality_and_Cross-Dimension_Flow_Estimation_in_Event_Edge_Space_CVPR_2026_paper.html,01-papers-by-conference/CVPR2026/B/2026-CVPR-B-x-2-fusion-cross-modality-and-cross-dimension-flow-estimation-in-event-edge-space.md
ICML2025-0323,A Chaotic Dynamics Framework Inspired by Dorsal Stream for Event Signal Processing,2025,ICML,background,representation_slicing;temporal_modeling;classification_recognition,"The official abstract describes continuous coupled-neuron dynamics, continuous wavelet analysis, and a conventional classifier, but does not establish a binary-spiking SNN pipeline.",,https://raw.githubusercontent.com/mlresearch/v267/main/assets/chen25am/chen25am.pdf,https://proceedings.mlr.press/v267/chen25am.html,01-papers-by-conference/ICML2025/B/2025-ICML-B-a-chaotic-dynamics-framework-inspired-by-dorsal-stream-for-event-signal-processing.md
CVPR2025-1060,Active Event-based Stereo Vision,2025,CVPR,background,pose_depth_segmentation;datasets_benchmarks;efficiency_hardware,"Active event stereo provides a new sensor/task setting, datasets, and latency evidence but no SNN.",,https://openaccess.thecvf.com/content/CVPR2025/papers/Li_Active_Event-based_Stereo_Vision_CVPR_2025_paper.pdf,https://openaccess.thecvf.com/content/CVPR2025/html/Li_Active_Event-based_Stereo_Vision_CVPR_2025_paper.html,01-papers-by-conference/CVPR2025/B/2025-CVPR-B-active-event-based-stereo-vision.md
NeurIPS2025-5700,Activity Pruning for Efficient Spiking Neural Networks,2025,NeurIPS,background,efficiency_hardware;architecture,Activity pruning provides generic SNN sparsity and operation-count background without event cameras.,Main Conference Track,https://papers.nips.cc/paper_files/paper/2025/hash/fa12d67b5939c37ea8a4659c31a08d2c-Paper-Conference.pdf,https://papers.nips.cc/paper_files/paper/2025/hash/fa12d67b5939c37ea8a4659c31a08d2c-Abstract-Conference.html,01-papers-by-conference/NeurIPS2025/C/2025-NEURIPS-C-activity-pruning-for-efficient-spiking-neural-networks.md
NeurIPS2025-5157,Adaptive Fission: Post-training Encoding for Low-latency Spike Neural Networks,2025,NeurIPS,background,event_to_spike;efficiency_hardware,"Adaptive population coding contributes low-latency SNN encoding and measured neuromorphic evidence, but no event-camera input.",Main Conference Track,https://papers.nips.cc/paper_files/paper/2025/hash/e2e0a9004132490db1be58bffa419268-Paper-Conference.pdf,https://papers.nips.cc/paper_files/paper/2025/hash/e2e0a9004132490db1be58bffa419268-Abstract-Conference.html,01-papers-by-conference/NeurIPS2025/C/2025-NEURIPS-C-adaptive-fission-post-training-encoding-for-low-latency-spike-neural-networks.md
CVPR2025-2322,Asynchronous Collaborative Graph Representation for Frames and Events,2025,CVPR,background,representation_slicing;detection;pose_depth_segmentation;efficiency_hardware,ACGR is strong non-spiking background on asynchronous graph representations and frame-event fusion for detection/depth.,,https://openaccess.thecvf.com/content/CVPR2025/papers/Li_Asynchronous_Collaborative_Graph_Representation_for_Frames_and_Events_CVPR_2025_paper.pdf,https://openaccess.thecvf.com/content/CVPR2025/html/Li_Asynchronous_Collaborative_Graph_Representation_for_Frames_and_Events_CVPR_2025_paper.html,01-papers-by-conference/CVPR2025/B/2025-CVPR-B-asynchronous-collaborative-graph-representation-for-frames-and-events.md
ICCV2025-0209,Asynchronous Event Error-Minimizing Noise for Safeguarding Event Dataset,2025,ICCV,background,robustness_open_challenges;datasets_benchmarks,"Unlearnable event streams raise a dataset-security issue on the event-camera side, without SNN-specific processing.",,,https://openaccess.thecvf.com/content/ICCV2025/html/Wang_Asynchronous_Event_Error-Minimizing_Noise_for_Safeguarding_Event_Dataset_ICCV_2025_paper.html,01-papers-by-conference/ICCV2025/B/2025-ICCV-B-asynchronous-event-error-minimizing-noise-for-safeguarding-event-dataset.md
NeurIPS2025-3401,Bipolar Self-attention for Spiking Transformers,2025,NeurIPS,background,architecture;efficiency_hardware,Bipolar spiking attention is generic SNN architecture background; event tracking is one downstream evaluation rather than event-specific design.,Main Conference Track,https://papers.nips.cc/paper_files/paper/2025/hash/9316cfcb0a81e53a1f35b4353f115571-Paper-Conference.pdf,https://papers.nips.cc/paper_files/paper/2025/hash/9316cfcb0a81e53a1f35b4353f115571-Abstract-Conference.html,01-papers-by-conference/NeurIPS2025/C/2025-NEURIPS-C-bipolar-self-attention-for-spiking-transformers.md
CVPR2025-0065,Brain-Inspired Spiking Neural Networks for Energy-Efficient Object Detection,2025,CVPR,background,architecture;detection;efficiency_hardware,MSD is a generic directly trained SNN detector evaluated on both COCO and Gen1; the abstract does not make event-camera representation or processing part of the method.,,https://openaccess.thecvf.com/content/CVPR2025/papers/Li_Brain-Inspired_Spiking_Neural_Networks_for_Energy-Efficient_Object_Detection_CVPR_2025_paper.pdf,https://openaccess.thecvf.com/content/CVPR2025/html/Li_Brain-Inspired_Spiking_Neural_Networks_for_Energy-Efficient_Object_Detection_CVPR_2025_paper.html,01-papers-by-conference/CVPR2025/C/2025-CVPR-C-brain-inspired-spiking-neural-networks-for-energy-efficient-object-detection.md
CVPR2025-1513,Bridge Frame and Event: Common Spatiotemporal Fusion for High-Dynamic Scene Optical Flow,2025,CVPR,background,temporal_modeling;representation_slicing,Frame-event optical flow supplies cross-modal temporal representation background but no SNN.,,https://openaccess.thecvf.com/content/CVPR2025/papers/Zhou_Bridge_Frame_and_Event_Common_Spatiotemporal_Fusion_for_High-Dynamic_Scene_CVPR_2025_paper.pdf,https://openaccess.thecvf.com/content/CVPR2025/html/Zhou_Bridge_Frame_and_Event_Common_Spatiotemporal_Fusion_for_High-Dynamic_Scene_CVPR_2025_paper.html,01-papers-by-conference/CVPR2025/B/2025-CVPR-B-bridge-frame-and-event-common-spatiotemporal-fusion-for-high-dynamic-scene-optical-flow.md
ICML2025-1484,BSO: Binary Spiking Online Optimization Algorithm,2025,ICML,background,learning;efficiency_hardware,Binary online SNN optimization is generic training background without event-camera data.,,https://raw.githubusercontent.com/mlresearch/v267/main/assets/liang25r/liang25r.pdf,https://proceedings.mlr.press/v267/liang25r.html,01-papers-by-conference/ICML2025/C/2025-ICML-C-bso-binary-spiking-online-optimization-algorithm.md
ICCV2025-0953,Continuous-Time Human Motion Field from Event Cameras,2025,ICCV,background,pose_depth_segmentation;temporal_modeling;datasets_benchmarks,Continuous-time human motion fields provide event-side task and representation background without SNNs.,,,https://openaccess.thecvf.com/content/ICCV2025/html/Wang_Continuous-Time_Human_Motion_Field_from_Event_Cameras_ICCV_2025_paper.html,01-papers-by-conference/ICCV2025/B/2025-ICCV-B-continuous-time-human-motion-field-from-event-cameras.md
ICLR2025-1551,DeepTAGE: Deep Temporal-Aligned Gradient Enhancement for Optimizing Spiking Neural Networks,2025,ICLR,background,learning;temporal_modeling,DeepTAGE addresses generic SNN temporal gradients; DVS-CIFAR10 is benchmark-only.,,https://proceedings.iclr.cc/paper_files/paper/2025/file/6b6492cd06db22bac024506e9ed0925e-Paper-Conference.pdf,https://proceedings.iclr.cc/paper_files/paper/2025/hash/6b6492cd06db22bac024506e9ed0925e-Abstract-Conference.html,01-papers-by-conference/ICLR2025/C/2025-ICLR-C-deeptage-deep-temporal-aligned-gradient-enhancement-for-optimizing-spiking-neural-networks.md
NeurIPS2025-0321,Dense Metric Depth Estimation via Event-based Differential Focus Volume Prompting,2025,NeurIPS,background,pose_depth_segmentation;datasets_benchmarks;representation_slicing,The paper builds event-based differential focus volumes and event-derived sparse metric-depth prompts. It is non-spiking event-side depth and dataset background outside Core.,Main Conference Track,https://papers.nips.cc/paper_files/paper/2025/hash/0d9057d84a9fc37523bf826232ea6820-Paper-Conference.pdf,https://papers.nips.cc/paper_files/paper/2025/hash/0d9057d84a9fc37523bf826232ea6820-Abstract-Conference.html,01-papers-by-conference/NeurIPS2025/B/2025-NeurIPS-B-dense-metric-depth-estimation-via-event-based-differential-focus-volume-prompting.md
ICCV2025-1940,Depth Any Event Stream: Enhancing Event-based Monocular Depth Estimation via Dense-to-Sparse Distillation,2025,ICCV,background,pose_depth_segmentation;learning;event_to_spike,EventDAM is non-spiking depth background on dense-to-sparse distillation and event sparsity.,,,https://openaccess.thecvf.com/content/ICCV2025/html/Zhu_Depth_Any_Event_Stream_Enhancing_Event-based_Monocular_Depth_Estimation_via_ICCV_2025_paper.html,01-papers-by-conference/ICCV2025/B/2025-ICCV-B-depth-any-event-stream-enhancing-event-based-monocular-depth-estimation-via-dense-to-spars.md
ICCV2025-1066,Depth AnyEvent: A Cross-Modal Distillation Paradigm for Event-Based Monocular Depth Estimation,2025,ICCV,background,pose_depth_segmentation;learning,Depth AnyEvent supplies cross-modal distillation and recurrent event depth background but no SNN.,,,https://openaccess.thecvf.com/content/ICCV2025/html/Bartolomei_Depth_AnyEvent_A_Cross-Modal_Distillation_Paradigm_for_Event-Based_Monocular_Depth_ICCV_2025_paper.html,01-papers-by-conference/ICCV2025/B/2025-ICCV-B-depth-anyevent-a-cross-modal-distillation-paradigm-for-event-based-monocular-depth-estimat.md
NeurIPS2025-0035,DERD-Net: Learning Depth from Event-based Ray Densities,2025,NeurIPS,background,pose_depth_segmentation;representation_slicing;efficiency_hardware,"DERD-Net supplies scalable event-ray density representation for depth, but no SNN.",Main Conference Track,https://papers.nips.cc/paper_files/paper/2025/hash/019ef89617d539b15ed610ce8d1b76e1-Paper-Conference.pdf,https://papers.nips.cc/paper_files/paper/2025/hash/019ef89617d539b15ed610ce8d1b76e1-Abstract-Conference.html,01-papers-by-conference/NeurIPS2025/B/2025-NEURIPS-B-derd-net-learning-depth-from-event-based-ray-densities.md
ICML2025-0988,Differential Coding for Training-Free ANN-to-SNN Conversion,2025,ICML,background,event_to_spike;learning;efficiency_hardware,Differential coding is useful ANN-to-SNN conversion and spike-encoding background without event-camera streams.,,https://raw.githubusercontent.com/mlresearch/v267/main/assets/huang25i/huang25i.pdf,https://proceedings.mlr.press/v267/huang25i.html,01-papers-by-conference/ICML2025/C/2025-ICML-C-differential-coding-for-training-free-ann-to-snn-conversion.md
NeurIPS2025-4192,Distil-E2D: Distilling Image-to-Depth Priors for Event-Based Monocular Depth Estimation,2025,NeurIPS,background,pose_depth_segmentation;learning,Image-to-event depth distillation is non-spiking event-side learning background.,Main Conference Track,https://papers.nips.cc/paper_files/paper/2025/hash/b6fa3ed9624c184bd73e435123bd576a-Paper-Conference.pdf,https://papers.nips.cc/paper_files/paper/2025/hash/b6fa3ed9624c184bd73e435123bd576a-Abstract-Conference.html,01-papers-by-conference/NeurIPS2025/B/2025-NEURIPS-B-distil-e2d-distilling-image-to-depth-priors-for-event-based-monocular-depth-estimation.md
NeurIPS2025-2457,EAG3R: Event-Augmented 3D Geometry Estimation for Dynamic and Extreme-Lighting Scenes,2025,NeurIPS,background,pose_depth_segmentation;reconstruction_restoration;learning;robustness_open_challenges,"EAG3R explicitly augments pointmap-based 3D geometry with asynchronous event streams, event adapters, and event photometric consistency. It is non-spiking robust-geometry background outside Core.",Main Conference Track,https://papers.nips.cc/paper_files/paper/2025/hash/6a0480190bbe6b622c7f1d3aa9be9c0f-Paper-Conference.pdf,https://papers.nips.cc/paper_files/paper/2025/hash/6a0480190bbe6b622c7f1d3aa9be9c0f-Abstract-Conference.html,01-papers-by-conference/NeurIPS2025/B/2025-NeurIPS-B-eag3r-event-augmented-3d-geometry-estimation-for-dynamic-and-extreme-lighting-scenes.md
CVPR2025-0470,EDCFlow: Exploring Temporally Dense Difference Maps for Event-based Optical Flow Estimation,2025,CVPR,background,temporal_modeling;efficiency_hardware,"EDCFlow supplies event-side evidence on dense temporal differences, scalability, and optical-flow refinement, but no SNN.",,https://openaccess.thecvf.com/content/CVPR2025/papers/Liu_EDCFlow_Exploring_Temporally_Dense_Difference_Maps_for_Event-based_Optical_Flow_CVPR_2025_paper.pdf,https://openaccess.thecvf.com/content/CVPR2025/html/Liu_EDCFlow_Exploring_Temporally_Dense_Difference_Maps_for_Event-based_Optical_Flow_CVPR_2025_paper.html,01-papers-by-conference/CVPR2025/B/2025-CVPR-B-edcflow-exploring-temporally-dense-difference-maps-for-event-based-optical-flow-estimation.md
CVPR2025-2020,Efficient ANN-Guided Distillation: Aligning Rate-based Features of Spiking Neural Networks through Hybrid Block-wise Replacement,2025,CVPR,background,learning;architecture,Block-wise ANN-guided SNN distillation supports hybrid and conversion training taxonomy without event-camera design.,,https://openaccess.thecvf.com/content/CVPR2025/papers/Yang_Efficient_ANN-Guided_Distillation_Aligning_Rate-based_Features_of_Spiking_Neural_Networks_CVPR_2025_paper.pdf,https://openaccess.thecvf.com/content/CVPR2025/html/Yang_Efficient_ANN-Guided_Distillation_Aligning_Rate-based_Features_of_Spiking_Neural_Networks_CVPR_2025_paper.html,01-papers-by-conference/CVPR2025/C/2025-CVPR-C-efficient-ann-guided-distillation-aligning-rate-based-features-of-spiking-neural-networks-.md
ICML2025-1579,Efficient ANN-SNN Conversion with Error Compensation Learning,2025,ICML,background,learning;efficiency_hardware,Error-compensated ANN-SNN conversion supports low-latency conversion background only.,,https://raw.githubusercontent.com/mlresearch/v267/main/assets/liu25bl/liu25bl.pdf,https://proceedings.mlr.press/v267/liu25bl.html,01-papers-by-conference/ICML2025/C/2025-ICML-C-efficient-ann-snn-conversion-with-error-compensation-learning.md
ICCV2025-1798,Efficient Event Camera Data Pretraining with Adaptive Prompt Fusion,2025,ICCV,background,learning;representation_slicing;temporal_modeling,"STP is valuable event-side pretraining and representation adaptation across multiple tasks, but non-spiking.",,,https://openaccess.thecvf.com/content/ICCV2025/html/Liang_Efficient_Event_Camera_Data_Pretraining_with_Adaptive_Prompt_Fusion_ICCV_2025_paper.html,01-papers-by-conference/ICCV2025/B/2025-ICCV-B-efficient-event-camera-data-pretraining-with-adaptive-prompt-fusion.md
ICML2025-2940,Efficient Logit-based Knowledge Distillation of Deep Spiking Neural Networks for Full-Range Timestep Deployment,2025,ICML,background,learning;temporal_modeling;efficiency_hardware,Full-range timestep distillation is generic SNN training/deployment background; DVS is benchmark-only.,,https://raw.githubusercontent.com/mlresearch/v267/main/assets/yu25y/yu25y.pdf,https://proceedings.mlr.press/v267/yu25y.html,01-papers-by-conference/ICML2025/C/2025-ICML-C-efficient-logit-based-knowledge-distillation-of-deep-spiking-neural-networks-for-full-rang.md
ICML2025-0642,Efficient Parallel Training Methods for Spiking Neural Networks with Constant Time Complexity,2025,ICML,background,learning;temporal_modeling;efficiency_hardware,Constant-time parallel SNN training provides scalability background without event-camera integration.,,https://raw.githubusercontent.com/mlresearch/v267/main/assets/feng25e/feng25e.pdf,https://proceedings.mlr.press/v267/feng25e.html,01-papers-by-conference/ICML2025/C/2025-ICML-C-efficient-parallel-training-methods-for-spiking-neural-networks-with-constant-time-complex.md
ICCV2025-1096,Efficient Spiking Point Mamba for Point Cloud Analysis,2025,ICCV,background,architecture;temporal_modeling;efficiency_hardware,"Spiking Point Mamba combines SNNs, point inputs, and Mamba but uses ordinary 3D point clouds rather than event-camera Event Clouds.",,,https://openaccess.thecvf.com/content/ICCV2025/html/Wu_Efficient_Spiking_Point_Mamba_for_Point_Cloud_Analysis_ICCV_2025_paper.html,01-papers-by-conference/ICCV2025/C/2025-ICCV-C-efficient-spiking-point-mamba-for-point-cloud-analysis.md
ICCV2025-2555,EMatch: A Unified Framework for Event-based Optical Flow and Stereo Matching,2025,ICCV,background,temporal_modeling;pose_depth_segmentation,EMatch gives non-spiking event-side shared representation across flow and stereo.,,,https://openaccess.thecvf.com/content/ICCV2025/html/Zhang_EMatch_A_Unified_Framework_for_Event-based_Optical_Flow_and_Stereo_ICCV_2025_paper.html,01-papers-by-conference/ICCV2025/B/2025-ICCV-B-ematch-a-unified-framework-for-event-based-optical-flow-and-stereo-matching.md
ICCV2025-0096,EMoTive: Event-guided Trajectory Modeling for 3D Motion Estimation,2025,ICCV,background,temporal_modeling;pose_depth_segmentation;datasets_benchmarks,"EMoTive contributes continuous event trajectory representation for 3D motion, but no SNN.",,,https://openaccess.thecvf.com/content/ICCV2025/html/Wan_EMoTive_Event-guided_Trajectory_Modeling_for_3D_Motion_Estimation_ICCV_2025_paper.html,01-papers-by-conference/ICCV2025/B/2025-ICCV-B-emotive-event-guided-trajectory-modeling-for-3d-motion-estimation.md
ICCV2025-0830,Enhanced Event-based Dense Stereo via Cross-Sensor Knowledge Distillation,2025,ICCV,background,pose_depth_segmentation;learning,Cross-sensor distillation for event stereo is non-spiking background on sparse-to-dense transfer.,,,https://openaccess.thecvf.com/content/ICCV2025/html/Zhang_Enhanced_Event-based_Dense_Stereo_via_Cross-Sensor_Knowledge_Distillation_ICCV_2025_paper.html,01-papers-by-conference/ICCV2025/B/2025-ICCV-B-enhanced-event-based-dense-stereo-via-cross-sensor-knowledge-distillation.md
NeurIPS2025-3724,Enhanced Self-Distillation Framework for Efficient Spiking Neural Network Training,2025,NeurIPS,background,learning;efficiency_hardware,Rate-based SNN self-distillation supplies scalable training background; DVS is benchmark-only.,Main Conference Track,https://papers.nips.cc/paper_files/paper/2025/hash/a1cb36e60c6c6f0b1c66a042580040d4-Paper-Conference.pdf,https://papers.nips.cc/paper_files/paper/2025/hash/a1cb36e60c6c6f0b1c66a042580040d4-Abstract-Conference.html,01-papers-by-conference/NeurIPS2025/C/2025-NEURIPS-C-enhanced-self-distillation-framework-for-efficient-spiking-neural-network-training.md
CVPR2025-1620,ETAP: Event-based Tracking of Any Point,2025,CVPR,background,tracking;temporal_modeling;datasets_benchmarks,"ETAP is strong event-only tracking background with continuous-time features and generalization evidence, but no SNN.",,https://openaccess.thecvf.com/content/CVPR2025/papers/Hamann_ETAP_Event-based_Tracking_of_Any_Point_CVPR_2025_paper.pdf,https://openaccess.thecvf.com/content/CVPR2025/html/Hamann_ETAP_Event-based_Tracking_of_Any_Point_CVPR_2025_paper.html,01-papers-by-conference/CVPR2025/B/2025-CVPR-B-etap-event-based-tracking-of-any-point.md
CVPR2025-1096,Ev-3DOD: Pushing the Temporal Boundaries of 3D Object Detection with Event Cameras,2025,CVPR,background,detection;datasets_benchmarks;temporal_modeling,"Ev-3DOD establishes high-frequency event-camera 3D detection and datasets, serving as task/benchmark background without SNNs.",,https://openaccess.thecvf.com/content/CVPR2025/papers/Cho_Ev-3DOD_Pushing_the_Temporal_Boundaries_of_3D_Object_Detection_with_CVPR_2025_paper.pdf,https://openaccess.thecvf.com/content/CVPR2025/html/Cho_Ev-3DOD_Pushing_the_Temporal_Boundaries_of_3D_Object_Detection_with_CVPR_2025_paper.html,01-papers-by-conference/CVPR2025/B/2025-CVPR-B-ev-3dod-pushing-the-temporal-boundaries-of-3d-object-detection-with-event-cameras.md
ICCV2025-1773,EVDM: Event-based Real-world Video Deblurring with Mamba,2025,ICCV,background,reconstruction_restoration;temporal_modeling;datasets_benchmarks,"EVDM supplies event-side Mamba long-range modeling and a realistic deblurring dataset, without SNNs.",,,https://openaccess.thecvf.com/content/ICCV2025/html/Sun_EVDM_Event-based_Real-world_Video_Deblurring_with_Mamba_ICCV_2025_paper.html,01-papers-by-conference/ICCV2025/B/2025-ICCV-B-evdm-event-based-real-world-video-deblurring-with-mamba.md
ICCV2025-1791,Event-aided Dense and Continuous Point Tracking: Everywhere and Anytime,2025,ICCV,background,tracking;temporal_modeling,Dense continuous point tracking is useful event-side temporal task background but non-spiking.,,,https://openaccess.thecvf.com/content/ICCV2025/html/Wan_Event-aided_Dense_and_Continuous_Point_Tracking_Everywhere_and_Anytime_ICCV_2025_paper.html,01-papers-by-conference/ICCV2025/B/2025-ICCV-B-event-aided-dense-and-continuous-point-tracking-everywhere-and-anytime.md
ICCV2025-0082,Event-based Tiny Object Detection: A Benchmark Dataset and Baseline,2025,ICCV,background,detection;datasets_benchmarks;representation_slicing,"EV-UAV and its point-space baseline provide event-side small-object benchmark and Event Cloud evidence, without SNNs.",,,https://openaccess.thecvf.com/content/ICCV2025/html/Chen_Event-based_Tiny_Object_Detection_A_Benchmark_Dataset_and_Baseline_ICCV_2025_paper.html,01-papers-by-conference/ICCV2025/B/2025-ICCV-B-event-based-tiny-object-detection-a-benchmark-dataset-and-baseline.md
CVPR2025-0513,Event-based Video Super-Resolution via State Space Models,2025,CVPR,background,reconstruction_restoration;temporal_modeling;architecture,"MamEVSR is event-side SSM/Mamba background showing long-range cross-modal temporal modeling, but it is non-spiking.",,https://openaccess.thecvf.com/content/CVPR2025/papers/Xiao_Event-based_Video_Super-Resolution_via_State_Space_Models_CVPR_2025_paper.pdf,https://openaccess.thecvf.com/content/CVPR2025/html/Xiao_Event-based_Video_Super-Resolution_via_State_Space_Models_CVPR_2025_paper.html,01-papers-by-conference/CVPR2025/B/2025-CVPR-B-event-based-video-super-resolution-via-state-space-models.md
NeurIPS2025-4786,Event-Driven Dynamic Scene Depth Completion,2025,NeurIPS,background,pose_depth_segmentation;datasets_benchmarks;temporal_modeling,EventDC provides event-side dynamic depth completion and benchmark coverage without SNNs.,Main Conference Track,https://papers.nips.cc/paper_files/paper/2025/hash/d2781f7df8825bbde6cef55adfbcd283-Paper-Conference.pdf,https://papers.nips.cc/paper_files/paper/2025/hash/d2781f7df8825bbde6cef55adfbcd283-Abstract-Conference.html,01-papers-by-conference/NeurIPS2025/B/2025-NEURIPS-B-event-driven-dynamic-scene-depth-completion.md
ICCV2025-1099,"Event-guided Unified Framework for Low-light Video Enhancement, Frame Interpolation, and Deblurring",2025,ICCV,background,reconstruction_restoration;datasets_benchmarks,The unified event-guided restoration framework shows multi-task event capability but no SNN.,,,https://openaccess.thecvf.com/content/ICCV2025/html/Kim_Event-guided_Unified_Framework_for_Low-light_Video_Enhancement_Frame_Interpolation_and_ICCV_2025_paper.html,01-papers-by-conference/ICCV2025/B/2025-ICCV-B-event-guided-unified-framework-for-low-light-video-enhancement-frame-interpolation-and-deb.md
CVPR2025-2400,EventFly: Event Camera Perception from Ground to the Sky,2025,CVPR,background,representation_slicing;datasets_benchmarks;pose_depth_segmentation,EventFly supplies event voxel adaptation and a cross-platform benchmark but no SNN.,,https://openaccess.thecvf.com/content/CVPR2025/papers/Kong_EventFly_Event_Camera_Perception_from_Ground_to_the_Sky_CVPR_2025_paper.pdf,https://openaccess.thecvf.com/content/CVPR2025/html/Kong_EventFly_Event_Camera_Perception_from_Ground_to_the_Sky_CVPR_2025_paper.html,01-papers-by-conference/CVPR2025/B/2025-CVPR-B-eventfly-event-camera-perception-from-ground-to-the-sky.md
NeurIPS2025-2692,EventMG: Efficient Multilevel Mamba-Graph Learning for Spatiotemporal Event Representation,2025,NeurIPS,background,representation_slicing;temporal_modeling;architecture;efficiency_hardware,EventMG is strong non-spiking event representation background combining event-level Mamba and cluster-level graphs.,Main Conference Track,https://papers.nips.cc/paper_files/paper/2025/hash/73d829353fdd9749f9b6cf26c5387f2e-Paper-Conference.pdf,https://papers.nips.cc/paper_files/paper/2025/hash/73d829353fdd9749f9b6cf26c5387f2e-Abstract-Conference.html,01-papers-by-conference/NeurIPS2025/B/2025-NEURIPS-B-eventmg-efficient-multilevel-mamba-graph-learning-for-spatiotemporal-event-representation.md
ICCV2025-2426,EVOLVE: Event-Guided Deformable Feature Transfer and Dual-Memory Refinement for Low-Light Video Object Segmentation,2025,ICCV,background,pose_depth_segmentation;temporal_modeling;reconstruction_restoration,EVOLVE uses event features and event memory for low-light video object segmentation. It is a non-spiking event-guided temporal baseline and does not enter the strict intersection Core.,,,https://openaccess.thecvf.com/content/ICCV2025/html/Baek_EVOLVE_Event-Guided_Deformable_Feature_Transfer_and_Dual-Memory_Refinement_for_Low-Light_ICCV_2025_paper.html,01-papers-by-conference/ICCV2025/B/2025-ICCV-B-evolve-event-guided-deformable-feature-transfer-and-dual-memory-refinement-for-low-light-v.md
ICCV2025-1538,EvRT-DETR: Latent Space Adaptation of Image Detectors for Event-based Vision,2025,ICCV,background,detection;representation_slicing;learning,"EvRT-DETR is event-side evidence for adapting image detectors to simple event representations, but non-spiking.",,,https://openaccess.thecvf.com/content/ICCV2025/html/Torbunov_EvRT-DETR_Latent_Space_Adaptation_of_Image_Detectors_for_Event-based_Vision_ICCV_2025_paper.html,01-papers-by-conference/ICCV2025/B/2025-ICCV-B-evrt-detr-latent-space-adaptation-of-image-detectors-for-event-based-vision.md
ICCV2025-1983,Exploiting Frequency Dynamics for Enhanced Multimodal Event-based Action Recognition,2025,ICCV,background,classification_recognition;temporal_modeling;representation_slicing,EMP provides non-spiking event-side evidence on frequency-guided multimodal recognition.,,,https://openaccess.thecvf.com/content/ICCV2025/html/Cao_Exploiting_Frequency_Dynamics_for_Enhanced_Multimodal_Event-based_Action_Recognition_ICCV_2025_paper.html,01-papers-by-conference/ICCV2025/B/2025-ICCV-B-exploiting-frequency-dynamics-for-enhanced-multimodal-event-based-action-recognition.md
CVPR2025-1878,EZSR: Event-based Zero-Shot Recognition,2025,CVPR,background,classification_recognition;datasets_benchmarks,EZSR supplies event-only recognition and scaling background but no SNN.,,https://openaccess.thecvf.com/content/CVPR2025/papers/Yang_EZSR_Event-based_Zero-Shot_Recognition_CVPR_2025_paper.pdf,https://openaccess.thecvf.com/content/CVPR2025/html/Yang_EZSR_Event-based_Zero-Shot_Recognition_CVPR_2025_paper.html,01-papers-by-conference/CVPR2025/B/2025-CVPR-B-ezsr-event-based-zero-shot-recognition.md
ICML2025-0864,Faster and Stronger: When ANN-SNN Conversion Meets Parallel Spiking Calculation,2025,ICML,background,learning;efficiency_hardware,Parallel ANN-SNN conversion is general low-latency SNN training background.,,https://raw.githubusercontent.com/mlresearch/v267/main/assets/hao25c/hao25c.pdf,https://proceedings.mlr.press/v267/hao25c.html,01-papers-by-conference/ICML2025/C/2025-ICML-C-faster-and-stronger-when-ann-snn-conversion-meets-parallel-spiking-calculation.md
NeurIPS2025-2978,FlexEvent: Towards Flexible Event-Frame Object Detection at Varying Operational Frequencies,2025,NeurIPS,background,detection;temporal_modeling,FlexEvent supplies non-spiking variable-frequency event detection evidence.,Main Conference Track,https://papers.nips.cc/paper_files/paper/2025/hash/8064e4ebbcbe594628887b420956d8c3-Paper-Conference.pdf,https://papers.nips.cc/paper_files/paper/2025/hash/8064e4ebbcbe594628887b420956d8c3-Abstract-Conference.html,01-papers-by-conference/NeurIPS2025/B/2025-NEURIPS-B-flexevent-towards-flexible-event-frame-object-detection-at-varying-operational-frequencies.md
NeurIPS2025-2173,GS2E: Gaussian Splatting is an Effective Data Generator for Event Stream Generation,2025,NeurIPS,background,datasets_benchmarks;robustness_open_challenges,"GS2E contributes synthetic event data and threshold modeling background, without SNNs.",Datasets and Benchmarks Track,https://papers.nips.cc/paper_files/paper/2025/hash/5dd2d7a5dba72af7a2d78128e02514f4-Paper-Datasets_and_Benchmarks_Track.pdf,https://papers.nips.cc/paper_files/paper/2025/hash/5dd2d7a5dba72af7a2d78128e02514f4-Abstract-Datasets_and_Benchmarks_Track.html,01-papers-by-conference/NeurIPS2025/B/2025-NEURIPS-B-gs2e-gaussian-splatting-is-an-effective-data-generator-for-event-stream-generation.md
NeurIPS2025-1367,HetSyn: Versatile Timescale Integration in Spiking Neural Networks via Heterogeneous Synapses,2025,NeurIPS,background,temporal_modeling;architecture,Heterogeneous synaptic time constants are useful generic SNN temporal-dynamics background.,Main Conference Track,https://papers.nips.cc/paper_files/paper/2025/hash/3a4e2c6a07ede771fbe53201d31df1e9-Paper-Conference.pdf,https://papers.nips.cc/paper_files/paper/2025/hash/3a4e2c6a07ede771fbe53201d31df1e9-Abstract-Conference.html,01-papers-by-conference/NeurIPS2025/C/2025-NEURIPS-C-hetsyn-versatile-timescale-integration-in-spiking-neural-networks-via-heterogeneous-synaps.md
ICLR2025-2782,Improving Generalization and Robustness in SNNs Through Signed Rate Encoding and Sparse Encoding Attacks,2025,ICLR,background,event_to_spike;robustness_open_challenges,"Signed rate encoding and sparse attacks provide SNN encoding/robustness foundations on standard data, not event-camera streams.",,https://proceedings.iclr.cc/paper_files/paper/2025/file/bfde7fb279709eff53faa074b45840d8-Paper-Conference.pdf,https://proceedings.iclr.cc/paper_files/paper/2025/hash/bfde7fb279709eff53faa074b45840d8-Abstract-Conference.html,01-papers-by-conference/ICLR2025/C/2025-ICLR-C-improving-generalization-and-robustness-in-snns-through-signed-rate-encoding-and-sparse-en.md
ICLR2025-3346,Improving the Sparse Structure Learning of Spiking Neural Networks from the View of Compression Efficiency,2025,ICLR,background,architecture;efficiency_hardware,Dynamic sparse SNN training supports efficiency background without event-camera integration.,,https://proceedings.iclr.cc/paper_files/paper/2025/file/e7fd2c0a1a6f956c94024e955b34cc43-Paper-Conference.pdf,https://proceedings.iclr.cc/paper_files/paper/2025/hash/e7fd2c0a1a6f956c94024e955b34cc43-Abstract-Conference.html,01-papers-by-conference/ICLR2025/C/2025-ICLR-C-improving-the-sparse-structure-learning-of-spiking-neural-networks-from-the-view-of-compre.md
NeurIPS2025-1061,Injecting Frame-Event Complementary Fusion into Diffusion for Optical Flow in Challenging Scenes,2025,NeurIPS,background,temporal_modeling;robustness_open_challenges,Frame-event diffusion optical flow is event-side challenging-scene background without SNNs.,Main Conference Track,https://papers.nips.cc/paper_files/paper/2025/hash/2d7b46ab7623124c2705683dea36fbef-Paper-Conference.pdf,https://papers.nips.cc/paper_files/paper/2025/hash/2d7b46ab7623124c2705683dea36fbef-Abstract-Conference.html,01-papers-by-conference/NeurIPS2025/B/2025-NEURIPS-B-injecting-frame-event-complementary-fusion-into-diffusion-for-optical-flow-in-challenging-.md
ICCV2025-2618,MATE: Motion-Augmented Temporal Consistency for Event-based Point Tracking,2025,ICCV,background,tracking;temporal_modeling;datasets_benchmarks,MATE supplies event-only point-tracking and velocity-robust temporal modeling evidence.,,,https://openaccess.thecvf.com/content/ICCV2025/html/Han_MATE_Motion-Augmented_Temporal_Consistency_for_Event-based_Point_Tracking_ICCV_2025_paper.html,01-papers-by-conference/ICCV2025/B/2025-ICCV-B-mate-motion-augmented-temporal-consistency-for-event-based-point-tracking.md
NeurIPS2025-5098,MI-TRQR: Mutual Information-Based Temporal Redundancy Quantification and Reduction for Energy-Efficient Spiking Neural Networks,2025,NeurIPS,background,temporal_modeling;efficiency_hardware;architecture,MI-based spike redundancy reduction is generic SNN efficiency background; CIFAR10-DVS is benchmark-only.,Main Conference Track,https://papers.nips.cc/paper_files/paper/2025/hash/dfb89b72be941eeeaeb5ee53bd3e7fc1-Paper-Conference.pdf,https://papers.nips.cc/paper_files/paper/2025/hash/dfb89b72be941eeeaeb5ee53bd3e7fc1-Abstract-Conference.html,01-papers-by-conference/NeurIPS2025/C/2025-NEURIPS-C-mi-trqr-mutual-information-based-temporal-redundancy-quantification-and-reduction-for-ener.md
NeurIPS2025-2213,Multiplication-Free Parallelizable Spiking Neurons with Efficient Spatio-Temporal Dynamics,2025,NeurIPS,background,temporal_modeling;efficiency_hardware;architecture,Parallel multiplication-free neurons provide generic SNN dynamics/hardware background; DVS-Lip is benchmark-only.,Main Conference Track,https://papers.nips.cc/paper_files/paper/2025/hash/5f40a99efedc1148a061d80201949c84-Paper-Conference.pdf,https://papers.nips.cc/paper_files/paper/2025/hash/5f40a99efedc1148a061d80201949c84-Abstract-Conference.html,01-papers-by-conference/NeurIPS2025/C/2025-NEURIPS-C-multiplication-free-parallelizable-spiking-neurons-with-efficient-spatio-temporal-dynamics.md
CVPR2025-1668,Object Detection using Event Camera: A MoE Heat Conduction based Detector and A New Benchmark Dataset,2025,CVPR,background,detection;datasets_benchmarks;efficiency_hardware,The non-spiking MoE detector and EvDET200K benchmark provide event-side detection coverage and comparisons that include SNN baselines.,,https://openaccess.thecvf.com/content/CVPR2025/papers/Wang_Object_Detection_using_Event_Camera_A_MoE_Heat_Conduction_based_CVPR_2025_paper.pdf,https://openaccess.thecvf.com/content/CVPR2025/html/Wang_Object_Detection_using_Event_Camera_A_MoE_Heat_Conduction_based_CVPR_2025_paper.html,01-papers-by-conference/CVPR2025/B/2025-CVPR-B-object-detection-using-event-camera-a-moe-heat-conduction-based-detector-and-a-new-benchma.md
CVPR2025-1775,On-Device Self-Supervised Learning of Low-Latency Monocular Depth from Only Events,2025,CVPR,background,pose_depth_segmentation;learning;efficiency_hardware,On-device self-supervised event depth provides event-side learning and measured deployment evidence without SNNs.,,https://openaccess.thecvf.com/content/CVPR2025/papers/Hagenaars_On-Device_Self-Supervised_Learning_of_Low-Latency_Monocular_Depth_from_Only_Events_CVPR_2025_paper.pdf,https://openaccess.thecvf.com/content/CVPR2025/html/Hagenaars_On-Device_Self-Supervised_Learning_of_Low-Latency_Monocular_Depth_from_Only_Events_CVPR_2025_paper.html,01-papers-by-conference/CVPR2025/B/2025-CVPR-B-on-device-self-supervised-learning-of-low-latency-monocular-depth-from-only-events.md
ICLR2025-2660,P-SPIKESSM: HARNESSING PROBABILISTIC SPIKING STATE SPACE MODELS FOR LONG-RANGE DEPENDENCY TASKS,2025,ICLR,background,temporal_modeling;architecture;efficiency_hardware,Probabilistic spiking SSMs are important long-range SNN architecture background but are not evaluated on event cameras.,,https://proceedings.iclr.cc/paper_files/paper/2025/file/b75ce884441c983f7357a312ffa02a3c-Paper-Conference.pdf,https://proceedings.iclr.cc/paper_files/paper/2025/hash/b75ce884441c983f7357a312ffa02a3c-Abstract-Conference.html,01-papers-by-conference/ICLR2025/C/2025-ICLR-C-p-spikessm-harnessing-probabilistic-spiking-state-space-models-for-long-range-dependency-t.md
NeurIPS2025-5608,PASS: Path-selective State Space Model for Event-based Recognition,2025,NeurIPS,background,representation_slicing;temporal_modeling;classification_recognition,PASS is strong event-side SSM representation and frequency-generalization background but non-spiking.,Main Conference Track,https://papers.nips.cc/paper_files/paper/2025/hash/f5dbd98d426772945099ccace06418ba-Paper-Conference.pdf,https://papers.nips.cc/paper_files/paper/2025/hash/f5dbd98d426772945099ccace06418ba-Abstract-Conference.html,01-papers-by-conference/NeurIPS2025/B/2025-NEURIPS-B-pass-path-selective-state-space-model-for-event-based-recognition.md
ICCV2025-1060,PRE-Mamba: A 4D State Space Model for Ultra-High-Frequent Event Camera Deraining,2025,ICCV,background,representation_slicing;temporal_modeling;reconstruction_restoration,"PRE-Mamba provides point-based 4D Event Cloud processing and event-sequence frequency regularization, but no SNN; its Mamba backbone is not a survey axis.",,,https://openaccess.thecvf.com/content/ICCV2025/html/Ruan_PRE-Mamba_A_4D_State_Space_Model_for_Ultra-High-Frequent_Event_Camera_ICCV_2025_paper.html,01-papers-by-conference/ICCV2025/B/2025-ICCV-B-pre-mamba-a-4d-state-space-model-for-ultra-high-frequent-event-camera-deraining.md
ICLR2025-3479,QP-SNN: Quantized and Pruned Spiking Neural Networks,2025,ICLR,background,architecture;efficiency_hardware,QP-SNN supplies generic quantization/pruning deployment evidence without event data.,,https://proceedings.iclr.cc/paper_files/paper/2025/file/f04aef8513b788a69229cede8c8cb5a8-Paper-Conference.pdf,https://proceedings.iclr.cc/paper_files/paper/2025/hash/f04aef8513b788a69229cede8c8cb5a8-Abstract-Conference.html,01-papers-by-conference/ICLR2025/C/2025-ICLR-C-qp-snn-quantized-and-pruned-spiking-neural-networks.md
ICLR2025-0522,Quantized Spike-driven Transformer,2025,ICLR,background,architecture;efficiency_hardware;learning,Quantized Spike-driven Transformer is generic hardware-oriented SNN background.,,https://proceedings.iclr.cc/paper_files/paper/2025/file/25c0fe7b157821dd3140727dc07461da-Paper-Conference.pdf,https://proceedings.iclr.cc/paper_files/paper/2025/hash/25c0fe7b157821dd3140727dc07461da-Abstract-Conference.html,01-papers-by-conference/ICLR2025/C/2025-ICLR-C-quantized-spike-driven-transformer.md
NeurIPS2025-3390,Re-coding for Uncertainties: Edge-awareness Semantic Concordance for Resilient Event-RGB Segmentation,2025,NeurIPS,background,pose_depth_segmentation;robustness_open_challenges,Event-RGB segmentation under extreme conditions is non-spiking event-side robustness background.,Main Conference Track,https://papers.nips.cc/paper_files/paper/2025/hash/92c020da2740ec2ace29e8e7d69b4483-Paper-Conference.pdf,https://papers.nips.cc/paper_files/paper/2025/hash/92c020da2740ec2ace29e8e7d69b4483-Abstract-Conference.html,01-papers-by-conference/NeurIPS2025/B/2025-NEURIPS-B-re-coding-for-uncertainties-edge-awareness-semantic-concordance-for-resilient-event-rgb-se.md
CVPR2025-2584,Repurposing Pre-trained Video Diffusion Models for Event-based Video Interpolation,2025,CVPR,background,reconstruction_restoration;datasets_benchmarks,Diffusion-based EVFI is event-side restoration and generalization background but non-spiking.,,https://openaccess.thecvf.com/content/CVPR2025/papers/Chen_Repurposing_Pre-trained_Video_Diffusion_Models_for_Event-based_Video_Interpolation_CVPR_2025_paper.pdf,https://openaccess.thecvf.com/content/CVPR2025/html/Chen_Repurposing_Pre-trained_Video_Diffusion_Models_for_Event-based_Video_Interpolation_CVPR_2025_paper.html,01-papers-by-conference/CVPR2025/B/2025-CVPR-B-repurposing-pre-trained-video-diffusion-models-for-event-based-video-interpolation.md
NeurIPS2025-4822,Rethinking Scale-Aware Temporal Encoding for Event-based Object Detection,2025,NeurIPS,background,detection;temporal_modeling;representation_slicing,Scale-aware recurrent event detection gives strong non-spiking temporal architecture background.,Main Conference Track,https://papers.nips.cc/paper_files/paper/2025/hash/d450dceeacd6083d1d550247377f2320-Paper-Conference.pdf,https://papers.nips.cc/paper_files/paper/2025/hash/d450dceeacd6083d1d550247377f2320-Abstract-Conference.html,01-papers-by-conference/NeurIPS2025/B/2025-NEURIPS-B-rethinking-scale-aware-temporal-encoding-for-event-based-object-detection.md
ICLR2025-1232,Rethinking Spiking Neural Networks from an Ensemble Learning Perspective,2025,ICLR,background,temporal_modeling;learning,Temporal subnetwork consistency explains generic SNN dynamics; DVS-CIFAR10 is benchmark-only.,,https://proceedings.iclr.cc/paper_files/paper/2025/file/5543342b8c45c0cba04f832390cfb23c-Paper-Conference.pdf,https://proceedings.iclr.cc/paper_files/paper/2025/hash/5543342b8c45c0cba04f832390cfb23c-Abstract-Conference.html,01-papers-by-conference/ICLR2025/C/2025-ICLR-C-rethinking-spiking-neural-networks-from-an-ensemble-learning-perspective.md
CVPR2025-2085,Rethinking Spiking Self-Attention Mechanism: Implementing a-XNOR Similarity Calculation in Spiking Transformers,2025,CVPR,background,architecture;temporal_modeling,a-XNOR attention addresses spike-train similarity in generic Spiking Transformers; neuromorphic datasets are evaluation only.,,https://openaccess.thecvf.com/content/CVPR2025/papers/Xiao_Rethinking_Spiking_Self-Attention_Mechanism_Implementing_a-XNOR_Similarity_Calculation_in_Spiking_CVPR_2025_paper.pdf,https://openaccess.thecvf.com/content/CVPR2025/html/Xiao_Rethinking_Spiking_Self-Attention_Mechanism_Implementing_a-XNOR_Similarity_Calculation_in_Spiking_CVPR_2025_paper.html,01-papers-by-conference/CVPR2025/C/2025-CVPR-C-rethinking-spiking-self-attention-mechanism-implementing-a-xnor-similarity-calculation-in-.md
ICML2025-0826,ReverB-SNN: Reversing Bit of the Weight and Activation for Spiking Neural Networks,2025,ICML,background,architecture;efficiency_hardware,ReverB-SNN is generic mixed-precision SNN architecture background without event-camera integration.,,https://raw.githubusercontent.com/mlresearch/v267/main/assets/guo25t/guo25t.pdf,https://proceedings.mlr.press/v267/guo25t.html,01-papers-by-conference/ICML2025/C/2025-ICML-C-reverb-snn-reversing-bit-of-the-weight-and-activation-for-spiking-neural-networks.md
NeurIPS2025-1514,S$^2$NN: Sub-bit Spiking Neural Networks,2025,NeurIPS,background,architecture;efficiency_hardware,Sub-bit SNN compression is generic deployment background without event-camera data.,Main Conference Track,https://papers.nips.cc/paper_files/paper/2025/hash/40cba0984b4a2fa3b9f3e1231572e128-Paper-Conference.pdf,https://papers.nips.cc/paper_files/paper/2025/hash/40cba0984b4a2fa3b9f3e1231572e128-Abstract-Conference.html,01-papers-by-conference/NeurIPS2025/C/2025-NEURIPS-C-s-2-nn-sub-bit-spiking-neural-networks.md
ICCV2025-1311,SAMPLE: Semantic Alignment through Temporal-Adaptive Multimodal Prompt Learning for Event-Based Open-Vocabulary Action Recognition,2025,ICCV,background,classification_recognition;temporal_modeling,SAMPLE is event-only open-vocabulary action recognition and temporal prompting background.,,,https://openaccess.thecvf.com/content/ICCV2025/html/Wang_SAMPLE_Semantic_Alignment_through_Temporal-Adaptive_Multimodal_Prompt_Learning_for_Event-Based_ICCV_2025_paper.html,01-papers-by-conference/ICCV2025/B/2025-ICCV-B-sample-semantic-alignment-through-temporal-adaptive-multimodal-prompt-learning-for-event-b.md
ICCV2025-0738,Separation for Better Integration: Disentangling Edge and Motion in Event-based Deblurring,2025,ICCV,background,reconstruction_restoration;representation_slicing,"Edge-motion disentanglement is useful event-side representation evidence for deblurring, without SNNs.",,,https://openaccess.thecvf.com/content/ICCV2025/html/Zhu_Separation_for_Better_Integration_Disentangling_Edge_and_Motion_in_Event-based_ICCV_2025_paper.html,01-papers-by-conference/ICCV2025/B/2025-ICCV-B-separation-for-better-integration-disentangling-edge-and-motion-in-event-based-deblurring.md
ICCV2025-0339,Simultaneous Motion And Noise Estimation with Event Cameras,2025,ICCV,background,robustness_open_challenges;temporal_modeling,Joint event motion/noise estimation supplies important event-camera noise theory and task interaction background.,,,https://openaccess.thecvf.com/content/ICCV2025/html/Shiba_Simultaneous_Motion_And_Noise_Estimation_with_Event_Cameras_ICCV_2025_paper.html,01-papers-by-conference/ICCV2025/B/2025-ICCV-B-simultaneous-motion-and-noise-estimation-with-event-cameras.md
NeurIPS2025-1437,SPACE: SPike-Aware Consistency Enhancement for Test-Time Adaptation in Spiking Neural Networks,2025,NeurIPS,background,robustness_open_challenges;learning,Spike-aware test-time adaptation is generic SNN robustness background without event-camera evidence.,Main Conference Track,https://papers.nips.cc/paper_files/paper/2025/hash/3d9f111e9139bb008ffdfc6b466f3bf5-Paper-Conference.pdf,https://papers.nips.cc/paper_files/paper/2025/hash/3d9f111e9139bb008ffdfc6b466f3bf5-Abstract-Conference.html,01-papers-by-conference/NeurIPS2025/C/2025-NEURIPS-C-space-spike-aware-consistency-enhancement-for-test-time-adaptation-in-spiking-neural-netwo.md
ICCV2025-2608,SpikePack: Enhanced Information Flow in Spiking Neural Networks with High Hardware Compatibility,2025,ICCV,background,architecture;learning;efficiency_hardware,"SpikePack contributes generic SNN information flow, conversion, and measured FPGA evidence without event-camera data.",,,https://openaccess.thecvf.com/content/ICCV2025/html/Shen_SpikePack_Enhanced_Information_Flow_in_Spiking_Neural_Networks_with_High_ICCV_2025_paper.html,01-papers-by-conference/ICCV2025/C/2025-ICCV-C-spikepack-enhanced-information-flow-in-spiking-neural-networks-with-high-hardware-compatib.md
ICML2025-3251,SpikeVideoFormer: An Efficient Spike-Driven Video Transformer with Hamming Attention and $\mathcalO(T)$ Complexity,2025,ICML,background,architecture;temporal_modeling;efficiency_hardware;tracking;pose_depth_segmentation,"SpikeVideoFormer is generic spiking video architecture and task background, using frame videos rather than event cameras.",,https://raw.githubusercontent.com/mlresearch/v267/main/assets/zou25b/zou25b.pdf,https://proceedings.mlr.press/v267/zou25b.html,01-papers-by-conference/ICML2025/C/2025-ICML-C-spikevideoformer-an-efficient-spike-driven-video-transformer-with-hamming-attention-and-ma.md
NeurIPS2025-3455,Spiking Neural Networks Need High-Frequency Information,2025,NeurIPS,background,architecture;temporal_modeling,"This generic SNN frequency-bias analysis is important Advisor evidence and remains a Survey reference, but it is not event-camera-specific and is not needed in the first strict Survey Core pass.",Main Conference Track,https://papers.nips.cc/paper_files/paper/2025/hash/956834836f36dd07df7064ff42ca69f2-Paper-Conference.pdf,https://papers.nips.cc/paper_files/paper/2025/hash/956834836f36dd07df7064ff42ca69f2-Abstract-Conference.html,01-papers-by-conference/NeurIPS2025/C/2025-NEURIPS-C-spiking-neural-networks-need-high-frequency-information.md
CVPR2025-0097,Spiking Transformer with Spatial-Temporal Attention,2025,CVPR,background,architecture;temporal_modeling,STAtten is useful generic Spiking Transformer temporal-attention background; DVS datasets alone do not make it an intersection method.,,https://openaccess.thecvf.com/content/CVPR2025/papers/Lee_Spiking_Transformer_with_Spatial-Temporal_Attention_CVPR_2025_paper.pdf,https://openaccess.thecvf.com/content/CVPR2025/html/Lee_Spiking_Transformer_with_Spatial-Temporal_Attention_CVPR_2025_paper.html,01-papers-by-conference/CVPR2025/C/2025-CVPR-C-spiking-transformer-with-spatial-temporal-attention.md
CVPR2025-2494,Spiking Transformer: Introducing Accurate Addition-Only Spiking Self-Attention for Transformer,2025,CVPR,background,architecture;efficiency_hardware,Addition-only mixed-spike attention is generic SNN architecture and efficiency background without event-camera data.,,https://openaccess.thecvf.com/content/CVPR2025/papers/Guo_Spiking_Transformer_Introducing_Accurate_Addition-Only_Spiking_Self-Attention_for_Transformer_CVPR_2025_paper.pdf,https://openaccess.thecvf.com/content/CVPR2025/html/Guo_Spiking_Transformer_Introducing_Accurate_Addition-Only_Spiking_Self-Attention_for_Transformer_CVPR_2025_paper.html,01-papers-by-conference/CVPR2025/C/2025-CVPR-C-spiking-transformer-introducing-accurate-addition-only-spiking-self-attention-for-transfor.md
ICLR2025-0872,Spiking Vision Transformer with Saccadic Attention,2025,ICLR,background,architecture;temporal_modeling;efficiency_hardware,Saccadic spiking attention is generic SNN vision architecture background without event-camera input.,,https://proceedings.iclr.cc/paper_files/paper/2025/file/3c85f70d3fd83f4fba47e117e5429f35-Paper-Conference.pdf,https://proceedings.iclr.cc/paper_files/paper/2025/hash/3c85f70d3fd83f4fba47e117e5429f35-Abstract-Conference.html,01-papers-by-conference/ICLR2025/C/2025-ICLR-C-spiking-vision-transformer-with-saccadic-attention.md
ICCV2025-1894,SpiLiFormer: Enhancing Spiking Transformers with Lateral Inhibition,2025,ICCV,background,architecture;efficiency_hardware,SpiLiFormer is generic Spiking Transformer background; DVS benchmarks alone do not make it an intersection paper.,,,https://openaccess.thecvf.com/content/ICCV2025/html/Zheng_SpiLiFormer_Enhancing_Spiking_Transformers_with_Lateral_Inhibition_ICCV_2025_paper.html,01-papers-by-conference/ICCV2025/C/2025-ICCV-C-spiliformer-enhancing-spiking-transformers-with-lateral-inhibition.md
CVPR2025-2098,STAA-SNN: Spatial-Temporal Attention Aggregator for Spiking Neural Networks,2025,CVPR,background,architecture;temporal_modeling;learning,STAA-SNN develops generic spatial-temporal aggregation; CIFAR10-DVS is benchmark-only.,,https://openaccess.thecvf.com/content/CVPR2025/papers/Zhang_STAA-SNN_Spatial-Temporal_Attention_Aggregator_for_Spiking_Neural_Networks_CVPR_2025_paper.pdf,https://openaccess.thecvf.com/content/CVPR2025/html/Zhang_STAA-SNN_Spatial-Temporal_Attention_Aggregator_for_Spiking_Neural_Networks_CVPR_2025_paper.html,01-papers-by-conference/CVPR2025/C/2025-CVPR-C-staa-snn-spatial-temporal-attention-aggregator-for-spiking-neural-networks.md
ICCV2025-2463,SuperEvent: Cross-Modal Learning of Event-based Keypoint Detection for SLAM,2025,ICCV,background,representation_slicing;learning;robustness_open_challenges,"SuperEvent supplies event-side keypoint representation, self-supervision, and noise robustness without SNNs.",,,https://openaccess.thecvf.com/content/ICCV2025/html/Burkhardt_SuperEvent_Cross-Modal_Learning_of_Event-based_Keypoint_Detection_for_SLAM_ICCV_2025_paper.html,01-papers-by-conference/ICCV2025/B/2025-ICCV-B-superevent-cross-modal-learning-of-event-based-keypoint-detection-for-slam.md
NeurIPS2025-3720,Synergy Between the Strong and the Weak: Spiking Neural Networks are Inherently Self-Distillers,2025,NeurIPS,background,learning;temporal_modeling,Timestep self-distillation is generic SNN training background without event-camera integration.,Main Conference Track,https://papers.nips.cc/paper_files/paper/2025/hash/a1a923ac3eb5c02b34423a0b343a24cb-Paper-Conference.pdf,https://papers.nips.cc/paper_files/paper/2025/hash/a1a923ac3eb5c02b34423a0b343a24cb-Abstract-Conference.html,01-papers-by-conference/NeurIPS2025/C/2025-NEURIPS-C-synergy-between-the-strong-and-the-weak-spiking-neural-networks-are-inherently-self-distil.md
ICML2025-0181,Temporal Misalignment in ANN-SNN Conversion and its Mitigation via Probabilistic Spiking Neurons,2025,ICML,background,learning;temporal_modeling,Temporal misalignment in ANN-SNN conversion is general conversion theory; DVS is benchmark-only.,,https://raw.githubusercontent.com/mlresearch/v267/main/assets/bojkovic25a/bojkovic25a.pdf,https://proceedings.mlr.press/v267/bojkovic25a.html,01-papers-by-conference/ICML2025/C/2025-ICML-C-temporal-misalignment-in-ann-snn-conversion-and-its-mitigation-via-probabilistic-spiking-n.md
CVPR2025-1275,Temporal Separation with Entropy Regularization for Knowledge Distillation in Spiking Neural Networks,2025,CVPR,background,learning;temporal_modeling,Temporal logit distillation is generic SNN training background with no event-camera-specific method.,,https://openaccess.thecvf.com/content/CVPR2025/papers/Yu_Temporal_Separation_with_Entropy_Regularization_for_Knowledge_Distillation_in_Spiking_CVPR_2025_paper.pdf,https://openaccess.thecvf.com/content/CVPR2025/html/Yu_Temporal_Separation_with_Entropy_Regularization_for_Knowledge_Distillation_in_Spiking_CVPR_2025_paper.html,01-papers-by-conference/CVPR2025/C/2025-CVPR-C-temporal-separation-with-entropy-regularization-for-knowledge-distillation-in-spiking-neur.md
ICCV2025-1879,TESPEC: Temporally-Enhanced Self-Supervised Pretraining for Event Cameras,2025,ICCV,background,learning;temporal_modeling;detection;pose_depth_segmentation,"TESPEC is strong event-specific long-sequence pretraining background across dense tasks, but non-spiking.",,,https://openaccess.thecvf.com/content/ICCV2025/html/Mohammadi_TESPEC_Temporally-Enhanced_Self-Supervised_Pretraining_for_Event_Cameras_ICCV_2025_paper.html,01-papers-by-conference/ICCV2025/B/2025-ICCV-B-tespec-temporally-enhanced-self-supervised-pretraining-for-event-cameras.md
ICML2025-1843,Time to Spike? Understanding the Representational Power of Spiking Neural Networks in Discrete Time,2025,ICML,background,temporal_modeling;architecture,Discrete-time LIF-SNN expressivity and latency theory provide foundational background without event-camera data.,,https://raw.githubusercontent.com/mlresearch/v267/main/assets/nguyen25a/nguyen25a.pdf,https://proceedings.mlr.press/v267/nguyen25a.html,01-papers-by-conference/ICML2025/C/2025-ICML-C-time-to-spike-understanding-the-representational-power-of-spiking-neural-networks-in-discr.md
CVPR2025-0200,TimeTracker: Event-based Continuous Point Tracking for Video Frame Interpolation with Non-linear Motion,2025,CVPR,background,tracking;reconstruction_restoration;temporal_modeling;datasets_benchmarks,TimeTracker supplies event-side continuous tracking and interpolation evidence but no SNN.,,https://openaccess.thecvf.com/content/CVPR2025/papers/Liu_TimeTracker_Event-based_Continuous_Point_Tracking_for_Video_Frame_Interpolation_with_CVPR_2025_paper.pdf,https://openaccess.thecvf.com/content/CVPR2025/html/Liu_TimeTracker_Event-based_Continuous_Point_Tracking_for_Video_Frame_Interpolation_with_CVPR_2025_paper.html,01-papers-by-conference/CVPR2025/B/2025-CVPR-B-timetracker-event-based-continuous-point-tracking-for-video-frame-interpolation-with-non-l.md
NeurIPS2025-2601,Toward Relative Positional Encoding in Spiking Transformers,2025,NeurIPS,background,architecture;temporal_modeling,Relative positional encoding supports generic Spiking Transformer sequence modeling without event cameras.,Main Conference Track,https://papers.nips.cc/paper_files/paper/2025/hash/6fdbdaf19f4f3f8e2e08aa87987e459c-Paper-Conference.pdf,https://papers.nips.cc/paper_files/paper/2025/hash/6fdbdaf19f4f3f8e2e08aa87987e459c-Abstract-Conference.html,01-papers-by-conference/NeurIPS2025/C/2025-NEURIPS-C-toward-relative-positional-encoding-in-spiking-transformers.md
ICML2025-2813,Training High Performance Spiking Neural Network by Temporal Model Calibration,2025,ICML,background,learning;temporal_modeling,Temporal model calibration is generic SNN training; DVS datasets are benchmark-only.,,https://raw.githubusercontent.com/mlresearch/v267/main/assets/yan25c/yan25c.pdf,https://proceedings.mlr.press/v267/yan25c.html,01-papers-by-conference/ICML2025/C/2025-ICML-C-training-high-performance-spiking-neural-network-by-temporal-model-calibration.md
ICML2025-2938,TS-SNN: Temporal Shift Module for Spiking Neural Networks,2025,ICML,background,temporal_modeling;architecture;efficiency_hardware,Temporal shift is useful generic SNN dynamics/efficiency background without event-camera streams.,,https://raw.githubusercontent.com/mlresearch/v267/main/assets/yu25w/yu25w.pdf,https://proceedings.mlr.press/v267/yu25w.html,01-papers-by-conference/ICML2025/C/2025-ICML-C-ts-snn-temporal-shift-module-for-spiking-neural-networks.md
ICML2025-3117,TTFSFormer: A TTFS-based Lossless Conversion of Spiking Transformer,2025,ICML,background,event_to_spike;learning;efficiency_hardware,TTFS Transformer conversion provides coding and energy background without event-camera integration.,,https://raw.githubusercontent.com/mlresearch/v267/main/assets/zhao25n/zhao25n.pdf,https://proceedings.mlr.press/v267/zhao25n.html,01-papers-by-conference/ICML2025/C/2025-ICML-C-ttfsformer-a-ttfs-based-lossless-conversion-of-spiking-transformer.md
ICCV2025-1528,Unleashing the Temporal Potential of Stereo Event Cameras for Continuous-Time 3D Object Detection,2025,ICCV,background,detection;temporal_modeling,Stereo event-only continuous-time 3D detection is task background without SNNs.,,,https://openaccess.thecvf.com/content/ICCV2025/html/Kang_Unleashing_the_Temporal_Potential_of_Stereo_Event_Cameras_for_Continuous-Time_ICCV_2025_paper.html,01-papers-by-conference/ICCV2025/B/2025-ICCV-B-unleashing-the-temporal-potential-of-stereo-event-cameras-for-continuous-time-3d-object-de.md
ICCV2025-1001,Unsupervised Joint Learning of Optical Flow and Intensity with Event Cameras,2025,ICCV,background,learning;temporal_modeling;reconstruction_restoration,"Joint unsupervised event flow and intensity estimation supplies event-side learning theory, but no SNN.",,,https://openaccess.thecvf.com/content/ICCV2025/html/Guo_Unsupervised_Joint_Learning_of_Optical_Flow_and_Intensity_with_Event_ICCV_2025_paper.html,01-papers-by-conference/ICCV2025/B/2025-ICCV-B-unsupervised-joint-learning-of-optical-flow-and-intensity-with-event-cameras.md
NeurIPS2025-1206,Unveiling the Spatial-temporal Effective Receptive Fields of Spiking Neural Networks,2025,NeurIPS,background,architecture;temporal_modeling,"ST-ERF provides useful analysis of generic SNN long-sequence modeling and dense tasks, without event-camera input.",Main Conference Track,https://papers.nips.cc/paper_files/paper/2025/hash/3353b22e6b85a76d45d6b01aa4328be5-Paper-Conference.pdf,https://papers.nips.cc/paper_files/paper/2025/hash/3353b22e6b85a76d45d6b01aa4328be5-Abstract-Conference.html,01-papers-by-conference/NeurIPS2025/C/2025-NEURIPS-C-unveiling-the-spatial-temporal-effective-receptive-fields-of-spiking-neural-networks.md
NeurIPS2025-4086,V2V: Scaling Event-Based Vision through Efficient Video-to-Voxel Simulation,2025,NeurIPS,background,datasets_benchmarks;representation_slicing;robustness_open_challenges,"V2V is important event-side data scaling and voxel-simulation background, but non-spiking.",Main Conference Track,https://papers.nips.cc/paper_files/paper/2025/hash/b14cf0a01f7a8b9cd3e365e40f910272-Paper-Conference.pdf,https://papers.nips.cc/paper_files/paper/2025/hash/b14cf0a01f7a8b9cd3e365e40f910272-Abstract-Conference.html,01-papers-by-conference/NeurIPS2025/B/2025-NEURIPS-B-v2v-scaling-event-based-vision-through-efficient-video-to-voxel-simulation.md
ICML2025-2726,When Every Millisecond Counts: Real-Time Anomaly Detection via the Multimodal Asynchronous Hybrid Network,2025,ICML,background,detection;temporal_modeling;efficiency_hardware,The event-RGB asynchronous graph network provides event-side real-time anomaly-detection evidence but is non-spiking.,,https://raw.githubusercontent.com/mlresearch/v267/main/assets/xiao25a/xiao25a.pdf,https://proceedings.mlr.press/v267/xiao25a.html,01-papers-by-conference/ICML2025/B/2025-ICML-B-when-every-millisecond-counts-real-time-anomaly-detection-via-the-multimodal-asynchronous-.md
CVPR2024-0453,3D Feature Tracking via Event Camera,2024,CVPR,background,tracking;datasets_benchmarks,"Event-camera 3D feature tracking and E-3DTrack can contextualize tracking tasks and non-SNN baselines, but the method contains no spiking computation.",,https://openaccess.thecvf.com/content/CVPR2024/papers/Li_3D_Feature_Tracking_via_Event_Camera_CVPR_2024_paper.pdf,https://openaccess.thecvf.com/content/CVPR2024/html/Li_3D_Feature_Tracking_via_Event_Camera_CVPR_2024_paper.html,01-papers-by-conference/CVPR2024/B/2024-CVPR-B-3d-feature-tracking-via-event-camera.md
ECCV2024-1943,3D Hand Sequence Recovery from Real Blurry Images and Event Stream,2024,ECCV,background,pose_depth_segmentation;datasets_benchmarks;temporal_modeling,EBHNet and the EBH dataset use real event streams to recover 3D hand sequences from blurred images. This is non-spiking task/dataset background outside Survey Core.,,https://www.ecva.net/papers/eccv_2024/papers_ECCV/papers/07674.pdf,https://eccv.ecva.net/virtual/2024/poster/620,01-papers-by-conference/ECCV2024/B/2024-ECCV-B-3d-hand-sequence-recovery-from-real-blurry-images-and-event-stream.md
NeurIPS2024-4283,A Benchmark Dataset for Event-Guided Human Pose Estimation and Tracking in Extreme Conditions,2024,NeurIPS,background,pose_depth_segmentation;tracking;datasets_benchmarks,"EHPT-XC is a formal event-camera benchmark for pose and tracking in extreme conditions, useful for task and dataset coverage but non-spiking.",Datasets and Benchmarks Track,https://papers.nips.cc/paper_files/paper/2024/file/f304e427cfe6bb762fe1bf18516c8a87-Paper-Datasets_and_Benchmarks_Track.pdf,https://papers.nips.cc/paper_files/paper/2024/hash/f304e427cfe6bb762fe1bf18516c8a87-Abstract-Datasets_and_Benchmarks_Track.html,01-papers-by-conference/NeurIPS2024/B/2024-NEURIPS-B-a-benchmark-dataset-for-event-guided-human-pose-estimation-and-tracking-in-extreme-conditi.md
NeurIPS2024-0287,A generalized neural tangent kernel for surrogate gradient learning,2024,NeurIPS,background,learning,"The surrogate-gradient NTK gives rigorous theoretical background for SNN training, while being unrelated to event-camera data.",Main Conference Track,https://papers.nips.cc/paper_files/paper/2024/file/10f1737aa6347ccc555ac068e1b45523-Paper-Conference.pdf,https://papers.nips.cc/paper_files/paper/2024/hash/10f1737aa6347ccc555ac068e1b45523-Abstract-Conference.html,01-papers-by-conference/NeurIPS2024/C/2024-NEURIPS-C-a-generalized-neural-tangent-kernel-for-surrogate-gradient-learning.md
ICLR2024-0193,A Progressive Training Framework for Spiking Neural Networks with Learnable Multi-hierarchical Model,2024,ICLR,background,architecture;temporal_modeling;learning,"LM-H and progressive training provide generic neuron-memory and gradient context that may explain SNN temporal learning, but are not event-camera-specific.",,https://proceedings.iclr.cc/paper_files/paper/2024/file/148865706acbd18627d3fc15cc3f3b93-Paper-Conference.pdf,https://proceedings.iclr.cc/paper_files/paper/2024/hash/148865706acbd18627d3fc15cc3f3b93-Abstract-Conference.html,01-papers-by-conference/ICLR2024/C/2024-ICLR-C-a-progressive-training-framework-for-spiking-neural-networks-with-learnable-multi-hierarch.md
ICLR2024-0730,Adaptive deep spiking neural network with global-local learning via balanced excitatory and inhibitory mechanism,2024,ICLR,background,learning;efficiency_hardware,EIHL is generic SNN training evaluated on DVS-CIFAR10; it supports learning/sparsity background but does not address event-stream processing.,,https://proceedings.iclr.cc/paper_files/paper/2024/file/4ec43957eda1126ad4887995d05fae3b-Paper-Conference.pdf,https://proceedings.iclr.cc/paper_files/paper/2024/hash/4ec43957eda1126ad4887995d05fae3b-Abstract-Conference.html,01-papers-by-conference/ICLR2024/C/2024-ICLR-C-adaptive-deep-spiking-neural-network-with-global-local-learning-via-balanced-excitatory-an.md
NeurIPS2024-0845,Advancing Spiking Neural Networks for Sequential Modeling with Central Pattern Generators,2024,NeurIPS,background,temporal_modeling;event_to_spike,CPG-based spike positional encoding supports general SNN sequential modeling but is not evaluated on event-camera streams.,Main Conference Track,https://papers.nips.cc/paper_files/paper/2024/file/2f55a8b7b1c2c6312eb86557bb9a2bd5-Paper-Conference.pdf,https://papers.nips.cc/paper_files/paper/2024/hash/2f55a8b7b1c2c6312eb86557bb9a2bd5-Abstract-Conference.html,01-papers-by-conference/NeurIPS2024/C/2024-NEURIPS-C-advancing-spiking-neural-networks-for-sequential-modeling-with-central-pattern-generators.md
NeurIPS2024-3676,Advancing Training Efficiency of Deep Spiking Neural Networks through Rate-based Backpropagation,2024,NeurIPS,background,learning;efficiency_hardware;event_to_spike,Rate-based backpropagation is useful for scalable SNN training; CIFAR10-DVS is only one benchmark and the method is not event-specific.,Main Conference Track,https://papers.nips.cc/paper_files/paper/2024/file/d1bdc488ec18f64177b2275a03984683-Paper-Conference.pdf,https://papers.nips.cc/paper_files/paper/2024/hash/d1bdc488ec18f64177b2275a03984683-Abstract-Conference.html,01-papers-by-conference/NeurIPS2024/C/2024-NEURIPS-C-advancing-training-efficiency-of-deep-spiking-neural-networks-through-rate-based-backpropa.md
ICML2024-1996,ALERT-Transformer: Bridging Asynchronous and Synchronous Machine Learning for Real-Time Event-based Spatio-Temporal Data,2024,ICML,background,representation_slicing;temporal_modeling;classification_recognition;efficiency_hardware,"ALERT-Transformer continuously embeds ultra-sparse event-sensor data with PointNet-style leakage and flexible synchronous readout. It is important non-spiking event representation and latency background, but not Survey Core.",,https://raw.githubusercontent.com/mlresearch/v235/main/assets/turrero24a/turrero24a.pdf,https://proceedings.mlr.press/v235/turrero24a.html,01-papers-by-conference/ICML2024/B/2024-ICML-B-alert-transformer-bridging-asynchronous-and-synchronous-machine-learning-for-real-time-eve.md
ECCV2024-0096,Asynchronous Bioplausible Neuron for Spiking Neural Networks for Event-Based Vision,2024,ECCV,background,architecture;learning;efficiency_hardware,ABN contributes a general adaptive spiking-neuron mechanism and neuromorphic benchmark evidence; it informs neuron design but is not an event-camera-specific pipeline.,,https://www.ecva.net/papers/eccv_2024/papers_ECCV/papers/08133.pdf,https://eccv.ecva.net/virtual/2024/poster/1172,01-papers-by-conference/ECCV2024/C/2024-ECCV-C-asynchronous-bioplausible-neuron-for-spiking-neural-networks-for-event-based-vision.md
ICML2024-2133,Autaptic Synaptic Circuit Enhances Spatio-temporal Predictive Learning of Spiking Neural Networks,2024,ICML,background,temporal_modeling;architecture,"The autaptic STC neuron targets long-term spatiotemporal prediction and gradient flow in SNNs, serving as temporal-dynamics background only.",,https://raw.githubusercontent.com/mlresearch/v235/main/assets/wang24ci/wang24ci.pdf,https://proceedings.mlr.press/v235/wang24ci.html,01-papers-by-conference/ICML2024/C/2024-ICML-C-autaptic-synaptic-circuit-enhances-spatio-temporal-predictive-learning-of-spiking-neural-n.md
ECCV2024-0858,BKDSNN: Enhancing the Performance of Learning-based Spiking Neural Networks Training with Blurred Knowledge Distillation,2024,ECCV,background,learning;architecture,"BKDSNN supplies generic SNN knowledge-distillation context for closing ANN-SNN accuracy gaps, but event-camera data are not the core method concern.",,https://www.ecva.net/papers/eccv_2024/papers_ECCV/papers/06649.pdf,https://eccv.ecva.net/virtual/2024/poster/2655,01-papers-by-conference/ECCV2024/C/2024-ECCV-C-bkdsnn-enhancing-the-performance-of-learning-based-spiking-neural-networks-training-with-b.md
CVPR2024-0885,Bring Event into RGB and LiDAR: Hierarchical Visual-Motion Fusion for Scene Flow,2024,CVPR,background,representation_slicing;pose_depth_segmentation,"The official abstract confirms RGB-event-LiDAR fusion for scene flow. It is non-spiking event-side evidence on multimodal representation and motion fusion, suitable as a reference rather than Core reading.",,https://openaccess.thecvf.com/content/CVPR2024/papers/Zhou_Bring_Event_into_RGB_and_LiDAR_Hierarchical_Visual-Motion_Fusion_for_CVPR_2024_paper.pdf,https://openaccess.thecvf.com/content/CVPR2024/html/Zhou_Bring_Event_into_RGB_and_LiDAR_Hierarchical_Visual-Motion_Fusion_for_CVPR_2024_paper.html,01-papers-by-conference/CVPR2024/B/2024-CVPR-B-bring-event-into-rgb-and-lidar-hierarchical-visual-motion-fusion-for-scene-flow.md
ICLR2024-2253,Can we get the best of both Binary Neural Networks and Spiking Neural Networks for Efficient Computer Vision?,2024,ICLR,background,architecture;efficiency_hardware;robustness_open_challenges,"The BANN/SNN comparison is useful for questioning whether spike sparsity and multiple timesteps truly improve efficient vision, but it is not event-camera-specific.",,https://proceedings.iclr.cc/paper_files/paper/2024/file/ff521f7570d6ed23217ba5780753a1f7-Paper-Conference.pdf,https://proceedings.iclr.cc/paper_files/paper/2024/hash/ff521f7570d6ed23217ba5780753a1f7-Abstract-Conference.html,01-papers-by-conference/ICLR2024/C/2024-ICLR-C-can-we-get-the-best-of-both-binary-neural-networks-and-spiking-neural-networks-for-efficie.md
ICLR2024-1807,Certified Adversarial Robustness for Rate Encoded Spiking Neural Networks,2024,ICLR,background,robustness_open_challenges;event_to_spike,"Certified robustness for rate-coded SNNs supplies robustness and encoding theory, but only for static images rather than event-camera streams.",,https://proceedings.iclr.cc/paper_files/paper/2024/file/ca24eb48806df3af49e5ac59d8a46f67-Paper-Conference.pdf,https://proceedings.iclr.cc/paper_files/paper/2024/hash/ca24eb48806df3af49e5ac59d8a46f67-Abstract-Conference.html,01-papers-by-conference/ICLR2024/C/2024-ICLR-C-certified-adversarial-robustness-for-rate-encoded-spiking-neural-networks.md
ECCV2024-0606,CMTA: Cross-Modal Temporal Alignment for Event-guided Video Deblurring,2024,ECCV,background,reconstruction_restoration;temporal_modeling;datasets_benchmarks,"CMTA supplies a non-SNN event deblurring baseline for cross-modal temporal alignment and long-range aggregation, useful when comparing hybrid/spiking restoration methods.",,https://www.ecva.net/papers/eccv_2024/papers_ECCV/papers/06838.pdf,https://eccv.ecva.net/virtual/2024/poster/259,01-papers-by-conference/ECCV2024/B/2024-ECCV-B-cmta-cross-modal-temporal-alignment-for-event-guided-video-deblurring.md
ECCV2024-1631,DailyDVS-200: A Comprehensive Benchmark Dataset for Event-Based Action Recognition,2024,ECCV,background,classification_recognition;datasets_benchmarks;robustness_open_challenges,DailyDVS-200 is a major action-recognition benchmark needed to evaluate spiking event-recognition claims and dataset coverage.,,https://www.ecva.net/papers/eccv_2024/papers_ECCV/papers/11182.pdf,https://eccv.ecva.net/virtual/2024/poster/330,01-papers-by-conference/ECCV2024/B/2024-ECCV-B-dailydvs-200-a-comprehensive-benchmark-dataset-for-event-based-action-recognition.md
NeurIPS2024-3349,E-Motion: Future Motion Simulation via Event Sequence Diffusion,2024,NeurIPS,background,temporal_modeling;classification_recognition,E-Motion is a non-spiking event-sequence forecasting task that broadens event-side temporal modeling but is peripheral to the strict intersection.,Main Conference Track,https://papers.nips.cc/paper_files/paper/2024/file/be99227ef4a4de84bb45d7dc7b53f808-Paper-Conference.pdf,https://papers.nips.cc/paper_files/paper/2024/hash/be99227ef4a4de84bb45d7dc7b53f808-Abstract-Conference.html,01-papers-by-conference/NeurIPS2024/B/2024-NEURIPS-B-e-motion-future-motion-simulation-via-event-sequence-diffusion.md
ECCV2024-1843,EDformer: Transformer-Based Event Denoising Across Varied Noise Levels,2024,ECCV,background,event_to_spike;robustness_open_challenges;datasets_benchmarks,"ED24 and event-by-event denoising provide input-noise and robustness context for downstream SNN-event pipelines, but EDformer itself is non-spiking.",,https://www.ecva.net/papers/eccv_2024/papers_ECCV/papers/03905.pdf,https://eccv.ecva.net/virtual/2024/poster/1120,01-papers-by-conference/ECCV2024/B/2024-ECCV-B-edformer-transformer-based-event-denoising-across-varied-noise-levels.md
CVPR2024-1533,Efficient Meshflow and Optical Flow Estimation from Event Cameras,2024,CVPR,background,pose_depth_segmentation;efficiency_hardware;robustness_open_challenges,EEMFlow supplies an efficient non-SNN event optical-flow baseline and helps expose an application gap where SNN-event methods remain limited.,,https://openaccess.thecvf.com/content/CVPR2024/papers/Luo_Efficient_Meshflow_and_Optical_Flow_Estimation_from_Event_Cameras_CVPR_2024_paper.pdf,https://openaccess.thecvf.com/content/CVPR2024/html/Luo_Efficient_Meshflow_and_Optical_Flow_Estimation_from_Event_Cameras_CVPR_2024_paper.html,01-papers-by-conference/CVPR2024/B/2024-CVPR-B-efficient-meshflow-and-optical-flow-estimation-from-event-cameras.md
ECCV2024-0564,Efficient Training of Spiking Neural Networks with Multi-Parallel Implicit Stream Architecture,2024,ECCV,background,learning;temporal_modeling;efficiency_hardware,"MPIS-SNN supplies generic memory-efficient implicit SNN training context, but its event-camera involvement is limited to benchmark data rather than method design.",,https://www.ecva.net/papers/eccv_2024/papers_ECCV/papers/05068.pdf,https://eccv.ecva.net/virtual/2024/poster/1548,01-papers-by-conference/ECCV2024/C/2024-ECCV-C-efficient-training-of-spiking-neural-networks-with-multi-parallel-implicit-stream-architec.md
NeurIPS2024-3830,EGSST: Event-based Graph Spatiotemporal Sensitive Transformer for Object Detection,2024,NeurIPS,background,representation_slicing;temporal_modeling;detection;efficiency_hardware,"EGSST preserves asynchronous events as graphs for efficient detection and is useful event-side representation background, but it is non-spiking.",Main Conference Track,https://papers.nips.cc/paper_files/paper/2024/file/da733d44e4be3902d952d6c1ffcb7db6-Paper-Conference.pdf,https://papers.nips.cc/paper_files/paper/2024/hash/da733d44e4be3902d952d6c1ffcb7db6-Abstract-Conference.html,01-papers-by-conference/NeurIPS2024/B/2024-NEURIPS-B-egsst-event-based-graph-spatiotemporal-sensitive-transformer-for-object-detection.md
ICML2024-1239,Enhancing Adversarial Robustness in SNNs with Sparse Gradients,2024,ICML,background,robustness_open_challenges;learning,"Gradient-sparsity regularization supplies SNN robustness evidence and includes event-based datasets, but the method is generic rather than designed for event-camera processing.",,https://raw.githubusercontent.com/mlresearch/v235/main/assets/liu24f/liu24f.pdf,https://proceedings.mlr.press/v235/liu24f.html,01-papers-by-conference/ICML2024/C/2024-ICML-C-enhancing-adversarial-robustness-in-snns-with-sparse-gradients.md
NeurIPS2024-1637,EnOF-SNN: Training Accurate Spiking Neural Networks via Enhancing the Output Feature,2024,NeurIPS,background,learning;architecture,ANN-guided output-feature learning is generic SNN training and uses neuromorphic datasets only for evaluation.,Main Conference Track,https://papers.nips.cc/paper_files/paper/2024/file/5c6f928e3fc5f32ee29a1d916b68e6f5-Paper-Conference.pdf,https://papers.nips.cc/paper_files/paper/2024/hash/5c6f928e3fc5f32ee29a1d916b68e6f5-Abstract-Conference.html,01-papers-by-conference/NeurIPS2024/C/2024-NEURIPS-C-enof-snn-training-accurate-spiking-neural-networks-via-enhancing-the-output-feature.md
CVPR2024-0876,eTraM: Event-based Traffic Monitoring Dataset,2024,CVPR,background,detection;datasets_benchmarks;robustness_open_challenges,"eTraM is a substantial event-camera detection benchmark useful for task and dataset context, but it contributes no SNN architecture.",,https://openaccess.thecvf.com/content/CVPR2024/papers/Verma_eTraM_Event-based_Traffic_Monitoring_Dataset_CVPR_2024_paper.pdf,https://openaccess.thecvf.com/content/CVPR2024/html/Verma_eTraM_Event-based_Traffic_Monitoring_Dataset_CVPR_2024_paper.html,01-papers-by-conference/CVPR2024/B/2024-CVPR-B-etram-event-based-traffic-monitoring-dataset.md
ECCV2024-0732,Event Camera Data Dense Pre-training,2024,ECCV,background,learning;representation_slicing;pose_depth_segmentation,Event-specific self-supervised dense pre-training is useful for the survey's learning section and as a non-SNN baseline for sparse event features.,,https://www.ecva.net/papers/eccv_2024/papers_ECCV/papers/05986.pdf,https://eccv.ecva.net/virtual/2024/poster/1466,01-papers-by-conference/ECCV2024/B/2024-ECCV-B-event-camera-data-dense-pre-training.md
CVPR2024-0529,Event Stream-based Visual Object Tracking: A High-Resolution Benchmark Dataset and A Novel Baseline,2024,CVPR,background,tracking;datasets_benchmarks;learning,EventVOT and its event-only distilled tracker provide an important high-resolution non-SNN tracking benchmark and comparison point for spiking event trackers.,,https://openaccess.thecvf.com/content/CVPR2024/papers/Wang_Event_Stream-based_Visual_Object_Tracking_A_High-Resolution_Benchmark_Dataset_and_CVPR_2024_paper.pdf,https://openaccess.thecvf.com/content/CVPR2024/html/Wang_Event_Stream-based_Visual_Object_Tracking_A_High-Resolution_Benchmark_Dataset_and_CVPR_2024_paper.html,01-papers-by-conference/CVPR2024/B/2024-CVPR-B-event-stream-based-visual-object-tracking-a-high-resolution-benchmark-dataset-and-a-novel-.md
ECCV2024-0903,Event Trojan: Asynchronous Event-based Backdoor Attacks,2024,ECCV,background,robustness_open_challenges;event_to_spike,"Event Trojan establishes event-stream-specific backdoor threats that can support the limitations section, but it does not center on attacking SNN dynamics.",,https://www.ecva.net/papers/eccv_2024/papers_ECCV/papers/01155.pdf,https://eccv.ecva.net/virtual/2024/poster/2700,01-papers-by-conference/ECCV2024/B/2024-ECCV-B-event-trojan-asynchronous-event-based-backdoor-attacks.md
NeurIPS2024-4068,Event-3DGS: Event-based 3D Reconstruction Using 3D Gaussian Splatting,2024,NeurIPS,background,reconstruction_restoration;robustness_open_challenges,Event-3DGS supplies event-only 3D reconstruction and noise-handling evidence but does not involve SNNs.,Main Conference Track,https://papers.nips.cc/paper_files/paper/2024/file/e73ad1f690542144ce354637bb913c35-Paper-Conference.pdf,https://papers.nips.cc/paper_files/paper/2024/hash/e73ad1f690542144ce354637bb913c35-Abstract-Conference.html,01-papers-by-conference/NeurIPS2024/B/2024-NEURIPS-B-event-3dgs-event-based-3d-reconstruction-using-3d-gaussian-splatting.md
ECCV2024-1102,Event-based Head Pose Estimation: Benchmark and Method,2024,ECCV,background,pose_depth_segmentation;datasets_benchmarks;temporal_modeling,The HPE datasets and non-SNN spatiotemporal network provide task coverage and comparison evidence for future spiking event-pose methods.,,https://www.ecva.net/papers/eccv_2024/papers_ECCV/papers/02323.pdf,https://eccv.ecva.net/virtual/2024/poster/227,01-papers-by-conference/ECCV2024/B/2024-ECCV-B-event-based-head-pose-estimation-benchmark-and-method.md
ECCV2024-1397,EventBind: Learning a Unified Representation to Bind Them All for Event-based Open-world Understanding,2024,ECCV,background,representation_slicing;learning;classification_recognition,"EventBind explicitly learns event, image, and text representations for event-camera recognition and retrieval. It provides non-spiking cross-modal pretraining background rather than Core SNN-event evidence.",,https://www.ecva.net/papers/eccv_2024/papers_ECCV/papers/08931.pdf,https://eccv.ecva.net/virtual/2024/poster/1119,01-papers-by-conference/ECCV2024/B/2024-ECCV-B-eventbind-learning-a-unified-representation-to-bind-them-all-for-event-based-open-world-un.md
CVPR2024-0094,EventDance: Unsupervised Source-free Cross-modal Adaptation for Event-based Object Recognition,2024,CVPR,background,representation_slicing;learning;classification_recognition,"EventDance supplies event-specific cross-modal adaptation and multi-representation learning context, useful when contrasting how SNN-event models are trained, but it is non-spiking.",,https://openaccess.thecvf.com/content/CVPR2024/papers/Zheng_EventDance_Unsupervised_Source-free_Cross-modal_Adaptation_for_Event-based_Object_Recognition_CVPR_2024_paper.pdf,https://openaccess.thecvf.com/content/CVPR2024/html/Zheng_EventDance_Unsupervised_Source-free_Cross-modal_Adaptation_for_Event-based_Object_Recognition_CVPR_2024_paper.html,01-papers-by-conference/CVPR2024/B/2024-CVPR-B-eventdance-unsupervised-source-free-cross-modal-adaptation-for-event-based-object-recognit.md
CVPR2024-0588,EventEgo3D: 3D Human Motion Capture from Egocentric Event Streams,2024,CVPR,background,pose_depth_segmentation;representation_slicing;robustness_open_challenges,"EventEgo3D demonstrates an event-only pose task, LNES representation, and real-time deployment gap that can contextualize absent or emerging SNN solutions.",,https://openaccess.thecvf.com/content/CVPR2024/papers/Millerdurai_EventEgo3D_3D_Human_Motion_Capture_from_Egocentric_Event_Streams_CVPR_2024_paper.pdf,https://openaccess.thecvf.com/content/CVPR2024/html/Millerdurai_EventEgo3D_3D_Human_Motion_Capture_from_Egocentric_Event_Streams_CVPR_2024_paper.html,01-papers-by-conference/CVPR2024/B/2024-CVPR-B-eventego3d-3d-human-motion-capture-from-egocentric-event-streams.md
ICML2024-2069,EvGGS: A Collaborative Learning Framework for Event-based Generalizable Gaussian Splatting,2024,ICML,background,reconstruction_restoration;pose_depth_segmentation;datasets_benchmarks,EvGGS is an event-only 3D reconstruction and dataset paper; it can illustrate downstream event-camera capability but does not use SNNs.,,https://raw.githubusercontent.com/mlresearch/v235/main/assets/wang24w/wang24w.pdf,https://proceedings.mlr.press/v235/wang24w.html,01-papers-by-conference/ICML2024/B/2024-ICML-B-evggs-a-collaborative-learning-framework-for-event-based-generalizable-gaussian-splatting.md
ICML2024-0917,EvTexture: Event-driven Texture Enhancement for Video Super-Resolution,2024,ICML,background,reconstruction_restoration,"EvTexture demonstrates event-guided texture restoration as event-camera-side task background, without SNN or direct survey-intersection contribution.",,https://raw.githubusercontent.com/mlresearch/v235/main/assets/kai24a/kai24a.pdf,https://proceedings.mlr.press/v235/kai24a.html,01-papers-by-conference/ICML2024/B/2024-ICML-B-evtexture-event-driven-texture-enhancement-for-video-super-resolution.md
CVPR2024-0112,ExACT: Language-guided Conceptual Reasoning and Uncertainty Estimation for Event-based Action Recognition and More,2024,CVPR,background,representation_slicing;classification_recognition;learning,ExACT's adaptive event representation and temporal-semantic reasoning provide a strong non-SNN recognition baseline for comparison with spiking event recognition.,,https://openaccess.thecvf.com/content/CVPR2024/papers/Zhou_ExACT_Language-guided_Conceptual_Reasoning_and_Uncertainty_Estimation_for_Event-based_Action_CVPR_2024_paper.pdf,https://openaccess.thecvf.com/content/CVPR2024/html/Zhou_ExACT_Language-guided_Conceptual_Reasoning_and_Uncertainty_Estimation_for_Event-based_Action_CVPR_2024_paper.html,01-papers-by-conference/CVPR2024/B/2024-CVPR-B-exact-language-guided-conceptual-reasoning-and-uncertainty-estimation-for-event-based-acti.md
NeurIPS2024-3824,EyeGraph: Modularity-aware Spatio Temporal Graph Clustering for Continuous Event-based Eye Tracking,2024,NeurIPS,background,tracking;datasets_benchmarks;representation_slicing,"EyeGraph provides event-camera tracking, dataset, and dynamic-graph representation evidence on the event side, without SNNs.",Datasets and Benchmarks Track,https://papers.nips.cc/paper_files/paper/2024/file/d9d40ea135f064d9e49e0579e59ad773-Paper-Datasets_and_Benchmarks_Track.pdf,https://papers.nips.cc/paper_files/paper/2024/hash/d9d40ea135f064d9e49e0579e59ad773-Abstract-Datasets_and_Benchmarks_Track.html,01-papers-by-conference/NeurIPS2024/B/2024-NEURIPS-B-eyegraph-modularity-aware-spatio-temporal-graph-clustering-for-continuous-event-based-eye-.md
ECCV2024-0945,"FARSE-CNN: Fully Asynchronous, Recurrent and Sparse Event-Based CNN",2024,ECCV,background,architecture;temporal_modeling;efficiency_hardware;representation_slicing,FARSE-CNN is a strong fully asynchronous sparse non-SNN comparator that tests whether SNN event processing offers benefits beyond specialized recurrent sparse ANNs.,,https://www.ecva.net/papers/eccv_2024/papers_ECCV/papers/07037.pdf,https://eccv.ecva.net/virtual/2024/poster/1742,01-papers-by-conference/ECCV2024/B/2024-ECCV-B-farse-cnn-fully-asynchronous-recurrent-and-sparse-event-based-cnn.md
NeurIPS2024-2916,FEEL-SNN: Robust Spiking Neural Networks with Frequency Encoding and Evolutionary Leak Factor,2024,NeurIPS,background,robustness_open_challenges;event_to_spike;temporal_modeling,"FEEL-SNN develops frequency encoding and adaptive leak for generic SNN robustness, not event-camera processing.",Main Conference Track,https://papers.nips.cc/paper_files/paper/2024/file/a73474c359ed523e6cd3174ed29a4d56-Paper-Conference.pdf,https://papers.nips.cc/paper_files/paper/2024/hash/a73474c359ed523e6cd3174ed29a4d56-Abstract-Conference.html,01-papers-by-conference/NeurIPS2024/C/2024-NEURIPS-C-feel-snn-robust-spiking-neural-networks-with-frequency-encoding-and-evolutionary-leak-fact.md
ECCV2024-1083,Finding Meaning in Points: Weakly Supervised Semantic Segmentation for Event Cameras,2024,ECCV,background,learning;pose_depth_segmentation;robustness_open_challenges,"EV-WSSS supplies event-specific weak supervision and temporal dual-path learning context for dense tasks, but the model is non-spiking.",,https://www.ecva.net/papers/eccv_2024/papers_ECCV/papers/05674.pdf,https://eccv.ecva.net/virtual/2024/poster/391,01-papers-by-conference/ECCV2024/B/2024-ECCV-B-finding-meaning-in-points-weakly-supervised-semantic-segmentation-for-event-cameras.md
CVPR2024-2446,Frequency-aware Event-based Video Deblurring for Real-World Motion Blur,2024,CVPR,background,reconstruction_restoration;temporal_modeling;datasets_benchmarks,The frequency-aware event deblurring method supplies non-SNN temporal/frequency and real-data context for hybrid or spiking restoration papers.,,https://openaccess.thecvf.com/content/CVPR2024/papers/Kim_Frequency-aware_Event-based_Video_Deblurring_for_Real-World_Motion_Blur_CVPR_2024_paper.pdf,https://openaccess.thecvf.com/content/CVPR2024/html/Kim_Frequency-aware_Event-based_Video_Deblurring_for_Real-World_Motion_Blur_CVPR_2024_paper.html,01-papers-by-conference/CVPR2024/B/2024-CVPR-B-frequency-aware-event-based-video-deblurring-for-real-world-motion-blur.md
ECCV2024-1361,FTBC: Forward Temporal Bias Correction for Optimizing ANN-SNN Conversion,2024,ECCV,background,learning;architecture;efficiency_hardware,"FTBC is useful generic ANN-SNN conversion background for temporal bias and low-overhead conversion, but it has no event-camera-specific method design.",,https://www.ecva.net/papers/eccv_2024/papers_ECCV/papers/08702.pdf,https://eccv.ecva.net/virtual/2024/poster/437,01-papers-by-conference/ECCV2024/C/2024-ECCV-C-ftbc-forward-temporal-bias-correction-for-optimizing-ann-snn-conversion.md
CVPR2024-2039,Generalized Event Cameras,2024,CVPR,background,event_to_spike;robustness_open_challenges;efficiency_hardware,Generalized event generation at the sensor level is useful for discussing what information event-driven SNN pipelines receive and the limits of conventional brightness-change events.,,https://openaccess.thecvf.com/content/CVPR2024/papers/Sundar_Generalized_Event_Cameras_CVPR_2024_paper.pdf,https://openaccess.thecvf.com/content/CVPR2024/html/Sundar_Generalized_Event_Cameras_CVPR_2024_paper.html,01-papers-by-conference/CVPR2024/B/2024-CVPR-B-generalized-event-cameras.md
ICLR2024-0651,Hebbian Learning based Orthogonal Projection for Continual Learning of Spiking Neural Networks,2024,ICLR,background,learning,The paper supplies a generic SNN continual-learning mechanism but has no event-camera component; it is optional training background for future continual event-stream settings.,,https://proceedings.iclr.cc/paper_files/paper/2024/file/46b1be2b90c6addc84efdf5d7e90eebc-Paper-Conference.pdf,https://proceedings.iclr.cc/paper_files/paper/2024/hash/46b1be2b90c6addc84efdf5d7e90eebc-Abstract-Conference.html,01-papers-by-conference/ICLR2024/C/2024-ICLR-C-hebbian-learning-based-orthogonal-projection-for-continual-learning-of-spiking-neural-netw.md
ICML2024-0786,High-Performance Temporal Reversible Spiking Neural Networks with $\mathcalO(L)$ Training Memory and $\mathcalO(1)$ Inference Cost,2024,ICML,background,architecture;temporal_modeling;efficiency_hardware,"T-RevSNN addresses SNN training memory and inference cost through temporal reversibility, providing efficiency background without event streams.",,https://raw.githubusercontent.com/mlresearch/v235/main/assets/hu24q/hu24q.pdf,https://proceedings.mlr.press/v235/hu24q.html,01-papers-by-conference/ICML2024/C/2024-ICML-C-high-performance-temporal-reversible-spiking-neural-networks-with-mathcalo-l-training-memo.md
CVPR2024-1586,HPL-ESS: Hybrid Pseudo-Labeling for Unsupervised Event-based Semantic Segmentation,2024,CVPR,background,learning;pose_depth_segmentation;robustness_open_challenges,"HPL-ESS is a useful non-SNN example of event-label scarcity, reconstruction-derived pseudo labels, and domain adaptation for dense prediction.",,https://openaccess.thecvf.com/content/CVPR2024/papers/Jing_HPL-ESS_Hybrid_Pseudo-Labeling_for_Unsupervised_Event-based_Semantic_Segmentation_CVPR_2024_paper.pdf,https://openaccess.thecvf.com/content/CVPR2024/html/Jing_HPL-ESS_Hybrid_Pseudo-Labeling_for_Unsupervised_Event-based_Semantic_Segmentation_CVPR_2024_paper.html,01-papers-by-conference/CVPR2024/B/2024-CVPR-B-hpl-ess-hybrid-pseudo-labeling-for-unsupervised-event-based-semantic-segmentation.md
ECCV2024-0537,Integer-Valued Training and Spike-driven Inference Spiking Neural Network for High-performance and Energy-efficient Object Detection,2024,ECCV,background,architecture;learning;detection;efficiency_hardware,SpikeYOLO is a broadly applicable SNN detector whose integer-valued training and spike-driven inference are not designed around event streams; Gen1 is an evaluation dataset.,,https://www.ecva.net/papers/eccv_2024/papers_ECCV/papers/04704.pdf,https://eccv.ecva.net/virtual/2024/poster/150,01-papers-by-conference/ECCV2024/C/2024-ECCV-C-integer-valued-training-and-spike-driven-inference-spiking-neural-network-for-high-perform.md
NeurIPS2024-2249,LaSe-E2V: Towards Language-guided Semantic-aware Event-to-Video Reconstruction,2024,NeurIPS,background,reconstruction_restoration,"LaSe-E2V is event-camera reconstruction background showing semantic priors, with no SNN contribution.",Main Conference Track,https://papers.nips.cc/paper_files/paper/2024/file/823e43f5537d8c1894afd1f6ab00a927-Paper-Conference.pdf,https://papers.nips.cc/paper_files/paper/2024/hash/823e43f5537d8c1894afd1f6ab00a927-Abstract-Conference.html,01-papers-by-conference/NeurIPS2024/B/2024-NEURIPS-B-lase-e2v-towards-language-guided-semantic-aware-event-to-video-reconstruction.md
CVPR2024-2319,Latency Correction for Event-guided Deblurring and Frame Interpolation,2024,CVPR,background,event_to_spike;reconstruction_restoration;robustness_open_challenges,"Sensor latency variability and correction are relevant limitations for any temporally precise SNN-event pipeline, although the proposed restoration method is non-spiking.",,https://openaccess.thecvf.com/content/CVPR2024/papers/Yang_Latency_Correction_for_Event-guided_Deblurring_and_Frame_Interpolation_CVPR_2024_paper.pdf,https://openaccess.thecvf.com/content/CVPR2024/html/Yang_Latency_Correction_for_Event-guided_Deblurring_and_Frame_Interpolation_CVPR_2024_paper.html,01-papers-by-conference/CVPR2024/B/2024-CVPR-B-latency-correction-for-event-guided-deblurring-and-frame-interpolation.md
ICLR2024-0718,Learning Delays in Spiking Neural Networks using Dilated Convolutions with Learnable Spacings,2024,ICLR,background,temporal_modeling;learning,"Learnable synaptic delays provide useful SNN temporal-modeling background, although the experiments concern speech rather than event-camera streams.",,https://proceedings.iclr.cc/paper_files/paper/2024/file/4df1cc5a7528b7197ad8ae76ff30107a-Paper-Conference.pdf,https://proceedings.iclr.cc/paper_files/paper/2024/hash/4df1cc5a7528b7197ad8ae76ff30107a-Abstract-Conference.html,01-papers-by-conference/ICLR2024/C/2024-ICLR-C-learning-delays-in-spiking-neural-networks-using-dilated-convolutions-with-learnable-spaci.md
ICML2024-2373,Learning Scale-Aware Spatio-temporal Implicit Representation for Event-based Motion Deblurring,2024,ICML,background,reconstruction_restoration;temporal_modeling,"SASNet is event-camera-side deblurring with continuous spatial-temporal scale modeling, useful as a task example but not an SNN contribution.",,https://raw.githubusercontent.com/mlresearch/v235/main/assets/yu24g/yu24g.pdf,https://proceedings.mlr.press/v235/yu24g.html,01-papers-by-conference/ICML2024/B/2024-ICML-B-learning-scale-aware-spatio-temporal-implicit-representation-for-event-based-motion-deblur.md
CVPR2024-0028,LED: A Large-scale Real-world Paired Dataset for Event Camera Denoising,2024,CVPR,background,datasets_benchmarks;event_to_spike;robustness_open_challenges,"LED provides a major real event-denoising dataset and a LIF-based baseline, useful for noise and preprocessing discussion, but SNN is auxiliary rather than the paper's main contribution.",,https://openaccess.thecvf.com/content/CVPR2024/papers/Duan_LED_A_Large-scale_Real-world_Paired_Dataset_for_Event_Camera_Denoising_CVPR_2024_paper.pdf,https://openaccess.thecvf.com/content/CVPR2024/html/Duan_LED_A_Large-scale_Real-world_Paired_Dataset_for_Event_Camera_Denoising_CVPR_2024_paper.html,01-papers-by-conference/CVPR2024/B/2024-CVPR-B-led-a-large-scale-real-world-paired-dataset-for-event-camera-denoising.md
CVPR2024-1568,LEOD: Label-Efficient Object Detection for Event Cameras,2024,CVPR,background,detection;learning;datasets_benchmarks,LEOD supplies strong event-specific label-efficient detection and temporal-consistency context for comparing how spiking detectors are trained.,,https://openaccess.thecvf.com/content/CVPR2024/papers/Wu_LEOD_Label-Efficient_Object_Detection_for_Event_Cameras_CVPR_2024_paper.pdf,https://openaccess.thecvf.com/content/CVPR2024/html/Wu_LEOD_Label-Efficient_Object_Detection_for_Event_Cameras_CVPR_2024_paper.html,01-papers-by-conference/CVPR2024/B/2024-CVPR-B-leod-label-efficient-object-detection-for-event-cameras.md
NeurIPS2024-3232,LM-HT SNN: Enhancing the Performance of SNN to ANN Counterpart through Learnable Multi-hierarchical Threshold Model,2024,NeurIPS,background,architecture;learning;efficiency_hardware,LM-HT contributes multi-threshold SNN and conversion theory but no event-stream-specific design.,Main Conference Track,https://papers.nips.cc/paper_files/paper/2024/file/b8bf2c0dd0b48511889b7d3b2c5fc8f5-Paper-Conference.pdf,https://papers.nips.cc/paper_files/paper/2024/hash/b8bf2c0dd0b48511889b7d3b2c5fc8f5-Abstract-Conference.html,01-papers-by-conference/NeurIPS2024/C/2024-NEURIPS-C-lm-ht-snn-enhancing-the-performance-of-snn-to-ann-counterpart-through-learnable-multi-hier.md
ICLR2024-0476,LMUFormer: Low Complexity Yet Powerful Spiking Model With Legendre Memory Units,2024,ICLR,background,temporal_modeling;architecture;efficiency_hardware,"LMUFormer is useful background on long-memory, streaming spiking sequence models, but it does not process event-camera data.",,https://proceedings.iclr.cc/paper_files/paper/2024/file/3353b22e6b85a76d45d6b01aa4328be5-Paper-Conference.pdf,https://proceedings.iclr.cc/paper_files/paper/2024/hash/3353b22e6b85a76d45d6b01aa4328be5-Abstract-Conference.html,01-papers-by-conference/ICLR2024/C/2024-ICLR-C-lmuformer-low-complexity-yet-powerful-spiking-model-with-legendre-memory-units.md
ECCV2024-0794,Motion Aware Event Representation-driven Image Deblurring,2024,ECCV,background,representation_slicing;temporal_modeling;reconstruction_restoration,Its order-sensitive event accumulation and multi-timescale recurrence provide non-SNN representation and temporal baselines for spiking restoration methods.,,https://www.ecva.net/papers/eccv_2024/papers_ECCV/papers/06299.pdf,https://eccv.ecva.net/virtual/2024/poster/1001,01-papers-by-conference/ECCV2024/B/2024-ECCV-B-motion-aware-event-representation-driven-image-deblurring.md
ICML2024-0876,NDOT: Neuronal Dynamics-based Online Training for Spiking Neural Networks,2024,ICML,background,learning;temporal_modeling;efficiency_hardware,NDOT supplies an online alternative to BPTT for SNN temporal credit assignment; CIFAR10-DVS is benchmark evidence rather than event-specific method design.,,https://raw.githubusercontent.com/mlresearch/v235/main/assets/jiang24a/jiang24a.pdf,https://proceedings.mlr.press/v235/jiang24a.html,01-papers-by-conference/ICML2024/C/2024-ICML-C-ndot-neuronal-dynamics-based-online-training-for-spiking-neural-networks.md
NeurIPS2024-3371,Neuronal Competition Groups with Supervised STDP for Spike-Based Classification,2024,NeurIPS,background,learning;classification_recognition,"Supervised STDP competition provides local-learning background for SNN classification, without event-camera evidence.",Main Conference Track,https://papers.nips.cc/paper_files/paper/2024/file/bfe593e151614c691323c08c0079c1f6-Paper-Conference.pdf,https://papers.nips.cc/paper_files/paper/2024/hash/bfe593e151614c691323c08c0079c1f6-Abstract-Conference.html,01-papers-by-conference/NeurIPS2024/C/2024-NEURIPS-C-neuronal-competition-groups-with-supervised-stdp-for-spike-based-classification.md
ICLR2024-2088,Online Stabilization of Spiking Neural Networks,2024,ICLR,background,learning;temporal_modeling,"Online SNN normalization and firing-rate stabilization support the survey's training discussion, without constituting event-stream integration.",,https://proceedings.iclr.cc/paper_files/paper/2024/file/eb261df4322a8bd0a73093c4d8a0d02d-Paper-Conference.pdf,https://proceedings.iclr.cc/paper_files/paper/2024/hash/eb261df4322a8bd0a73093c4d8a0d02d-Abstract-Conference.html,01-papers-by-conference/ICLR2024/C/2024-ICLR-C-online-stabilization-of-spiking-neural-networks.md
CVPR2024-1232,OpenESS: Event-based Semantic Scene Understanding with Open Vocabularies,2024,CVPR,background,learning;pose_depth_segmentation;classification_recognition,OpenESS provides non-SNN foundation-model distillation and annotation-efficient event learning context relevant to future SNN-event training comparisons.,,https://openaccess.thecvf.com/content/CVPR2024/papers/Kong_OpenESS_Event-based_Semantic_Scene_Understanding_with_Open_Vocabularies_CVPR_2024_paper.pdf,https://openaccess.thecvf.com/content/CVPR2024/html/Kong_OpenESS_Event-based_Semantic_Scene_Understanding_with_Open_Vocabularies_CVPR_2024_paper.html,01-papers-by-conference/CVPR2024/B/2024-CVPR-B-openess-event-based-semantic-scene-understanding-with-open-vocabularies.md
ECCV2024-1884,Physical-Based Event Camera Simulator,2024,ECCV,background,event_to_spike;datasets_benchmarks;robustness_open_challenges,"PECS is useful for discussing simulation fidelity and synthetic event data used to train or evaluate SNN-event systems, but it is not a spiking model.",,https://www.ecva.net/papers/eccv_2024/papers_ECCV/papers/06110.pdf,https://eccv.ecva.net/virtual/2024/poster/2117,01-papers-by-conference/ECCV2024/B/2024-ECCV-B-physical-based-event-camera-simulator.md
NeurIPS2024-2307,PPLNs: Parametric Piecewise Linear Networks for Event-Based Temporal Modeling and Beyond,2024,NeurIPS,background,temporal_modeling;architecture;classification_recognition;pose_depth_segmentation;reconstruction_restoration,"The PDF explicitly distinguishes PPLNs from SNNs: PPLNs propagate real-valued outputs and target GPU temporal inference, so they are non-spiking event-camera background.",Main Conference Track,https://papers.nips.cc/paper_files/paper/2024/file/84ca3f2d9d9bfca13f69b48ea63eb4a5-Paper-Conference.pdf,https://papers.nips.cc/paper_files/paper/2024/hash/84ca3f2d9d9bfca13f69b48ea63eb4a5-Abstract-Conference.html,01-papers-by-conference/NeurIPS2024/B/2024-NEURIPS-B-pplns-parametric-piecewise-linear-networks-for-event-based-temporal-modeling-and-beyond.md
NeurIPS2024-0416,QKFormer: Hierarchical Spiking Transformer using Q-K Attention,2024,NeurIPS,background,architecture;efficiency_hardware,QKFormer is a major directly trained Spiking Transformer backbone but has no event-camera integration in the abstract.,Main Conference Track,https://papers.nips.cc/paper_files/paper/2024/file/179f5dcdeedc149443ebd3ba70811dbd-Paper-Conference.pdf,https://papers.nips.cc/paper_files/paper/2024/hash/179f5dcdeedc149443ebd3ba70811dbd-Abstract-Conference.html,01-papers-by-conference/NeurIPS2024/C/2024-NEURIPS-C-qkformer-hierarchical-spiking-transformer-using-q-k-attention.md
NeurIPS2024-2942,Rethinking the Membrane Dynamics and Optimization Objectives of Spiking Neural Networks,2024,NeurIPS,background,temporal_modeling;learning;event_to_spike,Learnable initial membrane potential and temporal objectives are useful SNN dynamics background; DVS datasets are benchmark-only.,Main Conference Track,https://papers.nips.cc/paper_files/paper/2024/file/a867a94a427bacbe3f4de16c7ac10ba8-Paper-Conference.pdf,https://papers.nips.cc/paper_files/paper/2024/hash/a867a94a427bacbe3f4de16c7ac10ba8-Abstract-Conference.html,01-papers-by-conference/NeurIPS2024/C/2024-NEURIPS-C-rethinking-the-membrane-dynamics-and-optimization-objectives-of-spiking-neural-networks.md
ECCV2024-0932,Revisit Event Generation Model: Self-Supervised Learning of Event-to-Video Reconstruction with Implicit Neural Representations,2024,ECCV,background,event_to_spike;learning;reconstruction_restoration,"EvINR supplies a physically grounded non-SNN reconstruction baseline based directly on the event-generation equation, useful for contrasting learned spike representations.",,https://www.ecva.net/papers/eccv_2024/papers_ECCV/papers/06586.pdf,https://eccv.ecva.net/virtual/2024/poster/1389,01-papers-by-conference/ECCV2024/B/2024-ECCV-B-revisit-event-generation-model-self-supervised-learning-of-event-to-video-reconstruction-w.md
NeurIPS2024-2835,Revisiting motion information for RGB-Event tracking with MOT philosophy,2024,NeurIPS,background,tracking;temporal_modeling,"This RGB-event tracker shows how event motion cues solve temporal association, serving as non-spiking task background.",Main Conference Track,https://papers.nips.cc/paper_files/paper/2024/file/a29f0fc2127c9d8cb1c9d86e423241af-Paper-Conference.pdf,https://papers.nips.cc/paper_files/paper/2024/hash/a29f0fc2127c9d8cb1c9d86e423241af-Abstract-Conference.html,01-papers-by-conference/NeurIPS2024/B/2024-NEURIPS-B-revisiting-motion-information-for-rgb-event-tracking-with-mot-philosophy.md
ICML2024-0438,Robust Stable Spiking Neural Networks,2024,ICML,background,robustness_open_challenges;temporal_modeling,"The stability analysis of LIF perturbation dynamics supports SNN robustness foundations, but only image classification is evaluated.",,https://raw.githubusercontent.com/mlresearch/v235/main/assets/ding24e/ding24e.pdf,https://proceedings.mlr.press/v235/ding24e.html,01-papers-by-conference/ICML2024/C/2024-ICML-C-robust-stable-spiking-neural-networks.md
CVPR2024-1902,Scene Adaptive Sparse Transformer for Event-based Object Detection,2024,CVPR,background,detection;efficiency_hardware;representation_slicing,SAST is a strong non-SNN sparse event-detector baseline for evaluating whether spiking detection gains persist against adaptive sparse Transformers.,,https://openaccess.thecvf.com/content/CVPR2024/papers/Peng_Scene_Adaptive_Sparse_Transformer_for_Event-based_Object_Detection_CVPR_2024_paper.pdf,https://openaccess.thecvf.com/content/CVPR2024/html/Peng_Scene_Adaptive_Sparse_Transformer_for_Event-based_Object_Detection_CVPR_2024_paper.html,01-papers-by-conference/CVPR2024/B/2024-CVPR-B-scene-adaptive-sparse-transformer-for-event-based-object-detection.md
CVPR2024-0940,Seeing Motion at Nighttime with an Event Camera,2024,CVPR,background,reconstruction_restoration;event_to_spike;robustness_open_challenges,"Nighttime event timestamp distortion and reconstruction provide useful input-quality and robustness context for SNN-event systems, though the network is non-spiking.",,https://openaccess.thecvf.com/content/CVPR2024/papers/Liu_Seeing_Motion_at_Nighttime_with_an_Event_Camera_CVPR_2024_paper.pdf,https://openaccess.thecvf.com/content/CVPR2024/html/Liu_Seeing_Motion_at_Nighttime_with_an_Event_Camera_CVPR_2024_paper.html,01-papers-by-conference/CVPR2024/B/2024-CVPR-B-seeing-motion-at-nighttime-with-an-event-camera.md
CVPR2024-2406,Segment Any Event Streams via Weighted Adaptation of Pivotal Tokens,2024,CVPR,background,learning;pose_depth_segmentation;classification_recognition,"EventSAM provides a non-SNN foundation-model adaptation baseline for event segmentation and representation alignment, relevant to training comparisons rather than the intersection core.",,https://openaccess.thecvf.com/content/CVPR2024/papers/Chen_Segment_Any_Event_Streams_via_Weighted_Adaptation_of_Pivotal_Tokens_CVPR_2024_paper.pdf,https://openaccess.thecvf.com/content/CVPR2024/html/Chen_Segment_Any_Event_Streams_via_Weighted_Adaptation_of_Pivotal_Tokens_CVPR_2024_paper.html,01-papers-by-conference/CVPR2024/B/2024-CVPR-B-segment-any-event-streams-via-weighted-adaptation-of-pivotal-tokens.md
ICML2024-1565,Sign Gradient Descent-based Neuronal Dynamics: ANN-to-SNN Conversion Beyond ReLU Network,2024,ICML,background,learning;architecture;efficiency_hardware,"SignGD neuronal dynamics advances low-timestep ANN-to-SNN conversion beyond ReLU and belongs in conversion background, not event-camera integration.",,https://raw.githubusercontent.com/mlresearch/v235/main/assets/oh24b/oh24b.pdf,https://proceedings.mlr.press/v235/oh24b.html,01-papers-by-conference/ICML2024/C/2024-ICML-C-sign-gradient-descent-based-neuronal-dynamics-ann-to-snn-conversion-beyond-relu-network.md
ICLR2024-0723,Sparse Spiking Neural Network: Exploiting Heterogeneity in Timescales for Pruning Recurrent SNN,2024,ICLR,background,architecture;efficiency_hardware;temporal_modeling,"Task-agnostic recurrent-SNN pruning supplies sparsity and temporal-dynamics background, but no event-camera evidence.",,https://proceedings.iclr.cc/paper_files/paper/2024/file/4e5f5e4504759e3957e3eef2a44a535e-Paper-Conference.pdf,https://proceedings.iclr.cc/paper_files/paper/2024/hash/4e5f5e4504759e3957e3eef2a44a535e-Abstract-Conference.html,01-papers-by-conference/ICLR2024/C/2024-ICLR-C-sparse-spiking-neural-network-exploiting-heterogeneity-in-timescales-for-pruning-recurrent.md
ICLR2024-1522,Spatio-Temporal Approximation: A Training-Free SNN Conversion for Transformers,2024,ICLR,background,architecture;learning;efficiency_hardware,"Training-free Transformer-to-SNN conversion is relevant to the conversion branch of an SNN survey, but it uses pretrained static-vision Transformers rather than event streams.",,https://proceedings.iclr.cc/paper_files/paper/2024/file/a875c5600e933e56aad7d63439b11b35-Paper-Conference.pdf,https://proceedings.iclr.cc/paper_files/paper/2024/hash/a875c5600e933e56aad7d63439b11b35-Abstract-Conference.html,01-papers-by-conference/ICLR2024/C/2024-ICLR-C-spatio-temporal-approximation-a-training-free-snn-conversion-for-transformers.md
ICLR2024-2070,Spike-driven Transformer V2: Meta Spiking Neural Network Architecture Inspiring the Design of Next-generation Neuromorphic Chips,2024,ICLR,background,architecture;efficiency_hardware;detection;pose_depth_segmentation,"Meta-SpikeFormer is a major general-purpose directly trained SNN backbone and hardware-design reference, but the abstract provides no event-camera integration.",,https://proceedings.iclr.cc/paper_files/paper/2024/file/e9882f7f7c44a10acc01132302bac9d8-Paper-Conference.pdf,https://proceedings.iclr.cc/paper_files/paper/2024/hash/e9882f7f7c44a10acc01132302bac9d8-Abstract-Conference.html,01-papers-by-conference/ICLR2024/C/2024-ICLR-C-spike-driven-transformer-v2-meta-spiking-neural-network-architecture-inspiring-the-design-.md
NeurIPS2024-2151,SpikedAttention: Training-Free and Fully Spike-Driven Transformer-to-SNN Conversion with Winner-Oriented Spike Shift for Softmax Operation,2024,NeurIPS,background,architecture;learning;efficiency_hardware,SpikedAttention is important Transformer-to-SNN conversion and energy background but does not use event cameras.,Main Conference Track,https://papers.nips.cc/paper_files/paper/2024/file/7c9341ad0263428b5057d92f4d88dfa0-Paper-Conference.pdf,https://papers.nips.cc/paper_files/paper/2024/hash/7c9341ad0263428b5057d92f4d88dfa0-Abstract-Conference.html,01-papers-by-conference/NeurIPS2024/C/2024-NEURIPS-C-spikedattention-training-free-and-fully-spike-driven-transformer-to-snn-conversion-with-wi.md
ICML2024-2366,SpikeZIP-TF: Conversion is All You Need for Transformer-based SNN,2024,ICML,background,learning;architecture;efficiency_hardware,Exact Transformer-to-SNN conversion supports the survey's conversion taxonomy but has no event-camera component.,,https://raw.githubusercontent.com/mlresearch/v235/main/assets/you24b/you24b.pdf,https://proceedings.mlr.press/v235/you24b.html,01-papers-by-conference/ICML2024/C/2024-ICML-C-spikezip-tf-conversion-is-all-you-need-for-transformer-based-snn.md
NeurIPS2024-4091,Spiking Token Mixer: An event-driven friendly Former structure for spiking neural networks,2024,NeurIPS,background,architecture;efficiency_hardware,"STMixer is a hardware-compatible generic SNN architecture, not an event-camera method despite its event-driven terminology.",Main Conference Track,https://papers.nips.cc/paper_files/paper/2024/file/e8c20cafe841cba3e31a17488dc9c3f1-Paper-Conference.pdf,https://papers.nips.cc/paper_files/paper/2024/hash/e8c20cafe841cba3e31a17488dc9c3f1-Abstract-Conference.html,01-papers-by-conference/NeurIPS2024/C/2024-NEURIPS-C-spiking-token-mixer-an-event-driven-friendly-former-structure-for-spiking-neural-networks.md
NeurIPS2024-0322,Spiking Transformer with Experts Mixture,2024,NeurIPS,background,architecture;efficiency_hardware,Spiking MoE supplies sparse conditional-computation background but only generic neuromorphic/static benchmarks.,Main Conference Track,https://papers.nips.cc/paper_files/paper/2024/file/137101016144540ed3191dc2b02f09a5-Paper-Conference.pdf,https://papers.nips.cc/paper_files/paper/2024/hash/137101016144540ed3191dc2b02f09a5-Abstract-Conference.html,01-papers-by-conference/NeurIPS2024/C/2024-NEURIPS-C-spiking-transformer-with-experts-mixture.md
ECCV2024-1484,Spiking Wavelet Transformer,2024,ECCV,background,architecture;temporal_modeling;efficiency_hardware,"SWformer supplies generic frequency-aware spiking architecture and neuromorphic benchmark context, but it is not designed around event-camera input processing.",,https://www.ecva.net/papers/eccv_2024/papers_ECCV/papers/09680.pdf,https://eccv.ecva.net/virtual/2024/poster/2545,01-papers-by-conference/ECCV2024/C/2024-ECCV-C-spiking-wavelet-transformer.md
CVPR2024-1901,SpikingResformer: Bridging ResNet and Vision Transformer in Spiking Neural Networks,2024,CVPR,background,architecture;efficiency_hardware,"SpikingResformer is a strong generic SNN architecture and energy baseline, but it does not primarily process event-camera data.",,https://openaccess.thecvf.com/content/CVPR2024/papers/Shi_SpikingResformer_Bridging_ResNet_and_Vision_Transformer_in_Spiking_Neural_Networks_CVPR_2024_paper.pdf,https://openaccess.thecvf.com/content/CVPR2024/html/Shi_SpikingResformer_Bridging_ResNet_and_Vision_Transformer_in_Spiking_Neural_Networks_CVPR_2024_paper.html,01-papers-by-conference/CVPR2024/C/2024-CVPR-C-spikingresformer-bridging-resnet-and-vision-transformer-in-spiking-neural-networks.md
CVPR2024-1053,State Space Models for Event Cameras,2024,CVPR,background,temporal_modeling;detection;robustness_open_challenges,The event-camera SSM establishes frequency-robust temporal memory as a non-spiking comparator for SNN state dynamics and deployment at varying event windows.,,https://openaccess.thecvf.com/content/CVPR2024/papers/Zubic_State_Space_Models_for_Event_Cameras_CVPR_2024_paper.pdf,https://openaccess.thecvf.com/content/CVPR2024/html/Zubic_State_Space_Models_for_Event_Cameras_CVPR_2024_paper.html,01-papers-by-conference/CVPR2024/B/2024-CVPR-B-state-space-models-for-event-cameras.md
ICLR2024-0272,TAB: Temporal Accumulated Batch Normalization in Spiking Neural Networks,2024,ICLR,background,learning;temporal_modeling,"TAB addresses temporal covariate shift in SNN training and includes DVS-CIFAR10 only as a benchmark, so it is SNN-side background rather than an intersection paper.",,https://proceedings.iclr.cc/paper_files/paper/2024/file/1bd8cfc0e4c53869b7f1d0ed4b1e78e1-Paper-Conference.pdf,https://proceedings.iclr.cc/paper_files/paper/2024/hash/1bd8cfc0e4c53869b7f1d0ed4b1e78e1-Abstract-Conference.html,01-papers-by-conference/ICLR2024/C/2024-ICLR-C-tab-temporal-accumulated-batch-normalization-in-spiking-neural-networks.md
NeurIPS2024-0783,Take A Shortcut Back: Mitigating the Gradient Vanishing for Training Spiking Neural Networks,2024,NeurIPS,background,learning,Shortcut backpropagation addresses generic SNN gradient vanishing; dynamic datasets do not make it event-specific.,Main Conference Track,https://papers.nips.cc/paper_files/paper/2024/file/2c37c5bcef24b9541550261dcd63261b-Paper-Conference.pdf,https://papers.nips.cc/paper_files/paper/2024/hash/2c37c5bcef24b9541550261dcd63261b-Abstract-Conference.html,01-papers-by-conference/NeurIPS2024/C/2024-NEURIPS-C-take-a-shortcut-back-mitigating-the-gradient-vanishing-for-training-spiking-neural-network.md
ECCV2024-2228,Temporal-Mapping Photography for Event Cameras,2024,ECCV,background,event_to_spike;efficiency_hardware;robustness_open_challenges,"EvTemMap changes event generation and readout through hardware, useful for discussing sensor-to-SNN information interfaces and assumptions.",,https://www.ecva.net/papers/eccv_2024/papers_ECCV/papers/07171.pdf,https://eccv.ecva.net/virtual/2024/poster/1000,01-papers-by-conference/ECCV2024/B/2024-ECCV-B-temporal-mapping-photography-for-event-cameras.md
ICLR2024-2175,Threaten Spiking Neural Networks through Combining Rate and Temporal Information,2024,ICLR,background,robustness_open_challenges;temporal_modeling,"HART reveals rate-versus-timing vulnerabilities across SNN data types and supports a focused robustness discussion, but it does not develop event-camera processing.",,https://proceedings.iclr.cc/paper_files/paper/2024/file/f5c530d3f287c43dccfca298698e9254-Paper-Conference.pdf,https://proceedings.iclr.cc/paper_files/paper/2024/hash/f5c530d3f287c43dccfca298698e9254-Abstract-Conference.html,01-papers-by-conference/ICLR2024/C/2024-ICLR-C-threaten-spiking-neural-networks-through-combining-rate-and-temporal-information.md
ICML2024-1168,Towards efficient deep spiking neural networks construction with spiking activity based pruning,2024,ICML,background,architecture;efficiency_hardware,"Activity-based structured SNN pruning contributes general efficiency background, without event-camera processing or distinctive temporal-stream evidence.",,https://raw.githubusercontent.com/mlresearch/v235/main/assets/li24bz/li24bz.pdf,https://proceedings.mlr.press/v235/li24bz.html,01-papers-by-conference/ICML2024/C/2024-ICML-C-towards-efficient-deep-spiking-neural-networks-construction-with-spiking-activity-based-pr.md
ICML2024-2598,Towards Efficient Spiking Transformer: a Token Sparsification Framework for Training and Inference Acceleration,2024,ICML,background,architecture;efficiency_hardware;temporal_modeling,"STATA addresses timestep-aware token sparsification in Spiking Transformers and supplies efficiency evidence, but not event-camera integration.",,https://raw.githubusercontent.com/mlresearch/v235/main/assets/zhuge24b/zhuge24b.pdf,https://proceedings.mlr.press/v235/zhuge24b.html,01-papers-by-conference/ICML2024/C/2024-ICML-C-towards-efficient-spiking-transformer-a-token-sparsification-framework-for-training-and-in.md
ICLR2024-1982,Towards Energy Efficient Spiking Neural Networks: An Unstructured Pruning Framework,2024,ICLR,background,efficiency_hardware;architecture,"SNN neuron and weight pruning provides useful efficiency evidence and cautions about dense-model redundancy, without event-camera integration.",,https://proceedings.iclr.cc/paper_files/paper/2024/file/dd3c889922df2112a5b1769e3c19e28e-Paper-Conference.pdf,https://proceedings.iclr.cc/paper_files/paper/2024/hash/dd3c889922df2112a5b1769e3c19e28e-Abstract-Conference.html,01-papers-by-conference/ICLR2024/C/2024-ICLR-C-towards-energy-efficient-spiking-neural-networks-an-unstructured-pruning-framework.md
ECCV2024-1328,Towards Robust Event-based Networks for Nighttime via Unpaired Day-to-Night Event Translation,2024,ECCV,background,learning;robustness_open_challenges;event_to_spike,"Day-to-night event translation provides event-specific domain-shift and data-generation context for robustness of SNN-event systems, while remaining non-spiking.",,https://www.ecva.net/papers/eccv_2024/papers_ECCV/papers/08432.pdf,https://eccv.ecva.net/virtual/2024/poster/2482,01-papers-by-conference/ECCV2024/B/2024-ECCV-B-towards-robust-event-based-networks-for-nighttime-via-unpaired-day-to-night-event-translat.md
CVPR2024-1718,TTA-EVF: Test-Time Adaptation for Event-based Video Frame Interpolation via Reliable Pixel and Sample Estimation,2024,CVPR,background,learning;reconstruction_restoration;robustness_open_challenges,"Test-time adaptation under event-camera domain shift is relevant training and deployment background, but TTA-EVF itself is non-spiking.",,https://openaccess.thecvf.com/content/CVPR2024/papers/Cho_TTA-EVF_Test-Time_Adaptation_for_Event-based_Video_Frame_Interpolation_via_Reliable_CVPR_2024_paper.pdf,https://openaccess.thecvf.com/content/CVPR2024/html/Cho_TTA-EVF_Test-Time_Adaptation_for_Event-based_Video_Frame_Interpolation_via_Reliable_CVPR_2024_paper.html,01-papers-by-conference/CVPR2024/B/2024-CVPR-B-tta-evf-test-time-adaptation-for-event-based-video-frame-interpolation-via-reliable-pixel-.md
NeurIPS2024-0423,Zero-Shot Event-Intensity Asymmetric Stereo via Visual Prompting from Image Domain,2024,NeurIPS,background,pose_depth_segmentation;event_to_spike,Zero-shot event-image stereo is non-spiking event-camera depth background with useful cross-modal transfer evidence.,Main Conference Track,https://papers.nips.cc/paper_files/paper/2024/file/17f21a0a111c9e3a4cd96708d30064f2-Paper-Conference.pdf,https://papers.nips.cc/paper_files/paper/2024/hash/17f21a0a111c9e3a4cd96708d30064f2-Abstract-Conference.html,01-papers-by-conference/NeurIPS2024/B/2024-NEURIPS-B-zero-shot-event-intensity-asymmetric-stereo-via-visual-prompting-from-image-domain.md
